date,sno,symbol,conf,open,high,low,close,ltp,close_ltp_diff,close_ltp_pct,vwap,volume,prev_close,turnover,transactions,Diff,Range,Diff %,Range %,VWAP %,52 Weeks High,52 Weeks Low,120 Days,180 Days
2015-01-01,1,ADBL,,476.0,485.0,470.0,479.0,479.0,0.0,0.0,476.21,2695.0,476.0,1283385.0,20,3.0,15.0,0.0,3.19,0.58,0.0,0.0,,
2015-01-01,2,AHPC,,362.0,365.0,360.0,360.0,360.0,0.0,0.0,362.18,2812.0,362.0,1018448.0,7,-2.0,5.0,0.0,1.39,-0.61,0.0,0.0,,
2015-01-01,3,AIC,,390.0,400.0,390.0,400.0,400.0,0.0,0.0,395.18,1061.0,390.0,419282.0,3,10.0,10.0,0.0,2.56,1.21,0.0,0.0,,
2015-01-01,4,ALICL,,1120.0,1142.0,1111.0,1112.0,1112.0,0.0,0.0,1124.03,1619.0,1120.0,1819799.0,14,-8.0,31.0,0.0,2.79,-1.08,0.0,0.0,,
2015-01-01,5,APEX,,115.0,122.0,114.0,122.0,122.0,0.0,0.0,117.81,13099.0,115.0,1543191.0,72,7.0,8.0,0.0,7.02,3.43,0.0,0.0,,
2015-01-01,6,ARDBL,,145.0,145.0,141.0,141.0,141.0,0.0,0.0,142.78,1434.0,145.0,204744.0,19,-4.0,4.0,0.0,2.84,-1.26,0.0,0.0,,
2015-01-01,7,BBC,,1862.0,1890.0,1890.0,1890.0,1890.0,0.0,0.0,1890.0,50.0,1862.0,94500.0,1,28.0,0.0,0.0,0.0,0.0,0.0,0.0,,
2015-01-01,8,BHBL,,148.0,162.0,150.0,162.0,162.0,0.0,0.0,159.49,2430.0,148.0,387570.0,11,14.0,12.0,0.0,8.0,1.55,0.0,0.0,,
2015-01-01,9,BLDBL,,355.0,350.0,350.0,350.0,350.0,0.0,0.0,350.0,45.0,355.0,15750.0,1,-5.0,0.0,0.0,0.0,0.0,0.0,0.0,,
2015-01-01,10,BPCL,,574.0,563.0,555.0,555.0,555.0,0.0,0.0,559.88,1405.0,574.0,786625.0,6,-19.0,8.0,0.0,1.44,-0.88,0.0,0.0,,
2015-01-01,11,BUDBL,,182.0,185.0,185.0,185.0,185.0,0.0,0.0,185.0,908.0,182.0,167980.0,1,3.0,0.0,0.0,0.0,0.0,0.0,0.0,,
2015-01-01,12,CBBL,,1274.0,1305.0,1275.0,1290.0,1290.0,0.0,0.0,1288.38,2019.0,1274.0,2601230.0,12,16.0,30.0,0.0,2.35,0.13,0.0,0.0,,
2015-01-01,13,CBL,,273.0,278.0,270.0,273.0,273.0,0.0,0.0,272.71,13291.0,273.0,3624612.0,48,0.0,8.0,0.0,2.96,0.11,0.0,0.0,,
2015-01-01,14,CCBL,,281.0,283.0,277.0,282.0,282.0,0.0,0.0,281.03,12928.0,281.0,3633156.0,197,1.0,6.0,0.0,2.17,0.34,0.0,0.0,,
2015-01-01,15,CDBL,,316.0,322.0,312.0,312.0,312.0,0.0,0.0,317.74,780.0,316.0,247835.0,7,-4.0,10.0,0.0,3.21,-1.84,0.0,0.0,,
2015-01-01,16,CHCL,,1670.0,1686.0,1661.0,1672.0,1672.0,0.0,0.0,1671.69,2885.0,1670.0,4822838.0,29,2.0,25.0,0.0,1.51,0.02,0.0,0.0,,
2015-01-01,17,CIT,,2960.0,3019.0,2980.0,2980.0,2980.0,0.0,0.0,2996.23,585.0,2960.0,1752795.0,9,20.0,39.0,0.0,1.31,-0.54,0.0,0.0,,
2015-01-01,18,CIVIC,,288.0,290.0,285.0,285.0,285.0,0.0,0.0,286.88,141.0,288.0,40450.0,2,-3.0,5.0,0.0,1.75,-0.66,0.0,0.0,,
2015-01-01,19,CNDBL,,163.0,167.0,160.0,167.0,167.0,0.0,0.0,165.17,940.0,163.0,155260.0,14,4.0,7.0,0.0,4.38,1.1,0.0,0.0,,
2015-01-01,20,CSDBL,,166.0,169.0,169.0,169.0,169.0,0.0,0.0,169.0,39.0,166.0,6591.0,1,3.0,0.0,0.0,0.0,0.0,0.0,0.0,,
2015-01-01,21,CZBIL,,419.0,426.0,412.0,426.0,426.0,0.0,0.0,419.77,10256.0,419.0,4305154.0,33,7.0,14.0,0.0,3.4,1.46,0.0,0.0,,
2015-01-01,22,DDBL,,1045.0,1065.0,1035.0,1045.0,1045.0,0.0,0.0,1045.64,1401.0,1045.0,1464935.0,7,0.0,30.0,0.0,2.9,-0.06,0.0,0.0,,
2015-01-01,23,EBL,,1915.0,1950.0,1900.0,1908.0,1908.0,0.0,0.0,1917.48,7377.0,1915.0,14145268.0,34,-7.0,50.0,0.0,2.63,-0.5,0.0,0.0,,
2015-01-01,24,EDBL,,504.0,510.0,510.0,510.0,510.0,0.0,0.0,510.0,500.0,504.0,255000.0,1,6.0,0.0,0.0,0.0,0.0,0.0,0.0,,
2015-01-01,25,EIC,,890.0,912.0,874.0,912.0,912.0,0.0,0.0,896.85,3251.0,890.0,2915668.0,9,22.0,38.0,0.0,4.35,1.66,0.0,0.0,,
2015-01-01,26,EKBL,,185.0,200.0,185.0,197.0,197.0,0.0,0.0,195.79,4444.0,185.0,870109.0,56,12.0,15.0,0.0,8.11,0.61,0.0,0.0,,
2015-01-01,27,FMDBL,,965.0,984.0,937.0,937.0,937.0,0.0,0.0,960.95,949.0,965.0,911944.0,5,-28.0,47.0,0.0,5.02,-2.56,0.0,0.0,,
2015-01-01,28,GBBL,,305.0,308.0,303.0,308.0,308.0,0.0,0.0,305.59,116.0,305.0,35448.0,2,3.0,5.0,0.0,1.65,0.78,0.0,0.0,,
2015-01-01,29,GBIME,,495.0,504.0,495.0,497.0,497.0,0.0,0.0,497.33,7761.0,495.0,3859764.0,26,2.0,9.0,0.0,1.82,-0.07,0.0,0.0,,
2015-01-01,30,GLICL,,530.0,546.0,532.0,536.0,536.0,0.0,0.0,537.47,4919.0,530.0,2643828.0,17,6.0,14.0,0.0,2.63,-0.27,0.0,0.0,,
2015-01-01,31,GRAND,,170.0,173.0,168.0,168.0,168.0,0.0,0.0,170.44,4479.0,170.0,763394.0,10,-2.0,5.0,0.0,2.98,-1.45,0.0,0.0,,
2015-01-01,32,HAMA,,124.0,126.0,124.0,124.0,124.0,0.0,0.0,124.89,90.0,124.0,11240.0,2,0.0,2.0,0.0,1.61,-0.72,0.0,0.0,,
2015-01-01,33,HBL,,765.0,770.0,760.0,760.0,760.0,0.0,0.0,762.5,1480.0,765.0,1128500.0,9,-5.0,10.0,0.0,1.32,-0.33,0.0,0.0,,
2015-01-01,34,ICFC,,244.0,240.0,237.0,237.0,237.0,0.0,0.0,239.05,830.0,244.0,198410.0,3,-7.0,3.0,0.0,1.27,-0.86,0.0,0.0,,
2015-01-01,35,IDBL,,164.0,166.0,161.0,165.0,165.0,0.0,0.0,164.82,1388.0,164.0,228774.0,20,1.0,5.0,0.0,3.11,0.11,0.0,0.0,,
2015-01-01,36,INDBL,,168.0,165.0,165.0,165.0,165.0,0.0,0.0,165.0,194.0,168.0,32010.0,1,-3.0,0.0,0.0,0.0,0.0,0.0,0.0,,
2015-01-01,37,JBBL,,150.0,150.0,144.0,149.0,149.0,0.0,0.0,146.23,4292.0,150.0,627628.0,16,-1.0,6.0,0.0,4.17,1.86,0.0,0.0,,
2015-01-01,38,JBNL,,247.0,247.0,242.0,243.0,243.0,0.0,0.0,243.93,3614.0,247.0,881562.0,11,-4.0,5.0,0.0,2.07,-0.38,0.0,0.0,,
2015-01-01,39,JFL,,368.0,361.0,358.0,358.0,358.0,0.0,0.0,359.14,525.0,368.0,188550.0,2,-10.0,3.0,0.0,0.84,-0.32,0.0,0.0,,
2015-01-01,40,KBL,,365.0,385.0,370.0,384.0,384.0,0.0,0.0,376.29,2293.0,365.0,862831.0,7,19.0,15.0,0.0,4.05,2.01,0.0,0.0,,
2015-01-01,41,KCDBL,,175.0,179.0,172.0,176.0,176.0,0.0,0.0,172.75,4097.0,175.0,707762.0,34,1.0,7.0,0.0,4.07,1.85,0.0,0.0,,
2015-01-01,42,KDBL,,114.0,114.0,112.0,112.0,112.0,0.0,0.0,112.54,509.0,114.0,57284.0,6,-2.0,2.0,0.0,1.79,-0.48,0.0,0.0,,
2015-01-01,43,KEBL,,313.0,307.0,301.0,302.0,302.0,0.0,0.0,303.07,766.0,313.0,232155.0,3,-11.0,6.0,0.0,1.99,-0.36,0.0,0.0,,
2015-01-01,44,KFL,,144.0,148.0,146.0,148.0,148.0,0.0,0.0,147.09,44.0,144.0,6472.0,2,4.0,2.0,0.0,1.37,0.61,0.0,0.0,,
2015-01-01,45,KMCDB,,704.0,774.0,710.0,774.0,774.0,0.0,0.0,758.33,8047.0,704.0,6102297.0,100,70.0,64.0,0.0,9.01,2.02,0.0,0.0,,
2015-01-01,46,KNBL,,170.0,170.0,168.0,170.0,170.0,0.0,0.0,168.27,73.0,170.0,12284.0,4,0.0,2.0,0.0,1.19,1.02,0.0,0.0,,
2015-01-01,47,LBL,,471.0,480.0,462.0,475.0,475.0,0.0,0.0,465.48,1886.0,471.0,877896.0,5,4.0,18.0,0.0,3.9,2.0,0.0,0.0,,
2015-01-01,48,LFLC,,185.0,188.0,188.0,188.0,188.0,0.0,0.0,188.0,23.0,185.0,4324.0,1,3.0,0.0,0.0,0.0,0.0,0.0,0.0,,
2015-01-01,49,LGIL,,426.0,430.0,405.0,412.0,412.0,0.0,0.0,414.36,2000.0,426.0,828720.0,24,-14.0,25.0,0.0,6.17,-0.57,0.0,0.0,,
2015-01-01,50,LICN,,3100.0,3101.0,3062.0,3080.0,3080.0,0.0,0.0,3081.0,542.0,3100.0,1669902.0,5,-20.0,39.0,0.0,1.27,-0.03,0.0,0.0,,
2015-01-01,51,LLBS,,639.0,685.0,628.0,669.0,669.0,0.0,0.0,657.84,2297.0,639.0,1511048.0,86,30.0,57.0,0.0,9.08,1.67,0.0,0.0,,
2015-01-01,52,LUBL,,339.0,341.0,334.0,335.0,335.0,0.0,0.0,335.69,3949.0,339.0,1325631.0,10,-4.0,7.0,0.0,2.1,-0.21,0.0,0.0,,
2015-01-01,53,MBBL,,138.0,140.0,136.0,140.0,140.0,0.0,0.0,138.51,2454.0,138.0,339912.0,7,2.0,4.0,0.0,2.94,1.06,0.0,0.0,,
2015-01-01,54,MBL,,540.0,550.0,541.0,550.0,550.0,0.0,0.0,547.33,18274.0,540.0,10001903.0,37,10.0,9.0,0.0,1.66,0.49,0.0,0.0,,
2015-01-01,55,MDB,,366.0,387.0,373.0,387.0,387.0,0.0,0.0,375.73,77.0,366.0,28931.0,3,21.0,14.0,0.0,3.75,2.91,0.0,0.0,,
2015-01-01,56,MDBL,,140.0,144.0,140.0,140.0,140.0,0.0,0.0,140.81,4158.0,140.0,585474.0,5,0.0,4.0,0.0,2.86,-0.58,0.0,0.0,,
2015-01-01,57,MEGA,,365.0,370.0,360.0,365.0,365.0,0.0,0.0,364.7,762.0,365.0,277904.0,11,0.0,10.0,0.0,2.78,0.08,0.0,0.0,,
2015-01-01,58,METRO,,295.0,292.0,291.0,292.0,292.0,0.0,0.0,291.06,621.0,295.0,180750.0,2,-3.0,1.0,0.0,0.34,0.32,0.0,0.0,,
2015-01-01,59,MLBBL,,885.0,960.0,901.0,960.0,960.0,0.0,0.0,936.6,1061.0,885.0,993734.0,16,75.0,59.0,0.0,6.55,2.44,0.0,0.0,,
2015-01-01,60,MMDBL,,395.0,426.0,402.0,426.0,426.0,0.0,0.0,410.52,93.0,395.0,38178.0,4,31.0,24.0,0.0,5.97,3.63,0.0,0.0,,
2015-01-01,61,MNBBL,,475.0,480.0,475.0,480.0,480.0,0.0,0.0,478.33,300.0,475.0,143500.0,2,5.0,5.0,0.0,1.05,0.35,0.0,0.0,,
2015-01-01,62,MPFL,,103.0,104.0,102.0,104.0,104.0,0.0,0.0,103.27,300.0,103.0,30980.0,14,1.0,2.0,0.0,1.96,0.71,0.0,0.0,,
2015-01-01,63,MTBL,,207.0,203.0,199.0,199.0,199.0,0.0,0.0,200.07,314.0,207.0,62823.0,4,-8.0,4.0,0.0,2.01,-0.54,0.0,0.0,,
2015-01-01,64,NABIL,,1820.0,1875.0,1835.0,1875.0,1875.0,0.0,0.0,1857.0,2383.0,1820.0,4425236.0,17,55.0,40.0,0.0,2.18,0.96,0.0,0.0,,
2015-01-01,65,NABILP,,1260.0,1265.0,1260.0,1260.0,1260.0,0.0,0.0,1261.27,550.0,1260.0,693700.0,5,0.0,5.0,0.0,0.4,-0.1,0.0,0.0,,
2015-01-01,66,NBB,,442.0,459.0,450.0,459.0,459.0,0.0,0.0,450.72,2323.0,442.0,1047027.0,14,17.0,9.0,0.0,2.0,1.8,0.0,0.0,,
2015-01-01,67,NBBL,,1608.0,1768.0,1640.0,1768.0,1768.0,0.0,0.0,1732.89,90.0,1608.0,155960.0,6,160.0,128.0,0.0,7.8,1.99,0.0,0.0,,
2015-01-01,68,NBF1,,14.0,14.0,13.0,13.0,13.0,0.0,0.0,13.5,23090.0,14.0,311631.0,6,0.0,1.0,0.0,7.69,-3.82,0.0,0.0,,
2015-01-01,69,NBL,,345.0,355.0,340.0,340.0,340.0,0.0,0.0,345.07,45362.0,345.0,15653130.0,93,-5.0,15.0,0.0,4.41,-1.49,0.0,0.0,,
2015-01-01,70,NBSL,,276.0,271.0,271.0,271.0,271.0,0.0,0.0,271.0,359.0,276.0,97289.0,3,-5.0,0.0,0.0,0.0,0.0,0.0,0.0,,
2015-01-01,71,NCCB,,568.0,575.0,561.0,561.0,561.0,0.0,0.0,567.46,3221.0,568.0,1827779.0,15,-7.0,14.0,0.0,2.5,-1.15,0.0,0.0,,
2015-01-01,72,NGBL,,245.0,250.0,245.0,250.0,250.0,0.0,0.0,246.41,1296.0,245.0,319350.0,8,5.0,5.0,0.0,2.04,1.44,0.0,0.0,,
2015-01-01,73,NHPC,,123.0,126.0,121.0,123.0,123.0,0.0,0.0,122.82,72020.0,123.0,8845360.0,60,0.0,5.0,0.0,4.13,0.15,0.0,0.0,,
2015-01-01,74,NIB,,709.0,720.0,709.0,718.0,718.0,0.0,0.0,719.13,849.0,709.0,610543.0,6,9.0,11.0,0.0,1.55,-0.16,0.0,0.0,,
2015-01-01,75,NICA,,695.0,682.0,658.0,658.0,658.0,0.0,0.0,666.33,42.0,695.0,27986.0,3,-37.0,24.0,0.0,3.65,-1.27,0.0,0.0,,
2015-01-01,76,NICL,,406.0,408.0,400.0,408.0,408.0,0.0,0.0,400.68,117.0,406.0,46880.0,2,2.0,8.0,0.0,2.0,1.79,0.0,0.0,,
2015-01-01,77,NIL,,733.0,755.0,730.0,730.0,730.0,0.0,0.0,747.28,962.0,733.0,718879.0,9,-3.0,25.0,0.0,3.42,-2.37,0.0,0.0,,
2015-01-01,78,NLBBL,,1045.0,1045.0,1045.0,1045.0,1045.0,0.0,0.0,1045.0,28.0,1045.0,29260.0,2,0.0,0.0,0.0,0.0,0.0,0.0,0.0,,
2015-01-01,79,NLIC,,4062.0,4130.0,4070.0,4072.0,4072.0,0.0,0.0,4104.85,1799.0,4062.0,7384630.0,20,10.0,60.0,0.0,1.47,-0.81,0.0,0.0,,
2015-01-01,80,NLICL,,2151.0,2189.0,2173.0,2182.0,2182.0,0.0,0.0,2180.92,2659.0,2151.0,5799066.0,12,31.0,16.0,0.0,0.74,0.05,0.0,0.0,,
2015-01-01,81,NMBSF1,,10.0,11.0,10.0,11.0,11.0,0.0,0.0,10.84,35500.0,10.0,384771.0,12,1.0,1.0,0.0,10.0,1.47,0.0,0.0,,
2015-01-01,82,NNLB,,717.0,745.0,715.0,745.0,745.0,0.0,0.0,727.82,681.0,717.0,495645.0,6,28.0,30.0,0.0,4.2,2.31,0.0,0.0,,
2015-01-01,83,NTC,,616.0,604.0,592.0,604.0,604.0,0.0,0.0,599.26,2740.0,616.0,1641980.0,11,-12.0,12.0,0.0,2.03,0.78,0.0,0.0,,
2015-01-01,84,NUBL,,1220.0,1233.0,1209.0,1209.0,1209.0,0.0,0.0,1214.65,356.0,1220.0,432417.0,3,-11.0,24.0,0.0,1.99,-0.47,0.0,0.0,,
2015-01-01,85,OHL,,620.0,620.0,609.0,617.0,617.0,0.0,0.0,615.94,5160.0,620.0,3178260.0,8,-3.0,11.0,0.0,1.81,0.17,0.0,0.0,,
2015-01-01,86,PCBL,,440.0,442.0,434.0,434.0,434.0,0.0,0.0,438.74,4721.0,440.0,2071285.0,23,-6.0,8.0,0.0,1.84,-1.09,0.0,0.0,,
2015-01-01,87,PDBL,,263.0,258.0,248.0,248.0,248.0,0.0,0.0,253.45,2200.0,263.0,557600.0,4,-15.0,10.0,0.0,4.03,-2.2,0.0,0.0,,
2015-01-01,88,PFCLL,,111.0,109.0,107.0,107.0,107.0,0.0,0.0,107.47,97.0,111.0,10425.0,2,-4.0,2.0,0.0,1.87,-0.44,0.0,0.0,,
2015-01-01,89,PIC,,816.0,845.0,832.0,845.0,845.0,0.0,0.0,839.71,170.0,816.0,142751.0,5,29.0,13.0,0.0,1.56,0.63,0.0,0.0,,
2015-01-01,90,PLIC,,993.0,974.0,960.0,960.0,960.0,0.0,0.0,965.65,2652.0,993.0,2560895.0,17,-33.0,14.0,0.0,1.46,-0.59,0.0,0.0,,
2015-01-01,91,PRDBL,,141.0,145.0,143.0,144.0,144.0,0.0,0.0,144.04,250.0,141.0,36010.0,10,3.0,2.0,0.0,1.4,-0.03,0.0,0.0,,
2015-01-01,92,PROFL,,146.0,144.0,144.0,144.0,144.0,0.0,0.0,144.0,140.0,146.0,20160.0,2,-2.0,0.0,0.0,0.0,0.0,0.0,0.0,,
2015-01-01,93,RBS,,5716.0,5800.0,5750.0,5800.0,5800.0,0.0,0.0,5779.36,109.0,5716.0,629950.0,6,84.0,50.0,0.0,0.87,0.36,0.0,0.0,,
2015-01-01,94,REDBL,,188.0,185.0,183.0,185.0,185.0,0.0,0.0,184.91,783.0,188.0,144783.0,11,-3.0,2.0,0.0,1.09,0.05,0.0,0.0,,
2015-01-01,95,RHPC,,475.0,480.0,470.0,480.0,480.0,0.0,0.0,475.17,232.0,475.0,110239.0,15,5.0,10.0,0.0,2.13,1.01,0.0,0.0,,
2015-01-01,96,RMDC,,685.0,701.0,691.0,691.0,691.0,0.0,0.0,697.56,568.0,685.0,396215.0,12,6.0,10.0,0.0,1.45,-0.95,0.0,0.0,,
2015-01-01,97,SADBL,,295.0,299.0,294.0,294.0,294.0,0.0,0.0,294.94,320.0,295.0,94380.0,2,-1.0,5.0,0.0,1.7,-0.32,0.0,0.0,,
2015-01-01,98,SANIMA,,536.0,538.0,526.0,526.0,526.0,0.0,0.0,532.18,5190.0,536.0,2762022.0,22,-10.0,12.0,0.0,2.28,-1.18,0.0,0.0,,
2015-01-01,99,SBI,,930.0,960.0,914.0,960.0,960.0,0.0,0.0,936.65,838.0,930.0,784914.0,8,30.0,46.0,0.0,5.03,2.43,0.0,0.0,,
2015-01-01,100,SBL,,647.0,660.0,645.0,651.0,651.0,0.0,0.0,652.0,9356.0,647.0,6100148.0,23,4.0,15.0,0.0,2.33,-0.15,0.0,0.0,,
2015-01-01,101,SCB,,1920.0,1915.0,1915.0,1915.0,1915.0,0.0,0.0,1915.0,79.0,1920.0,151285.0,1,-5.0,0.0,0.0,0.0,0.0,0.0,0.0,,
2015-01-01,102,SDBL,,160.0,157.0,151.0,154.0,154.0,0.0,0.0,153.21,686.0,160.0,105104.0,4,-6.0,6.0,0.0,3.97,0.51,0.0,0.0,,
2015-01-01,103,SEOS,,10.0,10.0,10.0,10.0,10.0,0.0,0.0,10.37,10700.0,10.0,110940.0,7,0.0,0.0,0.0,0.0,-3.68,0.0,0.0,,
2015-01-01,104,SETI,,187.0,185.0,176.0,176.0,176.0,0.0,0.0,181.35,376.0,187.0,68186.0,6,-11.0,9.0,0.0,5.11,-3.04,0.0,0.0,,
2015-01-01,105,SEWA,,278.0,273.0,260.0,260.0,260.0,0.0,0.0,263.69,3467.0,278.0,914215.0,18,-18.0,13.0,0.0,5.0,-1.42,0.0,0.0,,
2015-01-01,106,SFL,,125.0,125.0,123.0,125.0,125.0,0.0,0.0,124.26,578.0,125.0,71820.0,2,0.0,2.0,0.0,1.63,0.6,0.0,0.0,,
2015-01-01,107,SHBL,,410.0,451.0,418.0,451.0,451.0,0.0,0.0,448.54,366.0,410.0,164164.0,8,41.0,33.0,0.0,7.89,0.55,0.0,0.0,,
2015-01-01,108,SHINE,,322.0,340.0,328.0,340.0,340.0,0.0,0.0,336.74,1109.0,322.0,373440.0,8,18.0,12.0,0.0,3.66,0.96,0.0,0.0,,
2015-01-01,109,SHL,,471.0,471.0,466.0,470.0,470.0,0.0,0.0,468.75,2400.0,471.0,1125000.0,4,-1.0,5.0,0.0,1.07,0.27,0.0,0.0,,
2015-01-01,110,SHPC,,702.0,714.0,700.0,705.0,705.0,0.0,0.0,704.65,6121.0,702.0,4313185.0,32,3.0,14.0,0.0,2.0,0.05,0.0,0.0,,
2015-01-01,111,SIC,,1150.0,1160.0,1150.0,1160.0,1160.0,0.0,0.0,1156.56,167.0,1150.0,193146.0,4,10.0,10.0,0.0,0.87,0.3,0.0,0.0,,
2015-01-01,112,SICL,,790.0,808.0,795.0,808.0,808.0,0.0,0.0,802.22,90.0,790.0,72200.0,2,18.0,13.0,0.0,1.64,0.72,0.0,0.0,,
2015-01-01,113,SIGS1,,15.0,15.0,15.0,15.0,15.0,0.0,0.0,15.0,75500.0,15.0,1132500.0,7,0.0,0.0,0.0,0.0,0.0,0.0,0.0,,
2015-01-01,114,SIL,,755.0,760.0,726.0,755.0,755.0,0.0,0.0,752.47,1228.0,755.0,924029.0,42,0.0,34.0,0.0,4.68,0.34,0.0,0.0,,
2015-01-01,115,SKBBL,,1289.0,1320.0,1299.0,1300.0,1300.0,0.0,0.0,1304.25,1561.0,1289.0,2035927.0,14,11.0,21.0,0.0,1.62,-0.33,0.0,0.0,,
2015-01-01,116,SLICL,,622.0,642.0,625.0,635.0,635.0,0.0,0.0,633.74,550.0,622.0,348559.0,9,13.0,17.0,0.0,2.72,0.2,0.0,0.0,,
2015-01-01,117,SMFDB,,1001.0,1082.0,1021.0,1082.0,1082.0,0.0,0.0,1075.91,1091.0,1001.0,1173822.0,4,81.0,61.0,0.0,5.97,0.56,0.0,0.0,,
2015-01-01,118,SODBL,,99.0,100.0,97.0,97.0,97.0,0.0,0.0,98.63,3508.0,99.0,345990.0,7,-2.0,3.0,0.0,3.09,-1.68,0.0,0.0,,
2015-01-01,119,SRBL,,400.0,406.0,395.0,402.0,402.0,0.0,0.0,402.78,5381.0,400.0,2167365.0,43,2.0,11.0,0.0,2.78,-0.19,0.0,0.0,,
2015-01-01,120,SUBBLP,,100.0,100.0,100.0,100.0,100.0,0.0,0.0,100.0,3030.0,100.0,303000.0,1,0.0,0.0,0.0,0.0,0.0,0.0,0.0,,
2015-01-01,121,SUPRME,,143.0,145.0,143.0,143.0,143.0,0.0,0.0,143.91,1195.0,143.0,171975.0,10,0.0,2.0,0.0,1.4,-0.64,0.0,0.0,,
2015-01-01,122,SWBBL,,1446.0,1465.0,1450.0,1465.0,1465.0,0.0,0.0,1460.35,502.0,1446.0,733098.0,6,19.0,15.0,0.0,1.03,0.32,0.0,0.0,,
2015-01-01,123,SYFL,,90.0,90.0,90.0,90.0,90.0,0.0,0.0,90.0,178.0,90.0,16020.0,1,0.0,0.0,0.0,0.0,0.0,0.0,0.0,,
2015-01-01,124,TDBL,,188.0,191.0,191.0,191.0,191.0,0.0,0.0,191.0,10.0,188.0,1910.0,1,3.0,0.0,0.0,0.0,0.0,0.0,0.0,,
2015-01-01,125,TNBL,,216.0,227.0,215.0,227.0,227.0,0.0,0.0,219.66,396.0,216.0,86987.0,10,11.0,12.0,0.0,5.58,3.23,0.0,0.0,,
2015-01-01,126,TRH,,262.0,265.0,261.0,263.0,263.0,0.0,0.0,263.46,480.0,262.0,126460.0,7,1.0,4.0,0.0,1.53,-0.17,0.0,0.0,,
2015-01-01,127,UFCL,,104.0,102.0,102.0,102.0,102.0,0.0,0.0,102.0,59.0,104.0,6018.0,1,-2.0,0.0,0.0,0.0,0.0,0.0,0.0,,
2015-01-01,128,UFIL,,147.0,145.0,145.0,145.0,145.0,0.0,0.0,145.0,20.0,147.0,2900.0,2,-2.0,0.0,0.0,0.0,0.0,0.0,0.0,,
2015-01-01,129,VBBL,,130.0,134.0,128.0,130.0,130.0,0.0,0.0,130.88,13408.0,130.0,1754892.0,32,0.0,6.0,0.0,4.69,-0.68,0.0,0.0,,
2015-01-01,130,WDBL,,210.0,223.0,208.0,223.0,223.0,0.0,0.0,213.35,778.0,210.0,165990.0,14,13.0,15.0,0.0,7.21,4.33,0.0,0.0,,
2015-01-01,131,YETI,,123.0,126.0,122.0,125.0,125.0,0.0,0.0,124.34,3303.0,123.0,410688.0,79,2.0,4.0,0.0,3.28,0.53,0.0,0.0,,
2015-01-05,1,ADBL,,478.0,487.0,471.0,487.0,487.0,0.0,0.0,476.27,1739.0,478.0,828237.0,17,9.0,16.0,0.0,3.4,2.2,0.0,0.0,,
2015-01-05,2,AHPC,,362.0,369.0,360.0,362.0,362.0,0.0,0.0,363.73,8022.0,362.0,2917877.0,30,0.0,9.0,0.0,2.5,-0.48,0.0,0.0,,
2015-01-05,3,AIC,,399.0,408.0,394.0,408.0,408.0,0.0,0.0,405.86,1829.0,399.0,742323.0,7,9.0,14.0,0.0,3.55,0.52,0.0,0.0,,
2015-01-05,4,ALICL,,1135.0,1173.0,1130.0,1153.0,1153.0,0.0,0.0,1146.75,6556.0,1135.0,7518108.0,34,18.0,43.0,0.0,3.81,0.54,0.0,0.0,,
2015-01-05,5,APEX,,120.0,122.0,118.0,120.0,120.0,0.0,0.0,119.3,1645.0,120.0,196256.0,24,0.0,4.0,0.0,3.39,0.58,0.0,0.0,,
2015-01-05,6,ARDBL,,142.0,144.0,142.0,142.0,142.0,0.0,0.0,142.73,270.0,142.0,38537.0,4,0.0,2.0,0.0,1.41,-0.51,0.0,0.0,,
2015-01-05,7,BBC,,1890.0,1899.0,1899.0,1899.0,1899.0,0.0,0.0,1899.0,10.0,1890.0,18990.0,1,9.0,0.0,0.0,0.0,0.0,0.0,0.0,,
2015-01-05,8,BHBL,,162.0,164.0,157.0,157.0,157.0,0.0,0.0,160.67,490.0,162.0,78730.0,12,-5.0,7.0,0.0,4.46,-2.34,0.0,0.0,,
2015-01-05,9,BUDBL,,184.0,184.0,181.0,181.0,181.0,0.0,0.0,182.8,55.0,184.0,10054.0,5,-3.0,3.0,0.0,1.66,-0.99,0.0,0.0,,
2015-01-05,10,CBBL,,1366.0,1393.0,1350.0,1350.0,1350.0,0.0,0.0,1364.74,458.0,1366.0,625050.0,6,-16.0,43.0,0.0,3.19,-1.09,0.0,0.0,,
2015-01-05,11,CBL,,278.0,282.0,272.0,282.0,282.0,0.0,0.0,278.63,101346.0,278.0,28237730.0,321,4.0,10.0,0.0,3.68,1.2,0.0,0.0,,
2015-01-05,12,CCBL,,290.0,292.0,283.0,289.0,289.0,0.0,0.0,288.58,15458.0,290.0,4460916.0,166,-1.0,9.0,0.0,3.18,0.14,0.0,0.0,,
2015-01-05,13,CDBL,,312.0,306.0,306.0,306.0,306.0,0.0,0.0,306.0,27.0,312.0,8262.0,1,-6.0,0.0,0.0,0.0,0.0,0.0,0.0,,
2015-01-05,14,CHCL,,1684.0,1725.0,1693.0,1701.0,1701.0,0.0,0.0,1699.15,5997.0,1684.0,10189785.0,51,17.0,32.0,0.0,1.89,0.11,0.0,0.0,,
2015-01-05,15,CIT,,3035.0,3056.0,2997.0,3020.0,3020.0,0.0,0.0,3012.69,998.0,3035.0,3006666.0,13,-15.0,59.0,0.0,1.97,0.24,0.0,0.0,,
2015-01-05,16,CIVIC,,285.0,285.0,280.0,280.0,280.0,0.0,0.0,284.33,7440.0,285.0,2115400.0,5,-5.0,5.0,0.0,1.79,-1.55,0.0,0.0,,
2015-01-05,17,CNDBL,,170.0,171.0,171.0,171.0,171.0,0.0,0.0,171.0,300.0,170.0,51300.0,15,1.0,0.0,0.0,0.0,0.0,0.0,0.0,,
2015-01-05,18,CSDBL,,169.0,172.0,172.0,172.0,172.0,0.0,0.0,172.0,10.0,169.0,1720.0,1,3.0,0.0,0.0,0.0,0.0,0.0,0.0,,
2015-01-05,19,CZBIL,,433.0,440.0,425.0,428.0,428.0,0.0,0.0,430.66,4085.0,433.0,1759229.0,27,-5.0,15.0,0.0,3.53,-0.62,0.0,0.0,,
2015-01-05,20,DDBL,,1062.0,1123.0,1060.0,1085.0,1085.0,0.0,0.0,1082.8,4720.0,1062.0,5110810.0,19,23.0,63.0,0.0,5.94,0.2,0.0,0.0,,
2015-01-05,21,EBL,,1950.0,1985.0,1930.0,1960.0,1960.0,0.0,0.0,1956.36,4362.0,1950.0,8533639.0,32,10.0,55.0,0.0,2.85,0.19,0.0,0.0,,
2015-01-05,22,EDBL,,510.0,520.0,520.0,520.0,520.0,0.0,0.0,520.0,31.0,510.0,16120.0,1,10.0,0.0,0.0,0.0,0.0,0.0,0.0,,
2015-01-05,23,EIC,,930.0,940.0,940.0,940.0,940.0,0.0,0.0,940.0,33.0,930.0,31020.0,1,10.0,0.0,0.0,0.0,0.0,0.0,0.0,,
2015-01-05,24,EKBL,,205.0,212.0,200.0,203.0,203.0,0.0,0.0,204.62,2833.0,205.0,579677.0,28,-2.0,12.0,0.0,6.0,-0.8,0.0,0.0,,
2015-01-05,25,FMDBL,,960.0,1016.0,960.0,960.0,960.0,0.0,0.0,978.19,3114.0,960.0,3046094.0,21,0.0,56.0,0.0,5.83,-1.9,0.0,0.0,,
2015-01-05,26,GBBL,,314.0,326.0,320.0,326.0,326.0,0.0,0.0,323.46,1869.0,314.0,604556.0,10,12.0,6.0,0.0,1.88,0.78,0.0,0.0,,
2015-01-05,27,GBIME,,502.0,513.0,490.0,502.0,502.0,0.0,0.0,506.33,5955.0,502.0,3015201.0,44,0.0,23.0,0.0,4.69,-0.86,0.0,0.0,,
2015-01-05,28,GLICL,,549.0,570.0,545.0,547.0,547.0,0.0,0.0,557.63,12945.0,549.0,7218518.0,30,-2.0,25.0,0.0,4.59,-1.94,0.0,0.0,,
2015-01-05,29,GRAND,,171.0,173.0,167.0,167.0,167.0,0.0,0.0,170.19,8142.0,171.0,1385680.0,19,-4.0,6.0,0.0,3.59,-1.91,0.0,0.0,,
2015-01-05,30,HAMA,,120.0,120.0,117.0,118.0,118.0,0.0,0.0,118.06,820.0,120.0,96810.0,6,-2.0,3.0,0.0,2.56,-0.05,0.0,0.0,,
2015-01-05,31,HBL,,805.0,835.0,806.0,815.0,815.0,0.0,0.0,813.18,4423.0,805.0,3596676.0,18,10.0,29.0,0.0,3.6,0.22,0.0,0.0,,
2015-01-05,32,HDL,,438.0,430.0,406.0,406.0,406.0,0.0,0.0,410.0,180.0,438.0,73800.0,8,-32.0,24.0,0.0,5.91,-0.99,0.0,0.0,,
2015-01-05,33,HGI,,473.0,464.0,450.0,461.0,461.0,0.0,0.0,456.07,2284.0,473.0,1041661.0,9,-12.0,14.0,0.0,3.11,1.07,0.0,0.0,,
2015-01-05,34,IDBL,,165.0,167.0,165.0,165.0,165.0,0.0,0.0,165.47,2857.0,165.0,472741.0,18,0.0,2.0,0.0,1.21,-0.28,0.0,0.0,,
2015-01-05,35,JBBL,,154.0,156.0,155.0,155.0,155.0,0.0,0.0,155.05,830.0,154.0,128690.0,17,1.0,1.0,0.0,0.65,-0.03,0.0,0.0,,
2015-01-05,36,JBNL,,240.0,257.0,244.0,252.0,252.0,0.0,0.0,249.79,6371.0,240.0,1591400.0,26,12.0,13.0,0.0,5.33,0.88,0.0,0.0,,
2015-01-05,37,JFL,,365.0,358.0,355.0,358.0,358.0,0.0,0.0,356.5,400.0,365.0,142600.0,3,-7.0,3.0,0.0,0.85,0.42,0.0,0.0,,
2015-01-05,38,KBBL,,336.0,352.0,340.0,345.0,345.0,0.0,0.0,342.64,515.0,336.0,176460.0,4,9.0,12.0,0.0,3.53,0.68,0.0,0.0,,
2015-01-05,39,KBL,,387.0,396.0,380.0,388.0,388.0,0.0,0.0,387.31,6772.0,387.0,2622837.0,19,1.0,16.0,0.0,4.21,0.18,0.0,0.0,,
2015-01-05,40,KCDBL,,176.0,176.0,173.0,175.0,175.0,0.0,0.0,173.29,670.0,176.0,116102.0,8,-1.0,3.0,0.0,1.73,0.98,0.0,0.0,,
2015-01-05,41,KDBL,,116.0,120.0,116.0,119.0,119.0,0.0,0.0,118.37,1869.0,116.0,221232.0,16,3.0,4.0,0.0,3.45,0.53,0.0,0.0,,
2015-01-05,42,KEBL,,302.0,314.0,308.0,314.0,314.0,0.0,0.0,311.6,50.0,302.0,15580.0,2,12.0,6.0,0.0,1.95,0.76,0.0,0.0,,
2015-01-05,43,KFL,,148.0,146.0,140.0,140.0,140.0,0.0,0.0,140.01,18158.0,148.0,2542320.0,12,-8.0,6.0,0.0,4.29,-0.01,0.0,0.0,,
2015-01-05,44,KMCDB,,828.0,897.0,823.0,890.0,890.0,0.0,0.0,876.78,11454.0,828.0,10042673.0,122,62.0,74.0,0.0,8.99,1.49,0.0,0.0,,
2015-01-05,45,KRBL,,145.0,147.0,147.0,147.0,147.0,0.0,0.0,147.0,10.0,145.0,1470.0,1,2.0,0.0,0.0,0.0,0.0,0.0,0.0,,
2015-01-05,46,LBL,,485.0,494.0,480.0,480.0,480.0,0.0,0.0,481.01,2730.0,485.0,1313147.0,9,-5.0,14.0,0.0,2.92,-0.21,0.0,0.0,,
2015-01-05,47,LFLC,,188.0,193.0,188.0,189.0,189.0,0.0,0.0,191.68,320.0,188.0,61337.0,5,1.0,5.0,0.0,2.66,-1.42,0.0,0.0,,
2015-01-05,48,LGIL,,407.0,415.0,400.0,403.0,403.0,0.0,0.0,407.26,2159.0,407.0,879268.0,21,-4.0,15.0,0.0,3.75,-1.06,0.0,0.0,,
2015-01-05,49,LICN,,3200.0,3255.0,3140.0,3140.0,3140.0,0.0,0.0,3163.99,623.0,3200.0,1971168.0,4,-60.0,115.0,0.0,3.66,-0.76,0.0,0.0,,
2015-01-05,50,LLBS,,698.0,728.0,680.0,717.0,717.0,0.0,0.0,710.16,3742.0,698.0,2657427.0,131,19.0,48.0,0.0,7.06,0.95,0.0,0.0,,
2015-01-05,51,LUBL,,345.0,350.0,336.0,341.0,341.0,0.0,0.0,343.61,2992.0,345.0,1028081.0,15,-4.0,14.0,0.0,4.17,-0.77,0.0,0.0,,
2015-01-05,52,MBBL,,142.0,148.0,144.0,148.0,148.0,0.0,0.0,147.53,565.0,142.0,83356.0,5,6.0,4.0,0.0,2.78,0.32,0.0,0.0,,
2015-01-05,53,MBL,,563.0,571.0,552.0,560.0,560.0,0.0,0.0,559.6,19931.0,563.0,11153394.0,64,-3.0,19.0,0.0,3.44,0.07,0.0,0.0,,
2015-01-05,54,MDB,,413.0,410.0,405.0,410.0,410.0,0.0,0.0,407.92,24.0,413.0,9790.0,2,-3.0,5.0,0.0,1.23,0.51,0.0,0.0,,
2015-01-05,55,MDBL,,154.0,152.0,146.0,146.0,146.0,0.0,0.0,150.11,3410.0,154.0,511860.0,8,-8.0,6.0,0.0,4.11,-2.81,0.0,0.0,,
2015-01-05,56,MEGA,,376.0,382.0,379.0,381.0,381.0,0.0,0.0,380.57,469.0,376.0,178486.0,9,5.0,3.0,0.0,0.79,0.11,0.0,0.0,,
2015-01-05,57,METRO,,292.0,300.0,290.0,300.0,300.0,0.0,0.0,294.73,56.0,292.0,16505.0,3,8.0,10.0,0.0,3.45,1.76,0.0,0.0,,
2015-01-05,58,MLBBL,,1056.0,1141.0,1057.0,1080.0,1080.0,0.0,0.0,1094.74,593.0,1056.0,649179.0,19,24.0,84.0,0.0,7.95,-1.36,0.0,0.0,,
2015-01-05,59,MMDBL,,445.0,478.0,453.0,469.0,469.0,0.0,0.0,472.63,259.0,445.0,122411.0,10,24.0,25.0,0.0,5.52,-0.77,0.0,0.0,,
2015-01-05,60,MNBBL,,506.0,515.0,500.0,504.0,504.0,0.0,0.0,506.43,1063.0,506.0,538333.0,10,-2.0,15.0,0.0,3.0,-0.48,0.0,0.0,,
2015-01-05,61,MPFL,,110.0,114.0,108.0,114.0,114.0,0.0,0.0,109.94,510.0,110.0,56070.0,33,4.0,6.0,0.0,5.56,3.56,0.0,0.0,,
2015-01-05,62,MTBL,,204.0,220.0,207.0,220.0,220.0,0.0,0.0,215.06,175.0,204.0,37636.0,5,16.0,13.0,0.0,6.28,2.24,0.0,0.0,,
2015-01-05,63,NABIL,,1880.0,1901.0,1855.0,1886.0,1886.0,0.0,0.0,1882.35,2264.0,1880.0,4261634.0,20,6.0,46.0,0.0,2.48,0.19,0.0,0.0,,
2015-01-05,64,NABILP,,1300.0,1290.0,1285.0,1287.0,1287.0,0.0,0.0,1287.38,2309.0,1300.0,2972558.0,9,-13.0,5.0,0.0,0.39,-0.03,0.0,0.0,,
2015-01-05,65,NBB,,455.0,471.0,445.0,453.0,453.0,0.0,0.0,451.53,21052.0,455.0,9505602.0,41,-2.0,26.0,0.0,5.84,0.32,0.0,0.0,,
2015-01-05,66,NBBL,,1842.0,1878.0,1877.0,1878.0,1878.0,0.0,0.0,1877.5,22.0,1842.0,41305.0,2,36.0,1.0,0.0,0.05,0.03,0.0,0.0,,
2015-01-05,67,NBF1,,13.0,14.0,13.0,14.0,14.0,0.0,0.0,13.53,42494.0,13.0,574756.0,13,0.0,1.0,0.0,7.69,3.39,0.0,0.0,,
2015-01-05,68,NBL,,345.0,357.0,343.0,350.0,350.0,0.0,0.0,347.25,35499.0,345.0,12326855.0,55,5.0,14.0,0.0,4.08,0.79,0.0,0.0,,
2015-01-05,69,NCCB,,590.0,596.0,580.0,585.0,585.0,0.0,0.0,585.04,1621.0,590.0,948355.0,9,-5.0,16.0,0.0,2.76,-0.01,0.0,0.0,,
2015-01-05,70,NGBL,,246.0,258.0,241.0,258.0,258.0,0.0,0.0,243.91,3110.0,246.0,758550.0,9,12.0,17.0,0.0,7.05,5.46,0.0,0.0,,
2015-01-05,71,NHPC,,124.0,128.0,123.0,123.0,123.0,0.0,0.0,125.24,28050.0,124.0,3513000.0,31,-1.0,5.0,0.0,4.07,-1.82,0.0,0.0,,
2015-01-05,72,NIB,,735.0,760.0,726.0,734.0,734.0,0.0,0.0,741.08,5637.0,735.0,4177464.0,33,-1.0,34.0,0.0,4.68,-0.96,0.0,0.0,,
2015-01-05,73,NICA,,670.0,685.0,666.0,667.0,667.0,0.0,0.0,670.47,7320.0,670.0,4907849.0,27,-3.0,19.0,0.0,2.85,-0.52,0.0,0.0,,
2015-01-05,74,NICL,,408.0,423.0,415.0,423.0,423.0,0.0,0.0,417.96,27.0,408.0,11285.0,2,15.0,8.0,0.0,1.93,1.19,0.0,0.0,,
2015-01-05,75,NLBBL,,1140.0,1173.0,1150.0,1173.0,1173.0,0.0,0.0,1154.64,380.0,1140.0,438764.0,6,33.0,23.0,0.0,2.0,1.57,0.0,0.0,,
2015-01-05,76,NLG,,636.0,660.0,648.0,660.0,660.0,0.0,0.0,652.86,37.0,636.0,24156.0,2,24.0,12.0,0.0,1.85,1.08,0.0,0.0,,
2015-01-05,77,NLIC,,4245.0,4330.0,4216.0,4299.0,4299.0,0.0,0.0,4277.33,4651.0,4245.0,19893864.0,37,54.0,114.0,0.0,2.7,0.5,0.0,0.0,,
2015-01-05,78,NLICL,,2243.0,2300.0,2225.0,2255.0,2255.0,0.0,0.0,2267.2,6331.0,2243.0,14353615.0,51,12.0,75.0,0.0,3.37,-0.54,0.0,0.0,,
2015-01-05,79,NLO,,209.0,213.0,213.0,213.0,213.0,0.0,0.0,213.0,17.0,209.0,3621.0,1,4.0,0.0,0.0,0.0,0.0,0.0,0.0,,
2015-01-05,80,NMBSF1,,11.0,11.0,11.0,11.0,11.0,0.0,0.0,10.65,42000.0,11.0,447200.0,12,0.0,0.0,0.0,0.0,3.2,0.0,0.0,,
2015-01-05,81,NNFC,,257.0,262.0,262.0,262.0,262.0,0.0,0.0,262.0,741.0,257.0,194142.0,3,5.0,0.0,0.0,0.0,0.0,0.0,0.0,,
2015-01-05,82,NNLB,,819.0,868.0,834.0,834.0,834.0,0.0,0.0,846.67,968.0,819.0,819580.0,9,15.0,34.0,0.0,4.08,-1.52,0.0,0.0,,
2015-01-05,83,NTC,,603.0,602.0,600.0,602.0,602.0,0.0,0.0,601.5,400.0,603.0,240600.0,3,-1.0,2.0,0.0,0.33,0.08,0.0,0.0,,
2015-01-05,84,NUBL,,1225.0,1298.0,1249.0,1277.0,1277.0,0.0,0.0,1271.36,2189.0,1225.0,2783000.0,12,52.0,49.0,0.0,3.92,0.44,0.0,0.0,,
2015-01-05,85,OHL,,620.0,630.0,620.0,629.0,629.0,0.0,0.0,627.63,1200.0,620.0,753150.0,7,9.0,10.0,0.0,1.61,0.22,0.0,0.0,,
2015-01-05,86,PADBL,,365.0,358.0,358.0,358.0,358.0,0.0,0.0,358.0,26.0,365.0,9308.0,1,-7.0,0.0,0.0,0.0,0.0,0.0,0.0,,
2015-01-05,87,PCBL,,447.0,453.0,440.0,441.0,441.0,0.0,0.0,446.84,5703.0,447.0,2548350.0,21,-6.0,13.0,0.0,2.95,-1.33,0.0,0.0,,
2015-01-05,88,PDBL,,255.0,260.0,260.0,260.0,260.0,0.0,0.0,260.0,10.0,255.0,2600.0,1,5.0,0.0,0.0,0.0,0.0,0.0,0.0,,
2015-01-05,89,PFCLL,,108.0,111.0,108.0,108.0,108.0,0.0,0.0,109.02,921.0,108.0,100404.0,6,0.0,3.0,0.0,2.78,-0.94,0.0,0.0,,
2015-01-05,90,PIC,,878.0,910.0,875.0,885.0,885.0,0.0,0.0,895.02,994.0,878.0,889650.0,9,7.0,35.0,0.0,4.0,-1.13,0.0,0.0,,
2015-01-05,91,PLIC,,980.0,1015.0,972.0,978.0,978.0,0.0,0.0,987.73,6392.0,980.0,6313575.0,30,-2.0,43.0,0.0,4.42,-0.99,0.0,0.0,,
2015-01-05,92,PRVU,,227.0,249.0,231.0,249.0,249.0,0.0,0.0,245.09,102303.0,227.0,25072948.0,13,22.0,18.0,0.0,7.79,1.57,0.0,0.0,,
2015-01-05,93,PRVUPO,,0.0,0.0,0.0,0.0,0.0,0.0,0.0,100.0,126262.0,0.0,12626200.0,1,0.0,0.0,0.0,0.0,0.0,0.0,0.0,,
2015-01-05,94,PURBL,,309.0,315.0,315.0,315.0,315.0,0.0,0.0,315.0,11.0,309.0,3465.0,1,6.0,0.0,0.0,0.0,0.0,0.0,0.0,,
2015-01-05,95,RBS,,6090.0,6000.0,6000.0,6000.0,6000.0,0.0,0.0,6000.0,176.0,6090.0,1056000.0,2,-90.0,0.0,0.0,0.0,0.0,0.0,0.0,,
2015-01-05,96,REDBL,,185.0,188.0,182.0,188.0,188.0,0.0,0.0,187.32,2503.0,185.0,468856.0,22,3.0,6.0,0.0,3.3,0.36,0.0,0.0,,
2015-01-05,97,RHPC,,489.0,487.0,471.0,471.0,471.0,0.0,0.0,481.91,208.0,489.0,100237.0,4,-18.0,16.0,0.0,3.4,-2.32,0.0,0.0,,
2015-01-05,98,RLFL,,140.0,138.0,138.0,138.0,138.0,0.0,0.0,138.0,50.0,140.0,6900.0,1,-2.0,0.0,0.0,0.0,0.0,0.0,0.0,,
2015-01-05,99,RMDC,,705.0,705.0,691.0,695.0,695.0,0.0,0.0,696.52,1860.0,705.0,1295530.0,9,-10.0,14.0,0.0,2.03,-0.22,0.0,0.0,,
2015-01-05,100,SADBL,,296.0,300.0,296.0,300.0,300.0,0.0,0.0,298.13,2325.0,296.0,693150.0,11,4.0,4.0,0.0,1.35,0.62,0.0,0.0,,
2015-01-05,101,SANIMA,,540.0,550.0,535.0,539.0,539.0,0.0,0.0,542.83,17418.0,540.0,9454952.0,48,-1.0,15.0,0.0,2.8,-0.71,0.0,0.0,,
2015-01-05,102,SBI,,950.0,956.0,951.0,951.0,951.0,0.0,0.0,953.21,1041.0,950.0,992296.0,5,1.0,5.0,0.0,0.53,-0.23,0.0,0.0,,
2015-01-05,103,SBL,,665.0,670.0,643.0,655.0,655.0,0.0,0.0,662.64,3161.0,665.0,2094607.0,16,-10.0,27.0,0.0,4.2,-1.17,0.0,0.0,,
2015-01-05,104,SCB,,1939.0,1955.0,1939.0,1949.0,1949.0,0.0,0.0,1946.73,2540.0,1939.0,4944688.0,11,10.0,16.0,0.0,0.83,0.12,0.0,0.0,,
2015-01-05,105,SDBL,,152.0,160.0,154.0,160.0,160.0,0.0,0.0,157.55,3662.0,152.0,576958.0,5,8.0,6.0,0.0,3.9,1.53,0.0,0.0,,
2015-01-05,106,SEOS,,10.0,10.0,10.0,10.0,10.0,0.0,0.0,10.14,14900.0,10.0,151029.0,3,0.0,0.0,0.0,0.0,-1.36,0.0,0.0,,
2015-01-05,107,SETI,,176.0,173.0,173.0,173.0,173.0,0.0,0.0,173.0,100.0,176.0,17300.0,1,-3.0,0.0,0.0,0.0,0.0,0.0,0.0,,
2015-01-05,108,SEWA,,271.0,280.0,272.0,272.0,272.0,0.0,0.0,273.9,1233.0,271.0,337721.0,7,1.0,8.0,0.0,2.94,-0.7,0.0,0.0,,
2015-01-05,109,SHBL,,496.0,506.0,496.0,505.0,505.0,0.0,0.0,504.74,462.0,496.0,233190.0,29,9.0,10.0,0.0,2.02,0.05,0.0,0.0,,
2015-01-05,110,SHINE,,340.0,341.0,340.0,341.0,341.0,0.0,0.0,340.29,700.0,340.0,238200.0,3,1.0,1.0,0.0,0.29,0.21,0.0,0.0,,
2015-01-05,111,SHL,,470.0,488.0,475.0,475.0,475.0,0.0,0.0,477.71,1859.0,470.0,888068.0,5,5.0,13.0,0.0,2.74,-0.57,0.0,0.0,,
2015-01-05,112,SHPC,,719.0,733.0,706.0,710.0,710.0,0.0,0.0,717.88,4874.0,719.0,3498943.0,45,-9.0,27.0,0.0,3.82,-1.11,0.0,0.0,,
2015-01-05,113,SIC,,1181.0,1205.0,1185.0,1185.0,1185.0,0.0,0.0,1194.5,1487.0,1181.0,1776215.0,17,4.0,20.0,0.0,1.69,-0.8,0.0,0.0,,
2015-01-05,114,SICL,,820.0,811.0,804.0,811.0,811.0,0.0,0.0,805.42,970.0,820.0,781261.0,4,-9.0,7.0,0.0,0.87,0.69,0.0,0.0,,
2015-01-05,115,SIGS1,,15.0,15.0,15.0,15.0,15.0,0.0,0.0,15.3,21000.0,15.0,321350.0,4,0.0,0.0,0.0,0.0,-2.02,0.0,0.0,,
2015-01-05,116,SIL,,780.0,770.0,760.0,760.0,760.0,0.0,0.0,760.49,5819.0,780.0,4425275.0,4,-20.0,10.0,0.0,1.32,-0.06,0.0,0.0,,
2015-01-05,117,SKBBL,,1350.0,1360.0,1326.0,1330.0,1330.0,0.0,0.0,1340.04,1950.0,1350.0,2613071.0,15,-20.0,34.0,0.0,2.56,-0.75,0.0,0.0,,
2015-01-05,118,SLBBL,,2045.0,2130.0,2085.0,2130.0,2130.0,0.0,0.0,2121.68,257.0,2045.0,545271.0,6,85.0,45.0,0.0,2.16,0.39,0.0,0.0,,
2015-01-05,119,SLICL,,640.0,655.0,640.0,640.0,640.0,0.0,0.0,647.05,3828.0,640.0,2476901.0,17,0.0,15.0,0.0,2.34,-1.1,0.0,0.0,,
2015-01-05,120,SMFDB,,1125.0,1147.0,1147.0,1147.0,1147.0,0.0,0.0,1147.0,10.0,1125.0,11470.0,1,22.0,0.0,0.0,0.0,0.0,0.0,0.0,,
2015-01-05,121,SODBL,,97.0,99.0,97.0,98.0,98.0,0.0,0.0,97.82,3962.0,97.0,387576.0,7,1.0,2.0,0.0,2.06,0.18,0.0,0.0,,
2015-01-05,122,SRBL,,412.0,419.0,402.0,407.0,407.0,0.0,0.0,409.28,10197.0,412.0,4173477.0,49,-5.0,17.0,0.0,4.23,-0.56,0.0,0.0,,
2015-01-05,123,SUBBL,,289.0,284.0,284.0,284.0,284.0,0.0,0.0,284.0,1000.0,289.0,284000.0,1,-5.0,0.0,0.0,0.0,0.0,0.0,0.0,,
2015-01-05,124,SUPRME,,145.0,146.0,143.0,144.0,144.0,0.0,0.0,143.9,6650.0,145.0,956924.0,9,-1.0,3.0,0.0,2.1,0.07,0.0,0.0,,
2015-01-05,125,SUPRMP,,100.0,101.0,101.0,101.0,101.0,0.0,0.0,101.0,67000.0,100.0,6767000.0,1,1.0,0.0,0.0,0.0,0.0,0.0,0.0,,
2015-01-05,126,SWBBL,,1515.0,1530.0,1515.0,1515.0,1515.0,0.0,0.0,1515.77,721.0,1515.0,1092870.0,4,0.0,15.0,0.0,0.99,-0.05,0.0,0.0,,
2015-01-05,127,TDBL,,191.0,190.0,190.0,190.0,190.0,0.0,0.0,190.0,150.0,191.0,28500.0,1,-1.0,0.0,0.0,0.0,0.0,0.0,0.0,,
2015-01-05,128,TNBL,,227.0,223.0,220.0,220.0,220.0,0.0,0.0,220.99,685.0,227.0,151375.0,3,-7.0,3.0,0.0,1.36,-0.45,0.0,0.0,,
2015-01-05,129,TRH,,260.0,258.0,257.0,258.0,258.0,0.0,0.0,257.87,310.0,260.0,79940.0,5,-2.0,1.0,0.0,0.39,0.05,0.0,0.0,,
2015-01-05,130,UFL,,215.0,219.0,215.0,219.0,219.0,0.0,0.0,216.46,378.0,215.0,81822.0,5,4.0,4.0,0.0,1.86,1.16,0.0,0.0,,
2015-01-05,131,UIC,,887.0,881.0,870.0,881.0,881.0,0.0,0.0,874.41,295.0,887.0,257950.0,4,-6.0,11.0,0.0,1.26,0.75,0.0,0.0,,
2015-01-05,132,VBBL,,129.0,131.0,125.0,129.0,129.0,0.0,0.0,126.09,13020.0,129.0,1641660.0,20,0.0,6.0,0.0,4.8,2.26,0.0,0.0,,
2015-01-05,133,WDBL,,230.0,238.0,228.0,228.0,228.0,0.0,0.0,233.12,228.0,230.0,53152.0,6,-2.0,10.0,0.0,4.39,-2.25,0.0,0.0,,
2015-01-05,134,YETI,,123.0,125.0,120.0,120.0,120.0,0.0,0.0,122.13,1544.0,123.0,188573.0,25,-3.0,5.0,0.0,4.17,-1.78,0.0,0.0,,
2015-01-06,1,ADBL,,487.0,480.0,466.0,475.0,475.0,0.0,0.0,473.42,3920.0,487.0,1855816.0,32,-12.0,14.0,0.0,3.0,0.33,0.0,0.0,,
2015-01-06,2,AHPC,,362.0,369.0,351.0,355.0,355.0,0.0,0.0,355.39,3966.0,362.0,1409482.0,16,-7.0,18.0,0.0,5.13,-0.11,0.0,0.0,,
2015-01-06,3,AIC,,408.0,403.0,400.0,400.0,400.0,0.0,0.0,401.64,885.0,408.0,355455.0,3,-8.0,3.0,0.0,0.75,-0.41,0.0,0.0,,
2015-01-06,4,ALICL,,1153.0,1176.0,1134.0,1160.0,1160.0,0.0,0.0,1156.7,5313.0,1153.0,6145570.0,34,7.0,42.0,0.0,3.7,0.28,0.0,0.0,,
2015-01-06,5,ALICLP,,317.0,323.0,323.0,323.0,323.0,0.0,0.0,323.0,27508.0,317.0,8885084.0,1,6.0,0.0,0.0,0.0,0.0,0.0,0.0,,
2015-01-06,6,APEX,,120.0,120.0,117.0,117.0,117.0,0.0,0.0,118.06,798.0,120.0,94214.0,20,-3.0,3.0,0.0,2.56,-0.91,0.0,0.0,,
2015-01-06,7,ARDBL,,142.0,148.0,140.0,143.0,143.0,0.0,0.0,143.99,1998.0,142.0,287686.0,30,1.0,8.0,0.0,5.71,-0.69,0.0,0.0,,
2015-01-06,8,BHBL,,157.0,155.0,155.0,155.0,155.0,0.0,0.0,155.0,250.0,157.0,38750.0,1,-2.0,0.0,0.0,0.0,0.0,0.0,0.0,,
2015-01-06,9,BLDBL,,350.0,350.0,350.0,350.0,350.0,0.0,0.0,350.0,200.0,350.0,70000.0,2,0.0,0.0,0.0,0.0,0.0,0.0,0.0,,
2015-01-06,10,BUDBL,,181.0,175.0,172.0,175.0,175.0,0.0,0.0,174.43,262.0,181.0,45700.0,2,-6.0,3.0,0.0,1.74,0.33,0.0,0.0,,
2015-01-06,11,CBL,,264.0,275.0,259.0,265.0,265.0,0.0,0.0,266.1,12366.0,264.0,3290566.0,38,1.0,16.0,0.0,6.18,-0.41,0.0,0.0,,
2015-01-06,12,CCBL,,289.0,290.0,278.0,287.0,287.0,0.0,0.0,287.68,6956.0,289.0,2001112.0,134,-2.0,12.0,0.0,4.32,-0.24,0.0,0.0,,
2015-01-06,13,CDBL,,306.0,318.0,305.0,318.0,318.0,0.0,0.0,306.29,2508.0,306.0,768171.0,8,12.0,13.0,0.0,4.26,3.68,0.0,0.0,,
2015-01-06,14,CFCL,,153.0,153.0,150.0,153.0,153.0,0.0,0.0,152.3,1401.0,153.0,213378.0,2,0.0,3.0,0.0,2.0,0.45,0.0,0.0,,
2015-01-06,15,CHCL,,1701.0,1706.0,1691.0,1691.0,1691.0,0.0,0.0,1696.35,4233.0,1701.0,7180635.0,41,-10.0,15.0,0.0,0.89,-0.32,0.0,0.0,,
2015-01-06,16,CIT,,3020.0,3045.0,3000.0,3000.0,3000.0,0.0,0.0,3012.5,180.0,3020.0,542250.0,7,-20.0,45.0,0.0,1.5,-0.42,0.0,0.0,,
2015-01-06,17,CIVIC,,280.0,282.0,282.0,282.0,282.0,0.0,0.0,282.0,162.0,280.0,45684.0,1,2.0,0.0,0.0,0.0,0.0,0.0,0.0,,
2015-01-06,18,CNDBL,,171.0,173.0,173.0,173.0,173.0,0.0,0.0,173.0,1390.0,171.0,240470.0,1,2.0,0.0,0.0,0.0,0.0,0.0,0.0,,
2015-01-06,19,CSDBL,,172.0,181.0,175.0,181.0,181.0,0.0,0.0,176.69,262.0,172.0,46294.0,11,9.0,6.0,0.0,3.43,2.38,0.0,0.0,,
2015-01-06,20,CZBIL,,428.0,431.0,412.0,430.0,430.0,0.0,0.0,427.17,2634.0,428.0,1125154.0,26,2.0,19.0,0.0,4.61,0.66,0.0,0.0,,
2015-01-06,21,DDBL,,1085.0,1137.0,1070.0,1129.0,1129.0,0.0,0.0,1097.86,2513.0,1085.0,2758921.0,14,44.0,67.0,0.0,6.26,2.76,0.0,0.0,,
2015-01-06,22,EBL,,1960.0,1963.0,1949.0,1950.0,1950.0,0.0,0.0,1952.78,4781.0,1960.0,9336224.0,25,-10.0,14.0,0.0,0.72,-0.14,0.0,0.0,,
2015-01-06,23,EIC,,940.0,950.0,950.0,950.0,950.0,0.0,0.0,950.0,500.0,940.0,475000.0,1,10.0,0.0,0.0,0.0,0.0,0.0,0.0,,
2015-01-06,24,EKBL,,203.0,213.0,196.0,205.0,205.0,0.0,0.0,203.35,5212.0,203.0,1059839.0,101,2.0,17.0,0.0,8.67,0.81,0.0,0.0,,
2015-01-06,25,FMDBL,,960.0,969.0,941.0,969.0,969.0,0.0,0.0,952.77,3623.0,960.0,3451903.0,7,9.0,28.0,0.0,2.98,1.67,0.0,0.0,,
2015-01-06,26,GABL,,94.0,95.0,95.0,95.0,95.0,0.0,0.0,95.0,35.0,94.0,3325.0,1,1.0,0.0,0.0,0.0,0.0,0.0,0.0,,
2015-01-06,27,GBBL,,326.0,326.0,318.0,326.0,326.0,0.0,0.0,321.27,639.0,326.0,205290.0,11,0.0,8.0,0.0,2.52,1.45,0.0,0.0,,
2015-01-06,28,GBIME,,502.0,505.0,487.0,503.0,503.0,0.0,0.0,499.8,7248.0,502.0,3622540.0,39,1.0,18.0,0.0,3.7,0.64,0.0,0.0,,
2015-01-06,29,GDBL,,204.0,212.0,208.0,212.0,212.0,0.0,0.0,208.19,2100.0,204.0,437200.0,6,8.0,4.0,0.0,1.92,1.8,0.0,0.0,,
2015-01-06,30,GDBNL,,228.0,0.0,0.0,228.0,228.0,0.0,0.0,25.0,119611.0,228.0,2990275.0,1,0.0,0.0,0.0,0.0,89.04,0.0,0.0,,
2015-01-06,31,GLICL,,547.0,547.0,541.0,543.0,543.0,0.0,0.0,543.48,1242.0,547.0,674996.0,16,-4.0,6.0,0.0,1.11,-0.09,0.0,0.0,,
2015-01-06,32,GRAND,,167.0,170.0,162.0,166.0,166.0,0.0,0.0,165.3,17168.0,167.0,2837922.0,24,-1.0,8.0,0.0,4.94,0.42,0.0,0.0,,
2015-01-06,33,HAMA,,118.0,120.0,116.0,120.0,120.0,0.0,0.0,116.82,2600.0,118.0,303740.0,13,2.0,4.0,0.0,3.45,2.65,0.0,0.0,,
2015-01-06,34,HBL,,815.0,816.0,800.0,805.0,805.0,0.0,0.0,806.1,3183.0,815.0,2565803.0,13,-10.0,16.0,0.0,2.0,-0.14,0.0,0.0,,
2015-01-06,35,HDL,,406.0,446.0,398.0,446.0,446.0,0.0,0.0,441.02,2480.0,406.0,1093720.0,29,40.0,48.0,0.0,12.06,1.12,0.0,0.0,,
2015-01-06,36,HGI,,461.0,452.0,440.0,445.0,445.0,0.0,0.0,445.87,1779.0,461.0,793194.0,9,-16.0,12.0,0.0,2.73,-0.19,0.0,0.0,,
2015-01-06,37,IDBL,,165.0,165.0,163.0,165.0,165.0,0.0,0.0,163.35,63.0,165.0,10291.0,3,0.0,2.0,0.0,1.23,1.0,0.0,0.0,,
2015-01-06,38,INDBL,,163.0,169.0,163.0,169.0,169.0,0.0,0.0,163.16,7017.0,163.0,1144908.0,3,6.0,6.0,0.0,3.68,3.45,0.0,0.0,,
2015-01-06,39,JBBL,,155.0,152.0,147.0,152.0,152.0,0.0,0.0,148.91,2010.0,155.0,299300.0,8,-3.0,5.0,0.0,3.4,2.04,0.0,0.0,,
2015-01-06,40,JBNL,,252.0,252.0,248.0,250.0,250.0,0.0,0.0,249.18,6209.0,252.0,1547158.0,15,-2.0,4.0,0.0,1.61,0.33,0.0,0.0,,
2015-01-06,41,JEFL,,138.0,137.0,136.0,137.0,137.0,0.0,0.0,136.5,420.0,138.0,57330.0,2,-1.0,1.0,0.0,0.74,0.36,0.0,0.0,,
2015-01-06,42,JFL,,358.0,351.0,351.0,351.0,351.0,0.0,0.0,351.0,100.0,358.0,35100.0,1,-7.0,0.0,0.0,0.0,0.0,0.0,0.0,,
2015-01-06,43,KAFIL,,214.0,215.0,207.0,207.0,207.0,0.0,0.0,210.01,1727.0,214.0,362679.0,10,-7.0,8.0,0.0,3.86,-1.45,0.0,0.0,,
2015-01-06,44,KBBL,,345.0,352.0,340.0,352.0,352.0,0.0,0.0,340.82,2200.0,345.0,749800.0,3,7.0,12.0,0.0,3.53,3.18,0.0,0.0,,
2015-01-06,45,KBL,,388.0,383.0,375.0,378.0,378.0,0.0,0.0,379.11,6412.0,388.0,2430839.0,19,-10.0,8.0,0.0,2.13,-0.29,0.0,0.0,,
2015-01-06,46,KCDBL,,175.0,175.0,172.0,175.0,175.0,0.0,0.0,173.0,102.0,175.0,17646.0,6,0.0,3.0,0.0,1.74,1.14,0.0,0.0,,
2015-01-06,47,KDBL,,119.0,122.0,115.0,121.0,121.0,0.0,0.0,118.81,3982.0,119.0,473082.0,14,2.0,7.0,0.0,6.09,1.81,0.0,0.0,,
2015-01-06,48,KEBL,,314.0,344.0,320.0,344.0,344.0,0.0,0.0,338.67,1189.0,314.0,402680.0,10,30.0,24.0,0.0,7.5,1.55,0.0,0.0,,
2015-01-06,49,KFL,,140.0,140.0,140.0,140.0,140.0,0.0,0.0,140.0,3290.0,140.0,460600.0,1,0.0,0.0,0.0,0.0,0.0,0.0,0.0,,
2015-01-06,50,KMCDB,,890.0,935.0,883.0,934.0,934.0,0.0,0.0,906.59,7553.0,890.0,6847476.0,167,44.0,52.0,0.0,5.89,2.93,0.0,0.0,,
2015-01-06,51,KRBL,,147.0,151.0,149.0,151.0,151.0,0.0,0.0,149.4,50.0,147.0,7470.0,5,4.0,2.0,0.0,1.34,1.06,0.0,0.0,,
2015-01-06,52,LBL,,480.0,500.0,480.0,490.0,490.0,0.0,0.0,485.2,1853.0,480.0,899079.0,9,10.0,20.0,0.0,4.17,0.98,0.0,0.0,,
2015-01-06,53,LFLC,,189.0,190.0,190.0,190.0,190.0,0.0,0.0,190.0,213.0,189.0,40470.0,3,1.0,0.0,0.0,0.0,0.0,0.0,0.0,,
2015-01-06,54,LGIL,,403.0,417.0,395.0,417.0,417.0,0.0,0.0,406.77,682.0,403.0,277420.0,5,14.0,22.0,0.0,5.57,2.45,0.0,0.0,,
2015-01-06,55,LICN,,3140.0,3140.0,3090.0,3140.0,3140.0,0.0,0.0,3110.5,805.0,3140.0,2503950.0,4,0.0,50.0,0.0,1.62,0.94,0.0,0.0,,
2015-01-06,56,LLBS,,717.0,726.0,706.0,720.0,720.0,0.0,0.0,716.47,3056.0,717.0,2189534.0,122,3.0,20.0,0.0,2.83,0.49,0.0,0.0,,
2015-01-06,57,LUBL,,341.0,344.0,336.0,340.0,340.0,0.0,0.0,340.54,4505.0,341.0,1534130.0,20,-1.0,8.0,0.0,2.38,-0.16,0.0,0.0,,
2015-01-06,58,LUBLPO,,153.0,153.0,153.0,153.0,153.0,0.0,0.0,153.0,10000.0,153.0,1530000.0,1,0.0,0.0,0.0,0.0,0.0,0.0,0.0,,
2015-01-06,59,MBBL,,148.0,155.0,148.0,155.0,155.0,0.0,0.0,150.76,1067.0,148.0,160857.0,8,7.0,7.0,0.0,4.73,2.74,0.0,0.0,,
2015-01-06,60,MBL,,560.0,556.0,548.0,550.0,550.0,0.0,0.0,551.09,5892.0,560.0,3247019.0,12,-10.0,8.0,0.0,1.46,-0.2,0.0,0.0,,
2015-01-06,61,MDB,,410.0,406.0,402.0,402.0,402.0,0.0,0.0,402.55,1074.0,410.0,432344.0,5,-8.0,4.0,0.0,1.0,-0.14,0.0,0.0,,
2015-01-06,62,MDBL,,146.0,145.0,144.0,145.0,145.0,0.0,0.0,144.96,1044.0,146.0,151336.0,2,-1.0,1.0,0.0,0.69,0.03,0.0,0.0,,
2015-01-06,63,MEGA,,381.0,382.0,370.0,370.0,370.0,0.0,0.0,374.07,698.0,381.0,261102.0,12,-11.0,12.0,0.0,3.24,-1.1,0.0,0.0,,
2015-01-06,64,METRO,,300.0,312.0,306.0,312.0,312.0,0.0,0.0,310.14,71.0,300.0,22020.0,3,12.0,6.0,0.0,1.96,0.6,0.0,0.0,,
2015-01-06,65,MLBBL,,1080.0,1100.0,1060.0,1060.0,1060.0,0.0,0.0,1089.26,578.0,1080.0,629593.0,7,-20.0,40.0,0.0,3.77,-2.76,0.0,0.0,,
2015-01-06,66,MMDBL,,469.0,460.0,445.0,445.0,445.0,0.0,0.0,451.32,93.0,469.0,41973.0,7,-24.0,15.0,0.0,3.37,-1.42,0.0,0.0,,
2015-01-06,67,MNBBL,,504.0,500.0,496.0,496.0,496.0,0.0,0.0,497.55,1338.0,504.0,665723.0,6,-8.0,4.0,0.0,0.81,-0.31,0.0,0.0,,
2015-01-06,68,MPFL,,114.0,117.0,115.0,116.0,116.0,0.0,0.0,115.9,710.0,114.0,82290.0,32,2.0,2.0,0.0,1.74,0.08,0.0,0.0,,
2015-01-06,69,MTBL,,220.0,228.0,223.0,228.0,228.0,0.0,0.0,223.78,264.0,220.0,59079.0,9,8.0,5.0,0.0,2.24,1.85,0.0,0.0,,
2015-01-06,70,NABIL,,1886.0,1862.0,1852.0,1852.0,1852.0,0.0,0.0,1854.37,421.0,1886.0,780690.0,5,-34.0,10.0,0.0,0.54,-0.13,0.0,0.0,,
2015-01-06,71,NABILP,,1287.0,1296.0,1285.0,1290.0,1290.0,0.0,0.0,1290.03,2102.0,1287.0,2711642.0,7,3.0,11.0,0.0,0.86,0.0,0.0,0.0,,
2015-01-06,72,NBB,,453.0,469.0,445.0,458.0,458.0,0.0,0.0,448.77,21491.0,453.0,9644564.0,33,5.0,24.0,0.0,5.39,2.01,0.0,0.0,,
2015-01-06,73,NBBL,,1878.0,1850.0,1845.0,1845.0,1845.0,0.0,0.0,1849.0,55.0,1878.0,101695.0,2,-33.0,5.0,0.0,0.27,-0.22,0.0,0.0,,
2015-01-06,74,NBF1,,14.0,13.0,13.0,13.0,13.0,0.0,0.0,13.3,17491.0,14.0,232636.0,10,0.0,0.0,0.0,0.0,-2.31,0.0,0.0,,
2015-01-06,75,NBL,,350.0,346.0,341.0,342.0,342.0,0.0,0.0,343.38,14720.0,350.0,5054512.0,31,-8.0,5.0,0.0,1.47,-0.4,0.0,0.0,,
2015-01-06,76,NCCB,,585.0,575.0,570.0,570.0,570.0,0.0,0.0,573.98,5054.0,585.0,2900885.0,5,-15.0,5.0,0.0,0.88,-0.7,0.0,0.0,,
2015-01-06,77,NCDB,,173.0,180.0,170.0,177.0,177.0,0.0,0.0,176.58,719.0,173.0,126958.0,20,4.0,10.0,0.0,5.88,0.24,0.0,0.0,,
2015-01-06,78,NGBL,,258.0,270.0,263.0,270.0,270.0,0.0,0.0,267.3,2451.0,258.0,655163.0,16,12.0,7.0,0.0,2.66,1.0,0.0,0.0,,
2015-01-06,79,NHPC,,123.0,125.0,120.0,120.0,120.0,0.0,0.0,121.21,34500.0,123.0,4181700.0,28,-3.0,5.0,0.0,4.17,-1.01,0.0,0.0,,
2015-01-06,80,NIB,,734.0,740.0,726.0,735.0,735.0,0.0,0.0,732.22,3801.0,734.0,2783175.0,14,1.0,14.0,0.0,1.93,0.38,0.0,0.0,,
2015-01-06,81,NIBPO,,475.0,499.0,478.0,490.0,490.0,0.0,0.0,484.65,2880.0,475.0,1395800.0,8,15.0,21.0,0.0,4.39,1.09,0.0,0.0,,
2015-01-06,82,NICA,,667.0,670.0,661.0,661.0,661.0,0.0,0.0,663.71,4534.0,667.0,3009263.0,30,-6.0,9.0,0.0,1.36,-0.41,0.0,0.0,,
2015-01-06,83,NICL,,423.0,415.0,405.0,405.0,405.0,0.0,0.0,407.0,1641.0,423.0,667883.0,6,-18.0,10.0,0.0,2.47,-0.49,0.0,0.0,,
2015-01-06,84,NIL,,743.0,750.0,739.0,739.0,739.0,0.0,0.0,742.82,147.0,743.0,109194.0,2,-4.0,11.0,0.0,1.49,-0.52,0.0,0.0,,
2015-01-06,85,NLBBL,,1173.0,1243.0,1190.0,1243.0,1243.0,0.0,0.0,1223.94,180.0,1173.0,220309.0,5,70.0,53.0,0.0,4.45,1.53,0.0,0.0,,
2015-01-06,86,NLG,,660.0,673.0,673.0,673.0,673.0,0.0,0.0,673.0,236.0,660.0,158828.0,1,13.0,0.0,0.0,0.0,0.0,0.0,0.0,,
2015-01-06,87,NLIC,,4299.0,4346.0,4256.0,4346.0,4346.0,0.0,0.0,4300.36,3497.0,4299.0,15038351.0,37,47.0,90.0,0.0,2.11,1.05,0.0,0.0,,
2015-01-06,88,NLICL,,2255.0,2270.0,2215.0,2240.0,2240.0,0.0,0.0,2232.34,5391.0,2255.0,12034551.0,25,-15.0,55.0,0.0,2.48,0.34,0.0,0.0,,
2015-01-06,89,NMBSF1,,11.0,11.0,10.0,11.0,11.0,0.0,0.0,10.48,32800.0,11.0,343700.0,11,0.0,1.0,0.0,10.0,4.74,0.0,0.0,,
2015-01-06,90,NNFC,,262.0,277.0,267.0,277.0,277.0,0.0,0.0,272.16,1550.0,262.0,421850.0,3,15.0,10.0,0.0,3.75,1.75,0.0,0.0,,
2015-01-06,91,NNLB,,834.0,917.0,845.0,917.0,917.0,0.0,0.0,895.55,2106.0,834.0,1886036.0,50,83.0,72.0,0.0,8.52,2.34,0.0,0.0,,
2015-01-06,92,NTC,,602.0,603.0,600.0,603.0,603.0,0.0,0.0,600.53,4020.0,602.0,2414140.0,7,1.0,3.0,0.0,0.5,0.41,0.0,0.0,,
2015-01-06,93,NUBL,,1277.0,1300.0,1275.0,1300.0,1300.0,0.0,0.0,1280.15,97.0,1277.0,124175.0,2,23.0,25.0,0.0,1.96,1.53,0.0,0.0,,
2015-01-06,94,OHL,,629.0,635.0,620.0,635.0,635.0,0.0,0.0,629.97,7260.0,629.0,4573550.0,11,6.0,15.0,0.0,2.42,0.79,0.0,0.0,,
2015-01-06,95,PADBL,,358.0,365.0,365.0,365.0,365.0,0.0,0.0,365.0,30.0,358.0,10950.0,1,7.0,0.0,0.0,0.0,0.0,0.0,0.0,,
2015-01-06,96,PCBL,,441.0,447.0,434.0,443.0,443.0,0.0,0.0,440.17,5515.0,441.0,2427558.0,26,2.0,13.0,0.0,3.0,0.64,0.0,0.0,,
2015-01-06,97,PFC,,280.0,285.0,285.0,285.0,285.0,0.0,0.0,285.0,221.0,280.0,62985.0,1,5.0,0.0,0.0,0.0,0.0,0.0,0.0,,
2015-01-06,98,PFCLL,,108.0,108.0,106.0,106.0,106.0,0.0,0.0,107.12,216.0,108.0,23138.0,3,-2.0,2.0,0.0,1.89,-1.06,0.0,0.0,,
2015-01-06,99,PFL,,198.0,201.0,201.0,201.0,201.0,0.0,0.0,201.0,50.0,198.0,10050.0,1,3.0,0.0,0.0,0.0,0.0,0.0,0.0,,
2015-01-06,100,PIC,,885.0,900.0,882.0,882.0,882.0,0.0,0.0,893.02,898.0,885.0,801933.0,6,-3.0,18.0,0.0,2.04,-1.25,0.0,0.0,,
2015-01-06,101,PICL,,421.0,462.0,429.0,462.0,462.0,0.0,0.0,438.57,205.0,421.0,89907.0,5,41.0,33.0,0.0,7.69,5.07,0.0,0.0,,
2015-01-06,102,PLIC,,978.0,995.0,976.0,980.0,980.0,0.0,0.0,981.49,845.0,978.0,829361.0,14,2.0,19.0,0.0,1.95,-0.15,0.0,0.0,,
2015-01-06,103,PRDBL,,142.0,142.0,140.0,141.0,141.0,0.0,0.0,140.95,390.0,142.0,54970.0,10,-1.0,2.0,0.0,1.43,0.04,0.0,0.0,,
2015-01-06,104,PRVU,,249.0,273.0,253.0,273.0,273.0,0.0,0.0,269.51,170924.0,249.0,46064996.0,160,24.0,20.0,0.0,7.91,1.28,0.0,0.0,,
2015-01-06,105,PURBL,,315.0,320.0,315.0,320.0,320.0,0.0,0.0,317.2,25.0,315.0,7930.0,2,5.0,5.0,0.0,1.59,0.88,0.0,0.0,,
2015-01-06,106,RBS,,6000.0,6100.0,6000.0,6100.0,6100.0,0.0,0.0,6056.47,116.0,6000.0,702550.0,4,100.0,100.0,0.0,1.67,0.71,0.0,0.0,,
2015-01-06,107,REDBL,,188.0,186.0,182.0,185.0,185.0,0.0,0.0,184.2,536.0,188.0,98729.0,8,-3.0,4.0,0.0,2.2,0.43,0.0,0.0,,
2015-01-06,108,RHPC,,471.0,480.0,471.0,479.0,479.0,0.0,0.0,476.15,2051.0,471.0,976585.0,28,8.0,9.0,0.0,1.91,0.59,0.0,0.0,,
2015-01-06,109,RLFL,,138.0,136.0,134.0,134.0,134.0,0.0,0.0,135.69,650.0,138.0,88200.0,4,-4.0,2.0,0.0,1.49,-1.26,0.0,0.0,,
2015-01-06,110,RMDC,,695.0,686.0,682.0,686.0,686.0,0.0,0.0,683.33,90.0,695.0,61500.0,3,-9.0,4.0,0.0,0.59,0.39,0.0,0.0,,
2015-01-06,111,SADBL,,300.0,300.0,295.0,295.0,295.0,0.0,0.0,296.35,690.0,300.0,204480.0,3,-5.0,5.0,0.0,1.69,-0.46,0.0,0.0,,
2015-01-06,112,SANIMA,,539.0,544.0,537.0,539.0,539.0,0.0,0.0,540.38,13664.0,539.0,7383809.0,40,0.0,7.0,0.0,1.3,-0.26,0.0,0.0,,
2015-01-06,113,SBI,,951.0,955.0,945.0,950.0,950.0,0.0,0.0,949.76,3244.0,951.0,3081019.0,9,-1.0,10.0,0.0,1.06,0.03,0.0,0.0,,
2015-01-06,114,SBL,,655.0,665.0,644.0,658.0,658.0,0.0,0.0,658.6,3423.0,655.0,2254398.0,21,3.0,21.0,0.0,3.26,-0.09,0.0,0.0,,
2015-01-06,115,SCB,,1949.0,1950.0,1900.0,1903.0,1903.0,0.0,0.0,1923.21,1312.0,1949.0,2523257.0,7,-46.0,50.0,0.0,2.63,-1.06,0.0,0.0,,
2015-01-06,116,SDBL,,160.0,160.0,157.0,158.0,158.0,0.0,0.0,158.53,4700.0,160.0,745100.0,9,-2.0,3.0,0.0,1.91,-0.34,0.0,0.0,,
2015-01-06,117,SEOS,,10.0,10.0,10.0,10.0,10.0,0.0,0.0,10.2,99182.0,10.0,1011346.0,21,0.0,0.0,0.0,0.0,-1.97,0.0,0.0,,
2015-01-06,118,SETI,,173.0,170.0,170.0,170.0,170.0,0.0,0.0,170.0,171.0,173.0,29070.0,2,-3.0,0.0,0.0,0.0,0.0,0.0,0.0,,
2015-01-06,119,SEWA,,272.0,275.0,267.0,275.0,275.0,0.0,0.0,269.71,140.0,272.0,37759.0,4,3.0,8.0,0.0,3.0,1.92,0.0,0.0,,
2015-01-06,120,SFL,,125.0,127.0,127.0,127.0,127.0,0.0,0.0,127.0,624.0,125.0,79248.0,3,2.0,0.0,0.0,0.0,0.0,0.0,0.0,,
2015-01-06,121,SHBL,,505.0,495.0,485.0,485.0,485.0,0.0,0.0,490.13,397.0,505.0,194580.0,25,-20.0,10.0,0.0,2.06,-1.06,0.0,0.0,,
2015-01-06,122,SHINE,,341.0,335.0,335.0,335.0,335.0,0.0,0.0,335.0,168.0,341.0,56280.0,1,-6.0,0.0,0.0,0.0,0.0,0.0,0.0,,
2015-01-06,123,SHL,,475.0,475.0,470.0,475.0,475.0,0.0,0.0,472.5,200.0,475.0,94500.0,2,0.0,5.0,0.0,1.06,0.53,0.0,0.0,,
2015-01-06,124,SHPC,,710.0,721.0,710.0,718.0,718.0,0.0,0.0,716.37,2456.0,710.0,1759414.0,43,8.0,11.0,0.0,1.55,0.23,0.0,0.0,,
2015-01-06,125,SIC,,1185.0,1202.0,1180.0,1190.0,1190.0,0.0,0.0,1187.7,3309.0,1185.0,3930102.0,12,5.0,22.0,0.0,1.86,0.19,0.0,0.0,,
2015-01-06,126,SICL,,811.0,809.0,800.0,809.0,809.0,0.0,0.0,805.67,1402.0,811.0,1129543.0,9,-2.0,9.0,0.0,1.13,0.41,0.0,0.0,,
2015-01-06,127,SIGS1,,15.0,15.0,15.0,15.0,15.0,0.0,0.0,15.28,11000.0,15.0,168050.0,4,0.0,0.0,0.0,0.0,-1.85,0.0,0.0,,
2015-01-06,128,SIL,,760.0,775.0,750.0,755.0,755.0,0.0,0.0,758.58,1608.0,760.0,1219801.0,9,-5.0,25.0,0.0,3.33,-0.47,0.0,0.0,,
2015-01-06,129,SKBBL,,1330.0,1305.0,1301.0,1301.0,1301.0,0.0,0.0,1303.57,67.0,1330.0,87339.0,5,-29.0,4.0,0.0,0.31,-0.2,0.0,0.0,,
2015-01-06,130,SLICL,,640.0,644.0,628.0,632.0,632.0,0.0,0.0,635.63,1802.0,640.0,1145405.0,16,-8.0,16.0,0.0,2.55,-0.57,0.0,0.0,,
2015-01-06,131,SMFDB,,1147.0,1169.0,1169.0,1169.0,1169.0,0.0,0.0,1169.0,10.0,1147.0,11690.0,1,22.0,0.0,0.0,0.0,0.0,0.0,0.0,,
2015-01-06,132,SODBL,,98.0,99.0,96.0,99.0,99.0,0.0,0.0,96.7,5658.0,98.0,547129.0,7,1.0,3.0,0.0,3.13,2.32,0.0,0.0,,
2015-01-06,133,SRBL,,407.0,413.0,400.0,412.0,412.0,0.0,0.0,408.73,11653.0,407.0,4762971.0,51,5.0,13.0,0.0,3.25,0.79,0.0,0.0,,
2015-01-06,134,TNBL,,220.0,219.0,212.0,219.0,219.0,0.0,0.0,214.77,149.0,220.0,32000.0,5,-1.0,7.0,0.0,3.3,1.93,0.0,0.0,,
2015-01-06,135,TRH,,258.0,258.0,253.0,258.0,258.0,0.0,0.0,257.57,230.0,258.0,59240.0,2,0.0,5.0,0.0,1.98,0.17,0.0,0.0,,
2015-01-06,136,UFL,,219.0,219.0,219.0,219.0,219.0,0.0,0.0,219.0,500.0,219.0,109500.0,1,0.0,0.0,0.0,0.0,0.0,0.0,0.0,,
2015-01-06,137,UIC,,881.0,898.0,898.0,898.0,898.0,0.0,0.0,898.0,60.0,881.0,53880.0,1,17.0,0.0,0.0,0.0,0.0,0.0,0.0,,
2015-01-06,138,VBBL,,129.0,130.0,128.0,130.0,130.0,0.0,0.0,128.13,9830.0,129.0,1259510.0,18,1.0,2.0,0.0,1.56,1.44,0.0,0.0,,
2015-01-06,139,WDBL,,228.0,224.0,220.0,220.0,220.0,0.0,0.0,221.98,198.0,228.0,43952.0,3,-8.0,4.0,0.0,1.82,-0.9,0.0,0.0,,
2015-01-06,140,YETI,,120.0,125.0,120.0,125.0,125.0,0.0,0.0,123.56,3614.0,120.0,446552.0,23,5.0,5.0,0.0,4.17,1.15,0.0,0.0,,
2026-04-01,1,ACLBSL,36.26,1029.0,1067.4,1001.1,1045.0,1045.0,0.0,0.0,1022.08,7363.0,1050.0,7525610.3,100,-5.0,66.3,-0.48,6.62,2.19,"1,240.00",900.00,,
2026-04-01,2,ADBL,28.48,320.0,320.0,309.2,309.5,309.5,0.0,0.0,311.32,53170.0,316.0,16553101.4,329,-6.5,10.8,-2.06,3.49,-0.59,344.90,272.30,,
2026-04-01,3,AHL,30.29,505.0,505.0,490.0,493.0,493.0,0.0,0.0,494.28,10336.0,504.0,5108861.0,130,-11.0,15.0,-2.18,3.06,-0.26,751.70,462.60,,
2026-04-01,4,AHPC,29.87,298.0,298.0,284.0,285.0,285.0,0.0,0.0,289.01,409553.0,298.0,118363572.1,1396,-13.0,14.0,-4.36,4.93,-1.41,334.00,246.00,,
2026-04-01,5,AKJCL,31.99,388.0,396.0,370.0,377.0,377.0,0.0,0.0,380.06,1114099.0,395.5,423429565.5,1476,-18.5,26.0,-4.68,7.03,-0.81,431.80,172.90,,
2026-04-01,6,AKPL,29.31,282.0,285.0,270.0,272.0,272.0,0.0,0.0,275.89,449822.0,285.0,124099466.1,1252,-13.0,15.0,-4.56,5.56,-1.43,317.00,221.20,,
2026-04-01,7,ALBSL,34.85,1200.0,1224.0,1156.1,1181.0,1181.0,0.0,0.0,1174.76,43866.0,1224.0,51531871.2,316,-43.0,67.9,-3.51,5.87,0.53,"1,334.00",771.00,,
2026-04-01,8,ALICL,29.67,467.0,472.0,458.0,467.9,467.9,0.0,0.0,464.44,53051.0,470.0,24639161.2,247,-2.1,14.0,-0.45,3.06,0.74,779.00,430.00,,
2026-04-01,9,ANLB,31.12,6381.0,6474.9,6303.0,6316.0,6316.0,0.0,0.0,6373.18,694.0,6381.0,4422988.2,35,-65.0,171.9,-1.02,2.73,-0.91,"6,800.00","4,995.00",,
2026-04-01,10,API,32.56,356.1,358.5,343.1,350.0,350.0,0.0,0.0,350.41,1304796.0,358.1,457216511.3,2393,-8.1,15.4,-2.26,4.49,-0.12,368.90,258.80,,
2026-04-01,11,AVYAN,32.97,1186.8,1283.0,1137.0,1221.0,1221.0,0.0,0.0,1194.02,23730.0,1211.0,28334029.5,291,10.0,146.0,0.83,12.84,2.21,"1,366.00",906.00,,
2026-04-01,12,BANDIPUR,30.32,920.0,920.0,875.0,878.0,878.0,0.0,0.0,894.33,75225.0,922.1,67275602.8,1003,-44.1,45.0,-4.78,5.14,-1.86,"1,233.00",285.00,,
2026-04-01,13,BARUN,29.57,361.0,362.0,345.0,346.1,346.1,0.0,0.0,351.51,145292.0,360.0,51071430.5,761,-13.9,17.0,-3.86,4.93,-1.56,589.00,292.10,,
2026-04-01,14,BBC,28.51,5100.0,5197.0,4850.0,4886.0,4886.0,0.0,0.0,4987.06,853.0,5100.0,4253961.0,54,-214.0,347.0,-4.2,7.15,-2.07,"6,661.60","4,480.00",,
2026-04-01,15,BEDC,30.55,500.0,515.0,488.1,493.1,493.1,0.0,0.0,493.74,13072.0,509.0,6454224.9,123,-15.9,26.9,-3.12,5.51,-0.13,872.00,482.00,,
2026-04-01,16,BFC,29.41,487.0,488.0,461.0,467.0,467.0,0.0,0.0,470.16,23278.0,480.0,10944500.4,166,-13.0,27.0,-2.71,5.86,-0.68,594.90,411.50,,
2026-04-01,17,BGWT,31.25,755.0,755.0,740.2,755.0,755.0,0.0,0.0,745.46,5326.0,751.2,3970340.2,81,3.8,14.8,0.51,2.0,1.26,"1,110.00",730.70,,
2026-04-01,18,BHCL,29.27,586.0,586.0,564.5,565.1,565.1,0.0,0.0,570.62,37302.0,586.0,21285228.2,451,-20.9,21.5,-3.57,3.81,-0.98,699.00,292.10,,
2026-04-01,19,BHDC,31.87,481.0,486.5,465.0,469.0,469.0,0.0,0.0,472.72,51469.0,485.5,24330585.6,351,-16.5,21.5,-3.4,4.62,-0.79,706.00,426.00,,
2026-04-01,20,BHL,29.05,231.0,232.0,217.1,218.0,218.0,0.0,0.0,223.62,566393.0,230.5,126657117.0,1961,-12.5,14.9,-5.42,6.86,-2.58,340.00,164.00,,
2026-04-01,21,BHPL,28.35,567.0,570.0,550.0,558.0,558.0,0.0,0.0,559.2,26918.0,575.0,15052540.3,214,-17.0,20.0,-2.96,3.64,-0.22,"1,308.40",503.10,,
2026-04-01,22,BJHL,36.21,590.1,636.4,590.1,636.4,636.4,0.0,0.0,634.68,660.0,578.6,418888.0,66,57.8,46.3,9.99,7.85,0.27,636.40,270.10,,
2026-04-01,23,BNHC,27.48,363.0,363.0,345.0,350.0,350.0,0.0,0.0,352.25,15310.0,365.0,5393008.1,150,-15.0,18.0,-4.11,5.22,-0.64,613.80,313.10,,
2026-04-01,24,BNL,36.27,15549.0,15549.0,15200.0,15200.0,15200.0,0.0,0.0,15349.67,30.0,15300.0,460490.0,3,-100.0,349.0,-0.65,2.3,-0.98,"19,142.50","14,635.80",,
2026-04-01,25,BNT,35.0,12100.0,12100.0,11580.0,11580.0,11580.0,0.0,0.0,11884.54,256.0,12000.0,3042441.0,12,-420.0,520.0,-3.5,4.49,-2.63,"13,550.00","10,660.00",,
2026-04-01,26,BPCL,32.74,704.0,718.0,680.0,698.7,698.7,0.0,0.0,696.92,123208.0,718.0,85866304.3,591,-19.3,38.0,-2.69,5.59,0.25,"1,065.00",393.00,,
2026-04-01,27,BUNGAL,29.98,620.0,634.9,605.7,611.0,611.0,0.0,0.0,619.57,19951.0,626.0,12361130.7,383,-15.0,29.2,-2.4,4.82,-1.4,822.00,302.40,,
2026-04-01,28,C30MF,39.21,10.1,10.11,10.0,10.1,10.1,0.0,0.0,10.03,305915.0,10.17,3069025.5,40,-0.07,0.11,-0.69,1.1,0.67,10.71,8.70,,
2026-04-01,29,CBBL,38.44,933.0,943.0,916.5,920.0,920.0,0.0,0.0,926.38,37094.0,933.0,34363133.3,454,-13.0,26.5,-1.39,2.89,-0.69,"1,144.80",822.00,,
2026-04-01,30,CCBD88,52.88,1272.0,1297.4,1272.0,1290.0,1290.0,0.0,0.0,1291.93,300.0,1248.0,387580.0,6,42.0,25.4,3.37,2.0,-0.15,"1,297.40","1,115.00",,
2026-04-01,31,CFCL,30.36,535.0,540.0,522.0,529.8,529.8,0.0,0.0,530.41,29560.0,541.9,15678887.7,138,-12.1,18.0,-2.23,3.45,-0.11,651.00,445.10,,
2026-04-01,32,CGH,33.81,840.0,856.0,816.1,820.1,820.1,0.0,0.0,826.2,57180.0,840.0,47241950.5,428,-19.9,39.9,-2.37,4.89,-0.74,"1,150.00",800.20,,
2026-04-01,33,CHCL,29.18,499.1,508.7,491.1,493.0,493.0,0.0,0.0,495.22,52270.0,507.4,25885207.2,373,-14.4,17.6,-2.84,3.58,-0.45,599.60,456.00,,
2026-04-01,34,CHDC,31.14,2500.0,2500.0,2394.0,2398.0,2398.0,0.0,0.0,2420.54,35370.0,2484.0,85614438.7,398,-86.0,106.0,-3.46,4.43,-0.94,"2,997.90","1,990.00",,
2026-04-01,35,CHL,30.49,300.2,302.0,287.0,290.0,290.0,0.0,0.0,292.6,96989.0,303.0,28379153.8,352,-13.0,15.0,-4.29,5.23,-0.9,524.20,223.40,,
2026-04-01,36,CIT,33.18,1824.0,1824.0,1780.0,1800.0,1800.0,0.0,0.0,1799.46,17849.0,1824.0,32118484.3,387,-24.0,44.0,-1.32,2.47,0.03,"2,168.00","1,730.80",,
2026-04-01,37,CITY,33.69,499.0,499.0,473.0,477.0,477.0,0.0,0.0,481.89,35261.0,491.0,16991884.4,177,-14.0,26.0,-2.85,5.5,-1.02,998.40,461.00,,
2026-04-01,38,CIZBD90,31.62,1250.0,1250.0,1250.0,1250.0,1250.0,0.0,0.0,1250.0,75.0,1250.0,93750.0,2,0.0,0.0,0.0,0.0,0.0,"1,303.00","1,120.00",,
2026-04-01,39,CKHL,29.08,685.0,698.5,660.9,697.0,697.0,0.0,0.0,687.37,6180.0,698.0,4247920.9,64,-1.0,37.6,-0.14,5.69,1.38,804.00,550.00,,
2026-04-01,40,CLI,31.17,475.0,480.0,466.0,470.5,470.5,0.0,0.0,471.35,33633.0,479.9,15853063.8,353,-9.4,14.0,-1.96,3.0,-0.18,540.00,411.00,,
2026-04-01,41,CMF2,30.42,10.27,10.27,10.13,10.13,10.13,0.0,0.0,10.13,14350.0,10.47,145425.5,3,-0.34,0.14,-3.25,1.38,-0.04,10.86,8.64,,
2026-04-01,42,CORBL,26.15,1938.0,1938.0,1794.0,1830.7,1830.7,0.0,0.0,1833.88,5662.0,1900.0,10383443.6,146,-69.3,144.0,-3.65,8.03,-0.17,"2,800.00","1,431.00",,
2026-04-01,43,CREST,31.73,1369.0,1369.0,1291.0,1351.0,1351.0,0.0,0.0,1317.77,23261.0,1352.0,30652538.5,358,-1.0,78.0,-0.07,6.04,2.46,"2,458.20",302.50,,
2026-04-01,44,CSY,24.96,9.45,9.5,9.27,9.42,9.42,0.0,0.0,9.42,9651.0,9.45,90958.95,38,-0.03,0.23,-0.32,2.48,-0.05,10.00,8.87,,
2026-04-01,45,CYCL,32.91,1595.2,1649.0,1568.9,1590.0,1590.0,0.0,0.0,1592.98,6102.0,1620.0,9720385.8,115,-30.0,80.1,-1.85,5.11,-0.19,"2,040.00","1,462.00",,
2026-04-01,46,CZBIL,27.26,210.8,219.0,208.0,212.0,212.0,0.0,0.0,211.34,92903.0,215.1,19634043.1,370,-3.1,11.0,-1.44,5.29,0.31,240.10,183.00,,
2026-04-01,47,DDBL,30.59,885.0,885.0,853.0,853.1,853.1,0.0,0.0,861.49,20944.0,873.0,18043139.1,163,-19.9,32.0,-2.28,3.75,-0.98,"1,010.00",760.20,,
2026-04-01,48,DHEL,26.79,695.0,695.0,653.1,661.0,661.0,0.0,0.0,672.87,22369.0,695.0,15051348.0,459,-34.0,41.9,-4.89,6.42,-1.8,918.90,402.20,,
2026-04-01,49,DHPL,29.44,325.9,325.9,308.0,310.0,310.0,0.0,0.0,312.75,18173.0,320.3,5683539.0,121,-10.3,17.9,-3.22,5.81,-0.89,415.00,265.00,,
2026-04-01,50,DLBS,33.63,1337.0,1338.0,1295.0,1319.0,1319.0,0.0,0.0,1311.24,2104.0,1340.3,2758850.0,48,-21.3,43.0,-1.59,3.32,0.59,"1,684.00","1,240.00",,
2026-04-01,51,DOLTI,30.93,490.0,497.9,478.1,485.0,485.0,0.0,0.0,486.23,8236.0,498.5,4004579.0,112,-13.5,19.8,-2.71,4.14,-0.25,719.00,470.60,,
2026-04-01,52,DORDI,28.39,295.0,295.0,279.3,282.0,282.0,0.0,0.0,286.22,160022.0,294.0,45801728.1,585,-12.0,15.7,-4.08,5.62,-1.5,450.00,213.10,,
2026-04-01,53,EBL,31.15,700.0,706.0,692.1,697.0,697.0,0.0,0.0,697.66,50636.0,702.0,35326675.7,288,-5.0,13.9,-0.71,2.01,-0.09,780.60,600.00,,
2026-04-01,54,EBLD85,28.51,1145.0,1145.0,1145.0,1145.0,1145.0,0.0,0.0,1145.0,25.0,1156.0,28625.0,1,-11.0,0.0,-0.95,0.0,0.0,"1,250.00","1,102.50",,
2026-04-01,55,EBLD91,32.48,1110.0,1110.0,1110.0,1110.0,1110.0,0.0,0.0,1110.0,26.0,1102.0,28860.0,2,8.0,0.0,0.73,0.0,0.0,"1,142.40",994.40,,
2026-04-01,56,EBLEB89,39.92,1066.0,1087.3,1066.0,1087.3,1087.3,0.0,0.0,1079.43,75.0,1045.2,80957.5,3,42.1,21.3,4.03,2.0,0.72,"1,117.90",996.10,,
2026-04-01,57,EDBL,27.48,601.0,606.9,590.6,594.5,594.5,0.0,0.0,593.7,14214.0,607.9,8438902.2,85,-13.4,16.3,-2.2,2.76,0.13,717.30,545.00,,
2026-04-01,58,EHPL,28.53,426.0,430.0,410.0,413.0,413.0,0.0,0.0,416.65,39675.0,426.0,16530422.0,267,-13.0,20.0,-3.05,4.88,-0.88,712.00,385.00,,
2026-04-01,59,ENL,29.76,903.1,921.0,902.2,910.0,910.0,0.0,0.0,913.16,1741.0,920.0,1589814.7,30,-10.0,18.8,-1.09,2.08,-0.35,"1,289.80",866.00,,
2026-04-01,60,FMDBL,31.46,830.5,842.0,811.0,815.0,815.0,0.0,0.0,822.32,67708.0,844.0,55677537.9,360,-29.0,31.0,-3.44,3.82,-0.9,"1,038.80",718.00,,
2026-04-01,61,FOWAD,34.01,1159.9,1159.9,1115.6,1127.0,1127.0,0.0,0.0,1122.84,7427.0,1150.0,8339338.9,95,-23.0,44.3,-2.0,3.97,0.37,"1,324.40","1,012.40",,
2026-04-01,62,GBBD85,35.94,1070.0,1091.4,1070.0,1091.4,1091.4,0.0,0.0,1080.85,100.0,1068.0,108085.0,4,23.4,21.4,2.19,2.0,0.97,"1,135.00","1,020.10",,
2026-04-01,63,GBBL,30.86,417.0,420.0,405.0,405.0,405.0,0.0,0.0,410.51,58345.0,420.0,23951025.7,297,-15.0,15.0,-3.57,3.7,-1.36,498.00,367.40,,
2026-04-01,64,GBILD84/85,25.3,1160.0,1160.0,1160.0,1160.0,1160.0,0.0,0.0,1160.0,25.0,1162.0,29000.0,1,-2.0,0.0,-0.17,0.0,0.0,"1,238.00","1,104.00",,
2026-04-01,65,GBILD86/87,28.09,1082.2,1082.2,1082.2,1082.2,1082.2,0.0,0.0,1082.2,25.0,1090.1,27055.0,1,-7.9,0.0,-0.72,0.0,0.0,"1,142.00","1,016.00",,
2026-04-01,66,GBIME,33.09,244.0,245.5,236.2,239.0,239.0,0.0,0.0,240.07,388885.0,244.0,93358770.1,783,-5.0,9.3,-2.05,3.94,-0.45,278.90,213.00,,
2026-04-01,67,GBIMESY2,25.79,9.55,9.6,9.48,9.6,9.6,0.0,0.0,9.54,1000.0,9.55,9541.0,8,0.05,0.12,0.52,1.27,0.61,10.18,8.50,,
2026-04-01,68,GBLBS,27.53,781.0,790.0,770.0,779.0,779.0,0.0,0.0,780.24,4815.0,795.0,3756860.1,86,-16.0,20.0,-2.01,2.6,-0.16,950.00,698.00,,
2026-04-01,69,GCIL,29.79,443.0,444.9,432.1,436.9,436.9,0.0,0.0,436.27,42413.0,446.5,18503575.2,373,-9.6,12.8,-2.15,2.96,0.14,579.00,400.00,,
2026-04-01,70,GFCL,30.57,671.0,671.0,645.0,646.0,646.0,0.0,0.0,652.65,26515.0,671.0,17305089.7,209,-25.0,26.0,-3.73,4.03,-1.03,756.80,528.30,,
2026-04-01,71,GHL,28.22,248.0,256.0,237.0,239.9,239.9,0.0,0.0,244.38,216834.0,252.3,52990863.1,699,-12.4,19.0,-4.91,8.02,-1.87,291.00,197.10,,
2026-04-01,72,GIBF1,35.59,11.08,11.25,11.07,11.07,11.07,0.0,0.0,11.08,112835.0,11.15,1249723.15,21,-0.08,0.18,-0.72,1.63,-0.05,11.68,9.30,,
2026-04-01,73,GILB,29.66,1173.0,1173.0,1149.0,1149.0,1149.0,0.0,0.0,1155.1,3043.0,1195.0,3514974.2,52,-46.0,24.0,-3.85,2.09,-0.53,"1,441.60","1,100.00",,
2026-04-01,74,GLBSL,30.67,1935.0,1940.0,1895.1,1914.0,1914.0,0.0,0.0,1904.18,1957.0,1935.0,3726478.5,58,-21.0,44.9,-1.09,2.37,0.51,"3,232.00","1,838.60",,
2026-04-01,75,GLH,27.26,287.1,290.0,274.0,278.0,278.0,0.0,0.0,279.49,184070.0,290.0,51444990.7,720,-12.0,16.0,-4.14,5.84,-0.53,328.20,227.40,,
2026-04-01,76,GMFBS,32.45,1405.0,1440.0,1370.0,1370.0,1370.0,0.0,0.0,1388.7,2075.0,1414.0,2881551.5,51,-44.0,70.0,-3.11,5.11,-1.36,"1,871.00","1,370.00",,
2026-04-01,77,GMFIL,26.99,504.0,504.0,480.0,485.0,485.0,0.0,0.0,485.44,15420.0,504.0,7485519.6,108,-19.0,24.0,-3.77,5.0,-0.09,557.00,393.10,,
2026-04-01,78,GMLI,34.87,1702.0,1705.0,1635.0,1650.0,1650.0,0.0,0.0,1681.58,6217.0,1725.0,10454368.9,214,-75.0,70.0,-4.35,4.28,-1.91,"2,778.00","1,635.00",,
2026-04-01,79,GRDBL,33.52,1117.2,1130.0,1070.0,1120.0,1120.0,0.0,0.0,1096.49,28646.0,1140.0,31409994.2,299,-20.0,60.0,-1.75,5.61,2.1,"1,668.40",944.00,,
2026-04-01,80,GSY,33.18,10.0,10.0,9.9,10.0,10.0,0.0,0.0,10.0,15950.0,10.01,159444.0,30,-0.01,0.1,-0.1,1.01,0.04,10.40,8.70,,
2026-04-01,81,GUFL,26.56,557.0,557.0,545.1,545.1,545.1,0.0,0.0,552.31,9439.0,567.0,5213207.9,114,-21.9,11.9,-3.86,2.18,-1.32,644.00,460.60,,
2026-04-01,82,GVL,28.0,495.1,500.0,489.0,490.0,490.0,0.0,0.0,492.91,52383.0,500.0,25820216.7,305,-10.0,11.0,-2.0,2.25,-0.59,662.00,424.00,,
2026-04-01,83,H8020,31.03,11.41,11.78,11.41,11.54,11.54,0.0,0.0,11.7,22875.0,11.63,267740.75,19,-0.09,0.37,-0.77,3.24,-1.43,12.21,10.00,,
2026-04-01,84,HATHY,30.69,905.0,930.0,902.0,910.0,910.0,0.0,0.0,909.93,13691.0,921.1,12457913.8,190,-11.1,28.0,-1.21,3.1,0.01,"1,469.80",875.50,,
2026-04-01,85,HBL,28.62,218.0,218.0,206.8,208.9,208.9,0.0,0.0,209.66,145294.0,214.7,30462367.3,1248,-5.8,11.2,-2.7,5.42,-0.36,261.00,184.00,,
2026-04-01,86,HBLD83,46.19,1029.6,1031.0,1029.0,1031.0,1031.0,0.0,0.0,1030.45,75.0,1050.0,77284.0,3,-19.0,2.0,-1.81,0.19,0.05,"1,111.00","1,020.00",,
2026-04-01,87,HBLD86,29.1,1127.9,1127.9,1127.9,1127.9,1127.9,0.0,0.0,1127.9,25.0,1126.4,28197.5,1,1.5,0.0,0.13,0.0,0.0,"1,201.00","1,095.10",,
2026-04-01,88,HDHPC,29.11,232.4,236.0,215.0,217.5,217.5,0.0,0.0,222.91,744682.0,232.4,165994236.2,1985,-14.9,21.0,-6.41,9.77,-2.49,274.00,162.00,,
2026-04-01,89,HDL,29.21,1185.0,1200.0,1160.1,1170.0,1170.0,0.0,0.0,1172.76,66565.0,1185.0,78065052.6,959,-15.0,39.9,-1.27,3.44,-0.24,"1,556.10","1,103.00",,
2026-04-01,90,HEI,31.27,545.5,545.5,526.0,526.0,526.0,0.0,0.0,534.61,18057.0,546.9,9653484.2,75,-20.9,19.5,-3.82,3.71,-1.64,654.00,458.00,,
2026-04-01,91,HEIP,42.46,324.4,334.5,324.0,330.0,330.0,0.0,0.0,326.11,12570.0,331.0,4099229.0,11,-1.0,10.5,-0.3,3.24,1.18,398.00,293.10,,
2026-04-01,92,HFIN,34.43,356.0,384.7,356.0,384.7,384.7,0.0,0.0,382.47,450.0,349.8,172111.0,45,34.9,28.7,9.98,8.06,0.58,384.70,101.70,,
2026-04-01,93,HHL,28.76,364.0,364.0,341.1,343.1,343.1,0.0,0.0,348.18,61241.0,357.0,21322897.7,350,-13.9,22.9,-3.89,6.71,-1.48,545.00,310.70,,
2026-04-01,94,HIDCL,29.96,283.8,283.8,270.0,271.0,271.0,0.0,0.0,273.8,357309.0,283.8,97829523.6,1133,-12.8,13.8,-4.51,5.11,-1.03,340.00,245.00,,
2026-04-01,95,HIDCLP,30.2,219.0,219.0,200.0,204.0,204.0,0.0,0.0,206.75,974896.0,214.8,201559110.1,1130,-10.8,19.0,-5.03,9.5,-1.35,239.00,172.80,,
2026-04-01,96,HIMSTAR,30.88,942.0,944.0,910.0,931.0,931.0,0.0,0.0,925.75,11755.0,959.0,10882247.3,234,-28.0,34.0,-2.92,3.74,0.56,"1,264.00",252.20,,
2026-04-01,97,HLBSL,36.79,928.0,938.1,910.0,920.0,920.0,0.0,0.0,919.19,4471.0,940.0,4109678.9,53,-20.0,28.1,-2.13,3.09,0.09,"1,100.00",837.00,,
2026-04-01,98,HLI,35.01,370.0,374.0,360.0,365.0,365.0,0.0,0.0,366.17,230832.0,377.0,84523091.8,1082,-12.0,14.0,-3.18,3.89,-0.32,464.00,354.80,,
2026-04-01,99,HLICF,24.94,9.5,9.6,9.32,9.33,9.33,0.0,0.0,9.44,1910.0,9.67,18035.0,13,-0.34,0.28,-3.52,3.0,-1.2,10.55,8.74,,
2026-04-01,100,HPPL,33.7,396.0,397.0,383.0,390.6,390.6,0.0,0.0,388.26,138405.0,396.0,53737278.8,546,-5.4,14.0,-1.36,3.66,0.6,711.00,383.00,,
2026-04-01,101,HRL,36.21,819.0,827.0,785.0,786.9,786.9,0.0,0.0,801.36,889897.0,835.0,713126644.6,7230,-48.1,42.0,-5.76,5.35,-1.84,"1,139.90",762.10,,
2026-04-01,102,HURJA,31.2,296.0,296.0,276.1,277.0,277.0,0.0,0.0,284.86,503961.0,295.9,143558099.1,1025,-18.9,19.9,-6.39,7.21,-2.84,312.10,204.60,,
2026-04-01,103,ICFC,30.9,654.2,654.6,633.1,642.0,642.0,0.0,0.0,641.66,22068.0,654.0,14160104.2,143,-12.0,21.5,-1.83,3.4,0.05,730.90,555.00,,
2026-04-01,104,ICFCD83,51.44,1092.1,1095.0,1090.0,1095.0,1095.0,0.0,0.0,1091.05,430.0,1110.0,469153.0,7,-15.0,5.0,-1.35,0.46,0.36,"1,368.90","1,088.50",,
2026-04-01,105,ICFCD88,49.73,1164.0,1199.0,1164.0,1199.0,1199.0,0.0,0.0,1188.39,894.0,1150.0,1062425.0,20,49.0,35.0,4.26,3.01,0.88,"1,216.00","1,044.10",,
2026-04-01,106,IGI,31.03,451.1,457.8,443.0,448.0,448.0,0.0,0.0,447.05,33732.0,460.0,15080009.2,195,-12.0,14.8,-2.61,3.34,0.21,600.00,392.00,,
2026-04-01,107,IHL,28.73,500.0,507.9,499.4,499.6,499.6,0.0,0.0,500.54,7197.0,507.9,3602372.0,85,-8.3,8.5,-1.63,1.7,-0.19,705.00,490.00,,
2026-04-01,108,ILBS,27.46,1005.0,1020.0,972.0,989.0,989.0,0.0,0.0,986.64,4766.0,1025.0,4702339.4,73,-36.0,48.0,-3.51,4.94,0.24,"1,311.00",795.20,,
2026-04-01,109,ILI,29.02,453.8,453.8,443.0,443.2,443.2,0.0,0.0,446.58,22514.0,453.7,10054319.4,321,-10.5,10.8,-2.31,2.44,-0.76,500.00,405.00,,
2026-04-01,110,JBBD87,27.17,1145.0,1145.0,1145.0,1145.0,1145.0,0.0,0.0,1145.0,25.0,1155.0,28625.0,1,-10.0,0.0,-0.87,0.0,0.0,"1,289.00","1,042.00",,
2026-04-01,111,JBBL,30.43,375.0,375.0,356.8,361.0,361.0,0.0,0.0,363.79,152348.0,374.9,55422221.2,534,-13.9,18.2,-3.71,5.1,-0.77,413.00,295.00,,
2026-04-01,112,JBLB,31.78,1346.0,1347.1,1304.0,1315.0,1315.0,0.0,0.0,1320.84,11983.0,1345.0,15827609.9,267,-30.0,43.1,-2.23,3.31,-0.44,"1,644.00","1,270.70",,
2026-04-01,113,JFL,35.53,444.0,449.0,427.6,430.0,430.0,0.0,0.0,431.66,8157.0,444.0,3521069.3,97,-14.0,21.4,-3.15,5.0,-0.39,558.00,395.00,,
2026-04-01,114,JHAPA,42.02,1415.6,1440.0,1315.0,1415.0,1415.0,0.0,0.0,1361.96,19401.0,1387.9,26423426.0,198,27.1,125.0,1.95,9.51,3.75,"1,749.00",293.40,,
2026-04-01,115,JOSHI,30.01,304.0,310.0,289.0,293.0,293.0,0.0,0.0,295.25,69239.0,304.0,20442909.2,363,-11.0,21.0,-3.62,7.27,-0.77,487.00,254.00,,
2026-04-01,116,JSLBB,26.66,1166.9,1189.0,1160.0,1170.0,1170.0,0.0,0.0,1172.01,508.0,1190.0,595379.7,14,-20.0,29.0,-1.68,2.5,-0.17,"1,535.80","1,059.00",,
2026-04-01,117,KBL,32.35,232.0,232.8,220.1,221.0,221.0,0.0,0.0,224.31,1882209.0,232.0,422199137.2,3009,-11.0,12.7,-4.74,5.77,-1.5,256.00,175.50,,
2026-04-01,118,KBLPO,40.74,100.0,100.0,100.0,100.0,100.0,0.0,0.0,100.0,283303.0,100.0,28330300.0,3,0.0,0.0,0.0,0.0,0.0,115.00,100.00,,
2026-04-01,119,KBSH,31.99,1678.8,1678.8,1650.2,1650.2,1650.2,0.0,0.0,1651.19,496.0,1713.0,818987.8,15,-62.8,28.6,-3.67,1.73,-0.06,"2,435.00","1,618.00",,
2026-04-01,120,KDBY,38.14,10.57,10.89,10.42,10.71,10.71,0.0,0.0,10.57,94700.0,10.76,1000603.0,39,-0.05,0.47,-0.46,4.51,1.34,10.89,8.67,,
2026-04-01,121,KDL,30.34,872.1,891.2,856.6,861.0,861.0,0.0,0.0,868.78,5224.0,885.1,4538508.3,113,-24.1,34.6,-2.72,4.04,-0.9,"1,212.00",770.00,,
2026-04-01,122,KEF,30.56,9.85,9.91,9.85,9.88,9.88,0.0,0.0,9.88,18850.0,9.99,186275.5,19,-0.11,0.06,-1.1,0.61,-0.02,10.42,8.31,,
2026-04-01,123,KKHC,26.53,274.0,278.0,260.1,261.9,261.9,0.0,0.0,267.53,102373.0,274.0,27387374.2,517,-12.1,17.9,-4.42,6.88,-2.15,475.90,208.00,,
2026-04-01,124,KMCDB,28.51,931.0,942.0,920.0,920.0,920.0,0.0,0.0,925.95,3454.0,942.1,3198235.9,43,-22.1,22.0,-2.35,2.39,-0.65,"1,223.00",893.00,,
2026-04-01,125,KPCL,26.59,525.0,525.0,511.5,514.0,514.0,0.0,0.0,516.25,39384.0,525.0,20332182.2,276,-11.0,13.5,-2.1,2.64,-0.44,711.00,491.00,,
2026-04-01,126,KSBBL,32.92,480.0,485.0,462.7,470.1,470.1,0.0,0.0,472.43,123354.0,485.0,58276530.9,335,-14.9,22.3,-3.07,4.82,-0.5,588.00,404.10,,
2026-04-01,127,KSBBLD87,42.22,1160.0,1170.9,1160.0,1170.9,1170.9,0.0,0.0,1163.75,305.0,1148.0,354944.5,2,22.9,10.9,1.99,0.94,0.61,"1,178.10","1,041.30",,
2026-04-01,128,KSY,29.61,9.6,9.7,9.58,9.58,9.58,0.0,0.0,9.63,6000.0,9.75,57806.0,7,-0.17,0.12,-1.74,1.25,-0.57,10.51,8.21,,
2026-04-01,129,LBBL,28.01,500.0,500.0,482.0,486.0,486.0,0.0,0.0,489.82,73383.0,501.5,35944808.2,324,-15.5,18.0,-3.09,3.73,-0.79,646.30,376.50,,
2026-04-01,130,LEC,29.33,239.3,244.9,227.0,230.0,230.0,0.0,0.0,235.26,458268.0,244.1,107810843.0,1236,-14.1,17.9,-5.78,7.89,-2.29,276.00,180.00,,
2026-04-01,131,LICN,28.83,850.0,850.5,826.0,830.0,830.0,0.0,0.0,835.8,27673.0,855.0,23129045.6,226,-25.0,24.5,-2.92,2.97,-0.7,"1,033.40",773.00,,
2026-04-01,132,LLBS,25.78,1000.0,1000.0,980.0,989.0,989.0,0.0,0.0,981.99,697.0,1020.0,684447.0,18,-31.0,20.0,-3.04,2.04,0.71,"1,300.50",865.00,,
2026-04-01,133,LSL,30.2,220.0,222.8,212.3,214.5,214.5,0.0,0.0,216.09,205121.0,221.9,44325568.7,429,-7.4,10.5,-3.33,4.95,-0.74,252.00,201.00,,
2026-04-01,134,LUK,36.21,9.85,9.94,9.7,9.85,9.85,0.0,0.0,9.86,13100.0,9.86,129193.0,9,-0.01,0.24,-0.1,2.47,-0.12,11.97,8.97,,
2026-04-01,135,LVF2,36.24,9.85,10.0,9.7,10.0,10.0,0.0,0.0,9.86,22623.0,9.86,223093.55,15,0.14,0.3,1.42,3.09,1.39,11.45,8.76,,
2026-04-01,136,MABEL,29.71,745.0,745.0,705.1,712.0,712.0,0.0,0.0,720.4,14447.0,744.0,10407689.6,290,-32.0,39.9,-4.3,5.66,-1.18,927.00,317.70,,
2026-04-01,137,MAKAR,28.45,520.0,529.0,510.0,510.0,510.0,0.0,0.0,516.61,7239.0,527.1,3739748.4,77,-17.1,19.0,-3.24,3.73,-1.3,802.00,504.10,,
2026-04-01,138,MANDU,31.34,821.0,837.2,805.0,825.0,825.0,0.0,0.0,821.78,3592.0,835.1,2951816.6,89,-10.1,32.2,-1.21,4.0,0.39,970.00,766.50,,
2026-04-01,139,MATRI,29.33,970.0,970.0,955.0,955.0,955.0,0.0,0.0,959.53,1849.0,968.8,1774167.8,38,-13.8,15.0,-1.42,1.57,-0.47,"1,347.00",904.00,,
2026-04-01,140,MBJC,27.33,303.0,303.0,292.3,293.0,293.0,0.0,0.0,295.65,43968.0,304.0,12999211.2,377,-11.0,10.7,-3.62,3.66,-0.9,371.00,270.00,,
2026-04-01,141,MBL,29.27,259.5,259.5,245.0,248.0,248.0,0.0,0.0,248.38,203926.0,254.5,50650128.5,394,-6.5,14.5,-2.55,5.92,-0.15,284.00,205.00,,
2026-04-01,142,MBLEF,25.33,10.25,10.3,10.25,10.3,10.3,0.0,0.0,10.29,30820.0,10.26,317002.0,23,0.04,0.05,0.39,0.49,0.14,10.80,8.59,,
2026-04-01,143,MCHL,31.84,403.0,407.0,396.0,396.0,396.0,0.0,0.0,402.03,9869.0,411.0,3967661.1,69,-15.0,11.0,-3.65,2.78,-1.52,641.00,392.00,,
2026-04-01,144,MDB,28.54,634.8,634.8,610.0,614.0,614.0,0.0,0.0,617.99,19405.0,628.0,11992041.7,123,-14.0,24.8,-2.23,4.07,-0.65,729.70,530.50,,
2026-04-01,145,MEHL,27.79,449.0,455.0,435.1,440.0,440.0,0.0,0.0,442.8,17459.0,458.0,7730900.0,140,-18.0,19.9,-3.93,4.57,-0.64,580.00,372.40,,
2026-04-01,146,MEL,28.67,287.0,289.0,278.0,280.0,280.0,0.0,0.0,281.52,26430.0,289.0,7440582.5,226,-9.0,11.0,-3.11,3.96,-0.54,350.00,255.00,,
2026-04-01,147,MEN,33.11,604.2,605.0,587.0,599.9,599.9,0.0,0.0,594.13,135322.0,604.2,80399266.4,695,-4.3,18.0,-0.71,3.07,0.96,683.40,535.00,,
2026-04-01,148,MERO,32.72,752.7,754.1,725.0,749.0,749.0,0.0,0.0,737.8,31223.0,765.0,23036352.8,203,-16.0,29.1,-2.09,4.01,1.5,"1,000.00",668.00,,
2026-04-01,149,MFIL,27.53,804.0,824.1,797.0,800.0,800.0,0.0,0.0,805.42,73022.0,820.0,58813366.0,302,-20.0,27.1,-2.44,3.4,-0.68,938.00,545.00,,
2026-04-01,150,MFLD85,52.88,1175.0,1203.0,1175.0,1203.0,1203.0,0.0,0.0,1190.67,850.0,1162.7,1012067.5,8,40.3,28.0,3.47,2.38,1.03,"1,203.00","1,052.60",,
2026-04-01,151,MHCL,29.09,360.0,373.1,359.0,362.0,362.0,0.0,0.0,365.76,22103.0,360.0,8084403.5,207,2.0,14.1,0.56,3.93,-1.04,543.90,325.00,,
2026-04-01,152,MHL,29.38,530.1,535.0,516.0,519.0,519.0,0.0,0.0,522.91,25407.0,535.0,13285576.3,180,-16.0,19.0,-2.99,3.68,-0.75,738.70,445.00,,
2026-04-01,153,MHNL,28.2,287.0,287.0,270.0,276.0,276.0,0.0,0.0,275.35,42366.0,286.0,11665371.7,167,-10.0,17.0,-3.5,6.3,0.24,324.00,226.00,,
2026-04-01,154,MKCL,40.47,1391.0,1392.0,1346.0,1360.0,1360.0,0.0,0.0,1365.77,6453.0,1400.0,8813334.1,120,-40.0,46.0,-2.86,3.42,-0.42,"1,900.00","1,333.00",,
2026-04-01,155,MKHC,29.99,348.0,351.0,328.0,329.0,329.0,0.0,0.0,333.48,49649.0,348.0,16556728.0,285,-19.0,23.0,-5.46,7.01,-1.36,543.00,310.70,,
2026-04-01,156,MKHL,30.6,761.2,776.0,745.0,761.1,761.1,0.0,0.0,750.74,5896.0,776.0,4426380.7,68,-14.9,31.0,-1.92,4.16,1.36,"1,027.00",652.00,,
2026-04-01,157,MKJC,27.17,520.0,523.0,510.0,518.0,518.0,0.0,0.0,514.57,16895.0,520.0,8693708.4,161,-2.0,13.0,-0.38,2.55,0.66,635.00,475.50,,
2026-04-01,158,MLBBL,30.63,1322.0,1328.0,1293.7,1306.0,1306.0,0.0,0.0,1307.7,3933.0,1343.0,5143165.9,71,-37.0,34.3,-2.76,2.65,-0.13,"1,690.00","1,285.00",,
2026-04-01,159,MLBL,29.85,389.9,391.0,375.0,378.0,378.0,0.0,0.0,378.87,63617.0,388.0,24102839.4,205,-10.0,16.0,-2.58,4.27,-0.23,468.60,348.90,,
2026-04-01,160,MLBS,32.0,1451.6,1458.0,1402.0,1445.0,1445.0,0.0,0.0,1421.93,1459.0,1451.6,2074596.3,34,-6.6,56.0,-0.45,3.99,1.6,"1,900.00","1,395.00",,
2026-04-01,161,MLBSL,29.84,1885.0,1885.0,1840.0,1840.0,1840.0,0.0,0.0,1856.57,1378.0,1919.0,2558351.0,61,-79.0,45.0,-4.12,2.45,-0.9,"2,435.50","1,808.40",,
2026-04-01,162,MMF1,30.91,9.8,9.95,9.42,9.8,9.8,0.0,0.0,9.73,19800.0,9.94,192570.93,33,-0.14,0.53,-1.41,5.63,0.76,10.09,8.22,,
2026-04-01,163,MMKJL,30.28,555.0,560.0,542.0,550.0,550.0,0.0,0.0,548.9,9941.0,560.0,5456589.3,96,-10.0,18.0,-1.79,3.32,0.2,732.90,528.20,,
2026-04-01,164,MNBBL,29.8,381.1,383.8,371.0,373.2,373.2,0.0,0.0,377.23,78799.0,384.5,29725185.1,466,-11.3,12.8,-2.94,3.45,-1.08,503.00,340.10,,
2026-04-01,165,MNMF1,36.62,10.0,10.1,9.81,10.0,10.0,0.0,0.0,10.03,76210.0,10.1,764027.1,40,-0.1,0.29,-0.99,2.96,-0.25,10.27,8.53,,
2026-04-01,166,MPFL,27.51,650.7,658.0,611.0,626.9,626.9,0.0,0.0,629.61,28061.0,650.4,17667442.7,258,-23.5,47.0,-3.61,7.69,-0.43,744.00,491.00,,
2026-04-01,167,MSHL,32.73,780.0,780.0,756.0,773.0,773.0,0.0,0.0,767.64,3433.0,778.8,2635319.3,44,-5.8,24.0,-0.74,3.17,0.69,979.00,756.00,,
2026-04-01,168,MSLB,29.27,1323.0,1336.2,1280.0,1285.1,1285.1,0.0,0.0,1307.24,2483.0,1349.9,3245883.3,69,-64.8,56.2,-4.8,4.39,-1.72,"1,710.00","1,130.20",,
2026-04-01,169,NABBC,26.67,1428.0,1428.0,1320.0,1346.4,1346.4,0.0,0.0,1365.96,15898.0,1400.0,21716102.2,126,-53.6,108.0,-3.83,8.18,-1.45,"1,917.00",662.00,,
2026-04-01,170,NABIL,29.36,531.0,531.0,520.0,523.0,523.0,0.0,0.0,523.99,70913.0,531.0,37157925.3,628,-8.0,11.0,-1.51,2.12,-0.19,562.00,471.00,,
2026-04-01,171,NABILD87,32.17,1142.0,1142.0,1142.0,1142.0,1142.0,0.0,0.0,1142.0,25.0,1142.0,28550.0,1,0.0,0.0,0.0,0.0,0.0,"1,180.00","1,040.00",,
2026-04-01,172,NADEP,26.39,800.0,800.0,765.0,781.9,781.9,0.0,0.0,777.46,1976.0,802.9,1536259.4,40,-21.0,35.0,-2.62,4.58,0.57,"1,046.00",696.00,,
2026-04-01,173,NBF2,29.92,10.18,10.18,9.98,9.98,9.98,0.0,0.0,9.99,22000.0,10.0,219842.0,9,-0.02,0.2,-0.2,2.0,-0.13,11.10,8.89,,
2026-04-01,174,NBF3,31.56,9.82,10.09,9.82,9.99,9.99,0.0,0.0,9.9,41840.0,9.99,414356.3,27,0.0,0.27,0.0,2.75,0.87,10.67,8.35,,
2026-04-01,175,NBL,31.05,280.0,280.0,267.7,269.0,269.0,0.0,0.0,272.33,219719.0,278.4,59835623.3,589,-9.4,12.3,-3.38,4.59,-1.24,313.00,225.40,,
2026-04-01,176,NBLD87,29.89,1107.0,1107.7,1088.1,1088.1,1088.1,0.0,0.0,1098.51,75.0,1086.0,82388.0,4,2.1,19.6,0.19,1.8,-0.96,"1,150.00","1,015.50",,
2026-04-01,177,NCCD86,34.74,1212.0,1213.0,1212.0,1213.0,1213.0,0.0,0.0,1212.76,105.0,1210.0,127340.0,2,3.0,1.0,0.25,0.08,0.02,"1,230.00","1,060.10",,
2026-04-01,178,NESDO,25.55,1568.2,1598.9,1553.2,1577.0,1577.0,0.0,0.0,1565.29,436.0,1600.0,682464.4,21,-23.0,45.7,-1.44,2.94,0.74,"1,879.00","1,380.10",,
2026-04-01,179,NFS,32.66,645.0,647.7,613.0,617.0,617.0,0.0,0.0,624.9,28961.0,635.0,18097600.8,277,-18.0,34.7,-2.83,5.66,-1.28,851.00,576.00,,
2026-04-01,180,NGPL,31.03,481.3,481.3,452.0,458.2,458.2,0.0,0.0,460.05,939756.0,471.9,432338779.9,1731,-13.7,29.3,-2.9,6.48,-0.4,502.00,254.80,,
2026-04-01,181,NHDL,26.81,658.0,658.0,644.9,647.0,647.0,0.0,0.0,646.45,4302.0,658.0,2781029.9,56,-11.0,13.1,-1.67,2.03,0.08,881.00,623.00,,
2026-04-01,182,NHPC,30.0,294.0,294.0,269.1,272.0,272.0,0.0,0.0,277.97,1102318.0,293.0,306413144.3,2881,-21.0,24.9,-7.17,9.25,-2.2,328.70,178.60,,
2026-04-01,183,NIBD84,32.92,1065.0,1065.0,1052.0,1052.0,1052.0,0.0,0.0,1063.56,225.0,1052.6,239300.0,2,-0.6,13.0,-0.06,1.24,-1.1,"1,130.00","1,013.10",,
2026-04-01,184,NIBLGF,24.95,9.25,9.4,9.25,9.32,9.32,0.0,0.0,9.31,4800.0,9.36,44708.0,11,-0.04,0.15,-0.43,1.62,0.06,11.35,7.84,,
2026-04-01,185,NIBLSTF,31.09,9.2,9.67,9.2,9.34,9.34,0.0,0.0,9.38,33283.0,9.31,312059.11,19,0.03,0.47,0.32,5.11,-0.38,10.85,7.85,,
2026-04-01,186,NIBSF2,39.32,9.25,9.35,9.21,9.22,9.22,0.0,0.0,9.26,49279.0,9.35,456357.98,27,-0.13,0.14,-1.39,1.52,-0.44,10.52,8.06,,
2026-04-01,187,NICA,31.04,387.8,387.8,372.5,374.0,374.0,0.0,0.0,377.4,220782.0,380.2,83323335.4,582,-6.2,15.3,-1.63,4.11,-0.91,428.40,304.50,,
2026-04-01,188,NICAD2091,29.11,1042.0,1042.0,1042.0,1042.0,1042.0,0.0,0.0,1042.0,25.0,1045.0,26050.0,1,-3.0,0.0,-0.29,0.0,0.0,"1,102.60","1,005.20",,
2026-04-01,189,NICAD85/86,34.12,1122.0,1122.0,1122.0,1122.0,1122.0,0.0,0.0,1122.0,25.0,1122.0,28050.0,1,0.0,0.0,0.0,0.0,0.0,"1,190.00","1,060.00",,
2026-04-01,190,NICBF,31.11,9.76,9.76,9.39,9.39,9.39,0.0,0.0,9.47,15200.0,9.58,143915.0,6,-0.19,0.37,-1.98,3.94,-0.83,11.20,8.48,,
2026-04-01,191,NICFC,30.62,9.51,9.55,9.36,9.36,9.36,0.0,0.0,9.51,11500.0,9.6,109330.0,14,-0.24,0.19,-2.5,2.03,-1.57,10.40,8.37,,
2026-04-01,192,NICGF2,26.0,9.52,9.56,9.52,9.56,9.56,0.0,0.0,9.56,2900.0,9.71,27719.0,11,-0.15,0.04,-1.54,0.42,0.02,9.99,8.33,,
2026-04-01,193,NICL,28.16,525.0,525.0,503.0,509.0,509.0,0.0,0.0,508.95,16083.0,520.9,8185395.9,148,-11.9,22.0,-2.28,4.37,0.01,848.00,483.00,,
2026-04-01,194,NICLBSL,31.72,619.0,619.0,590.0,591.1,591.1,0.0,0.0,600.05,35157.0,619.0,21096009.4,300,-27.9,29.0,-4.51,4.92,-1.51,764.00,535.00,,
2026-04-01,195,NICSF,26.11,9.25,9.41,9.17,9.4,9.4,0.0,0.0,9.3,9600.0,9.41,89287.0,12,-0.01,0.24,-0.11,2.62,1.06,9.99,8.04,,
2026-04-01,196,NIFRA,29.22,275.0,275.0,266.0,267.0,267.0,0.0,0.0,269.14,265167.0,275.0,71367408.9,1126,-8.0,9.0,-2.91,3.38,-0.8,328.10,249.90,,
2026-04-01,197,NIL,31.11,640.0,650.0,630.0,635.0,635.0,0.0,0.0,637.78,15453.0,650.0,9855660.1,91,-15.0,20.0,-2.31,3.17,-0.44,783.90,562.00,,
2026-04-01,198,NIMB,28.82,215.0,215.0,204.0,205.0,205.0,0.0,0.0,206.41,231352.0,212.0,47752472.7,806,-7.0,11.0,-3.3,5.39,-0.69,247.00,184.20,,
2026-04-01,199,NIMBD90,43.02,1280.0,1292.3,1280.0,1292.3,1292.3,0.0,0.0,1289.4,115.0,1267.0,148281.0,4,25.3,12.3,2.0,0.96,0.22,"1,425.00","1,121.00",,
2026-04-01,200,NIMBPO,29.17,163.6,163.6,159.1,159.1,159.1,0.0,0.0,161.06,10651.0,166.8,1715468.0,24,-7.7,4.5,-4.62,2.83,-1.23,184.50,150.00,,
2026-04-01,201,NLG,30.58,674.9,674.9,652.1,655.3,655.3,0.0,0.0,657.75,25703.0,674.9,16906080.4,260,-19.6,22.8,-2.9,3.5,-0.37,976.20,652.10,,
2026-04-01,202,NLIC,29.52,791.1,798.1,780.0,785.0,785.0,0.0,0.0,785.44,53767.0,799.0,42230522.4,417,-14.0,18.1,-1.75,2.32,-0.06,890.00,702.00,,
2026-04-01,203,NLICL,30.3,601.1,605.0,589.0,594.5,594.5,0.0,0.0,593.91,30785.0,605.0,18283375.5,180,-10.5,16.0,-1.74,2.72,0.1,691.00,539.00,,
2026-04-01,204,NMB,28.73,257.9,257.9,247.1,248.1,248.1,0.0,0.0,249.42,69545.0,254.0,17345756.7,216,-5.9,10.8,-2.32,4.37,-0.53,283.00,231.00,,
2026-04-01,205,NMB50,32.04,10.5,10.65,10.44,10.44,10.44,0.0,0.0,10.45,25004.0,10.5,261407.5,7,-0.06,0.21,-0.57,2.01,-0.14,11.93,9.75,,
2026-04-01,206,NMBHF2,27.44,9.8,10.08,9.61,9.9,9.9,0.0,0.0,9.89,9730.0,9.91,96248.7,33,-0.01,0.47,-0.1,4.89,0.08,10.20,8.16,,
2026-04-01,207,NMBMF,26.79,680.0,680.0,665.0,677.0,677.0,0.0,0.0,672.53,2741.0,690.0,1843410.3,36,-13.0,15.0,-1.88,2.26,0.66,835.00,596.00,,
2026-04-01,208,NMFBS,32.3,1182.9,1182.9,1163.0,1165.0,1165.0,0.0,0.0,1171.28,8038.0,1182.9,9414738.9,83,-17.9,19.9,-1.51,1.71,-0.54,"1,504.00","1,086.00",,
2026-04-01,209,NMIC,33.5,1260.0,1260.0,1212.0,1215.0,1215.0,0.0,0.0,1229.85,16745.0,1274.0,20593772.0,390,-59.0,48.0,-4.63,3.96,-1.22,"2,703.30",302.30,,
2026-04-01,210,NMLBBL,28.79,632.0,640.9,618.3,621.0,621.0,0.0,0.0,625.08,15976.0,634.0,9986207.5,149,-13.0,22.6,-2.05,3.66,-0.66,807.00,600.00,,
2026-04-01,211,NRIC,36.21,1155.5,1155.5,1061.1,1063.0,1063.0,0.0,0.0,1084.18,393298.0,1179.0,426405324.4,4175,-116.0,94.4,-9.84,8.9,-1.99,"1,842.00","1,061.10",,
2026-04-01,212,NRM,28.74,428.0,436.0,423.0,425.0,425.0,0.0,0.0,426.34,22901.0,435.0,9763669.7,216,-10.0,13.0,-2.3,3.07,-0.32,590.00,390.10,,
2026-04-01,213,NRN,31.81,1603.0,1610.0,1510.0,1527.9,1527.9,0.0,0.0,1543.88,198867.0,1601.1,307026197.5,1614,-73.2,100.0,-4.57,6.62,-1.05,"2,444.00","1,327.00",,
2026-04-01,214,NSIF2,31.76,11.0,11.13,10.83,10.83,10.83,0.0,0.0,10.85,100500.0,11.1,1090063.0,21,-0.27,0.3,-2.43,2.77,-0.15,11.93,9.75,,
2026-04-01,215,NSY,35.86,9.4,9.72,9.35,9.55,9.55,0.0,0.0,9.55,24800.0,9.51,236731.0,50,0.04,0.37,0.42,3.96,0.05,10.19,9.24,,
2026-04-01,216,NTC,29.92,880.0,880.0,866.0,868.0,868.0,0.0,0.0,872.85,22437.0,877.0,19584172.4,311,-9.0,14.0,-1.03,1.62,-0.56,942.50,762.50,,
2026-04-01,217,NUBL,26.64,707.0,707.0,686.0,697.0,697.0,0.0,0.0,693.99,7422.0,707.5,5150821.2,114,-10.5,21.0,-1.48,3.06,0.43,854.40,650.00,,
2026-04-01,218,NWCL,32.86,846.0,860.0,820.0,820.0,820.0,0.0,0.0,843.54,10461.0,861.0,8824303.5,140,-41.0,40.0,-4.76,4.88,-2.87,"1,045.00",740.20,,
2026-04-01,219,NYADI,27.74,420.1,426.5,406.0,410.0,410.0,0.0,0.0,412.41,15516.0,427.3,6399004.3,167,-17.3,20.5,-4.05,5.05,-0.59,663.90,354.00,,
2026-04-01,220,OHL,26.77,715.0,715.0,701.0,714.0,714.0,0.0,0.0,706.45,3147.0,725.0,2223205.6,54,-11.0,14.0,-1.52,2.0,1.06,"1,049.50",633.10,,
2026-04-01,221,OMPL,28.99,1285.0,1292.0,1260.0,1260.0,1260.0,0.0,0.0,1271.89,6349.0,1285.0,8075204.4,167,-25.0,32.0,-1.95,2.54,-0.94,"2,167.20",270.00,,
2026-04-01,222,PBD88,39.33,1171.1,1194.0,1170.4,1194.0,1194.0,0.0,0.0,1186.78,160.0,1190.0,189884.0,8,4.0,23.6,0.34,2.02,0.61,"1,274.00","1,099.70",,
2026-04-01,223,PBLD86,41.32,1180.0,1193.68,1180.0,1193.68,1193.68,0.0,0.0,1187.49,75.0,1170.4,89061.7,5,23.28,13.68,1.99,1.16,0.52,"1,193.68","1,100.20",,
2026-04-01,224,PBLD87,39.72,1083.4,1083.4,1083.4,1083.4,1083.4,0.0,0.0,1083.4,150.0,1100.2,162510.0,1,-16.8,0.0,-1.53,0.0,0.0,"1,147.00","1,021.30",,
2026-04-01,225,PCBL,32.75,255.0,255.0,238.0,242.1,242.1,0.0,0.0,242.56,206199.0,250.0,50014790.6,592,-7.9,17.0,-3.16,7.14,-0.19,290.00,226.00,,
2026-04-01,226,PFL,27.88,406.0,409.0,393.3,395.0,395.0,0.0,0.0,399.09,18463.0,408.9,7368319.8,137,-13.9,15.7,-3.4,3.99,-1.03,475.50,352.80,,
2026-04-01,227,PHCL,27.97,325.0,325.0,304.5,312.0,312.0,0.0,0.0,312.76,155477.0,325.0,48627280.8,733,-13.0,20.5,-4.0,6.73,-0.24,649.00,249.70,,
2026-04-01,228,PMHPL,29.26,380.0,380.0,352.0,355.0,355.0,0.0,0.0,359.79,58411.0,376.0,21015570.3,279,-21.0,28.0,-5.59,7.95,-1.35,468.00,283.50,,
2026-04-01,229,PMLI,32.27,500.0,500.0,480.4,484.8,484.8,0.0,0.0,485.56,19709.0,494.2,9569880.9,246,-9.4,19.6,-1.9,4.08,-0.16,589.60,445.00,,
2026-04-01,230,PPCL,28.58,422.2,422.2,387.5,390.0,390.0,0.0,0.0,396.85,65186.0,414.0,25868952.5,271,-24.0,34.7,-5.8,8.95,-1.76,462.00,284.10,,
2026-04-01,231,PPL,30.05,375.4,384.5,365.0,366.0,366.0,0.0,0.0,373.37,112378.0,383.0,41959024.2,466,-17.0,19.5,-4.44,5.34,-2.01,543.40,263.20,,
2026-04-01,232,PRIN,29.49,730.0,746.6,720.0,725.0,725.0,0.0,0.0,729.78,16984.0,740.0,12394560.0,123,-15.0,26.6,-2.03,3.69,-0.66,960.30,630.00,,
2026-04-01,233,PROFL,30.08,467.1,468.0,455.0,458.0,458.0,0.0,0.0,461.04,18252.0,475.0,8414903.5,120,-17.0,13.0,-3.58,2.86,-0.66,589.20,421.40,,
2026-04-01,234,PROFLP,43.61,255.8,255.8,255.8,255.8,255.8,0.0,0.0,255.8,19671.0,255.8,5031841.8,1,0.0,0.0,0.0,0.0,0.0,255.80,118.00,,
2026-04-01,235,PRSF,37.57,12.0,12.16,11.93,11.93,11.93,0.0,0.0,12.13,275331.0,11.93,3340308.33,20,0.0,0.23,0.0,1.93,-1.69,12.20,9.85,,
2026-04-01,236,PRVU,27.94,215.0,215.0,204.9,206.0,206.0,0.0,0.0,207.74,279751.0,212.9,58116486.7,918,-6.9,10.1,-3.24,4.93,-0.85,250.90,179.90,,
2026-04-01,237,PSF,35.48,12.4,12.4,11.9,11.9,11.9,0.0,0.0,12.08,81900.0,12.2,989016.0,21,-0.3,0.5,-2.46,4.2,-1.48,12.40,9.91,,
2026-04-01,238,PURE,29.57,960.0,967.0,921.2,938.9,938.9,0.0,0.0,943.83,17938.0,979.0,16930450.4,210,-40.1,45.8,-4.1,4.97,-0.53,"1,327.90",289.30,,
2026-04-01,239,RADHI,29.89,837.0,853.0,810.0,823.0,823.0,0.0,0.0,830.46,258655.0,854.0,214803525.8,743,-31.0,43.0,-3.63,5.31,-0.91,940.00,388.10,,
2026-04-01,240,RAWA,29.47,690.1,691.0,685.0,690.0,690.0,0.0,0.0,688.99,2583.0,703.8,1779661.1,44,-13.8,6.0,-1.96,0.88,0.15,913.80,685.00,,
2026-04-01,241,RBBF40,24.1,9.55,9.55,9.5,9.5,9.5,0.0,0.0,9.5,1500.0,9.55,14255.0,14,-0.05,0.05,-0.52,0.53,-0.04,10.20,8.98,,
2026-04-01,242,RBCL,32.14,15549.0,15600.0,15270.3,15575.0,15575.0,0.0,0.0,15462.94,517.0,15550.0,7994338.3,30,25.0,329.7,0.16,2.16,0.72,"16,900.00","14,350.00",,
2026-04-01,243,RBCLPO,29.22,12232.0,12400.0,12231.0,12231.0,12231.0,0.0,0.0,12274.42,120.0,12200.0,1472930.0,8,31.0,169.0,0.25,1.38,-0.35,"13,530.00","11,100.00",,
2026-04-01,244,RFPL,29.89,409.0,409.0,383.0,383.2,383.2,0.0,0.0,391.3,130170.0,402.1,50935847.9,628,-18.9,26.0,-4.7,6.79,-2.11,785.00,306.00,,
2026-04-01,245,RHGCL,27.87,312.1,318.3,299.0,305.0,305.0,0.0,0.0,306.63,84743.0,318.0,25984676.4,392,-13.0,19.3,-4.09,6.45,-0.53,601.00,217.20,,
2026-04-01,246,RHPL,27.35,302.9,302.9,289.5,293.8,293.8,0.0,0.0,293.95,50045.0,297.2,14710650.1,298,-3.4,13.4,-1.14,4.63,-0.05,457.00,252.30,,
2026-04-01,247,RIDI,32.32,361.0,364.3,340.2,348.0,348.0,0.0,0.0,350.12,1166475.0,367.8,408410971.1,2781,-19.8,24.1,-5.38,7.08,-0.61,393.00,203.50,,
2026-04-01,248,RLEL,27.88,400.5,439.2,400.5,439.2,439.2,0.0,0.0,429.14,150.0,399.3,64371.0,15,39.9,38.7,9.99,9.66,2.29,439.20,300.00,,
2026-04-01,249,RLFL,37.75,482.3,482.3,452.0,455.0,455.0,0.0,0.0,458.12,27231.0,472.9,12475035.4,144,-17.9,30.3,-3.79,6.7,-0.69,576.00,398.00,,
2026-04-01,250,RMF1,25.89,9.65,9.84,9.65,9.66,9.66,0.0,0.0,9.81,11950.0,9.82,117218.5,11,-0.16,0.19,-1.63,1.97,-1.54,11.40,8.65,,
2026-04-01,251,RMF2,28.99,10.35,10.35,10.15,10.2,10.2,0.0,0.0,10.17,7589.0,10.15,77180.74,7,0.05,0.2,0.49,1.97,0.29,10.58,8.78,,
2026-04-01,252,RNLI,28.6,473.2,478.8,465.0,468.5,468.5,0.0,0.0,468.84,38508.0,477.0,18054173.3,384,-8.5,13.8,-1.78,2.97,-0.07,561.00,416.00,,
2026-04-01,253,RSDC,32.18,717.5,729.0,701.0,709.0,709.0,0.0,0.0,706.52,43447.0,728.5,30696323.2,195,-19.5,28.0,-2.68,3.99,0.35,880.00,578.70,,
2026-04-01,254,RSML,43.11,2678.2,2947.2,2678.2,2947.2,2947.2,0.0,0.0,2942.66,5120.0,2679.3,15066432.5,139,267.9,269.0,10.0,10.04,0.15,"2,947.20",300.00,,
2026-04-01,255,RSY,31.09,10.18,10.38,10.09,10.1,10.1,0.0,0.0,10.2,161700.0,10.2,1649103.0,23,-0.1,0.29,-0.98,2.87,-0.98,10.70,8.58,,
2026-04-01,256,RURU,32.03,695.9,695.9,660.0,670.0,670.0,0.0,0.0,671.4,16296.0,683.0,10941132.8,130,-13.0,35.9,-1.9,5.44,-0.21,853.00,640.00,,
2026-04-01,257,SABBL,33.29,1650.0,1650.0,1535.0,1536.0,1536.0,0.0,0.0,1564.98,32686.0,1620.0,51152909.3,1398,-84.0,115.0,-5.19,7.49,-1.89,"2,000.00",300.00,,
2026-04-01,258,SADBL,31.3,436.2,437.9,425.5,427.0,427.0,0.0,0.0,429.68,109634.0,436.0,47107645.1,295,-9.0,12.4,-2.06,2.91,-0.63,526.50,376.00,,
2026-04-01,259,SAGAR,27.16,1910.3,1939.0,1860.1,1876.0,1876.0,0.0,0.0,1888.29,10317.0,1941.9,19481521.8,249,-65.9,78.9,-3.39,4.24,-0.66,"2,439.00",319.50,,
2026-04-01,260,SAGF,25.69,10.12,10.17,10.1,10.1,10.1,0.0,0.0,10.13,3050.0,10.2,30909.0,5,-0.1,0.07,-0.98,0.69,-0.34,11.31,8.79,,
2026-04-01,261,SAHAS,35.03,627.9,634.0,614.0,620.0,620.0,0.0,0.0,623.8,460776.0,615.6,287433415.5,2273,4.4,20.0,0.71,3.26,-0.61,705.00,494.80,,
2026-04-01,262,SAIL,28.62,1300.0,1318.0,1215.2,1218.0,1218.0,0.0,0.0,1257.46,44063.0,1300.0,55407498.3,885,-82.0,102.8,-6.31,8.46,-3.24,"1,690.00",301.70,,
2026-04-01,263,SALICO,29.53,611.3,620.0,609.0,609.0,609.0,0.0,0.0,611.39,9268.0,623.0,5666334.2,59,-14.0,11.0,-2.25,1.81,-0.39,765.90,570.10,,
2026-04-01,264,SANIMA,29.61,357.0,357.0,343.2,344.1,344.1,0.0,0.0,345.82,99280.0,350.0,34333086.9,318,-5.9,13.8,-1.69,4.02,-0.5,391.00,295.00,,
2026-04-01,265,SANVI,30.87,802.2,803.0,750.0,770.0,770.0,0.0,0.0,779.62,39974.0,809.0,31164382.3,427,-39.0,53.0,-4.82,7.07,-1.25,"1,060.00",359.00,,
2026-04-01,266,SAPDBL,30.93,950.0,950.0,864.4,884.9,884.9,0.0,0.0,894.3,70390.0,954.4,62949567.0,632,-69.5,85.6,-7.28,9.9,-1.06,"1,284.00",686.00,,
2026-04-01,267,SARBTM,27.69,868.1,880.0,862.0,871.9,871.9,0.0,0.0,869.41,19338.0,884.8,16812602.5,170,-12.9,18.0,-1.46,2.09,0.29,"1,048.00",770.00,,
2026-04-01,268,SBCF,30.44,9.62,9.81,9.46,9.46,9.46,0.0,0.0,9.6,27885.0,9.62,267636.5,21,-0.16,0.35,-1.66,3.7,-1.46,12.03,8.82,,
2026-04-01,269,SBI,28.07,415.0,415.0,405.5,406.0,406.0,0.0,0.0,407.07,33484.0,418.0,13630164.8,130,-12.0,9.5,-2.87,2.34,-0.26,452.00,363.00,,
2026-04-01,270,SBID83,29.18,1070.0,1070.0,1065.0,1065.0,1065.0,0.0,0.0,1067.5,50.0,1070.0,53375.0,2,-5.0,5.0,-0.47,0.47,-0.23,"1,226.00","1,025.00",,
2026-04-01,271,SBID89,28.85,1170.0,1170.0,1170.0,1170.0,1170.0,0.0,0.0,1170.0,25.0,1170.0,29250.0,1,0.0,0.0,0.0,0.0,0.0,"1,266.00","1,049.00",,
2026-04-01,272,SBL,33.34,399.1,402.0,392.0,393.6,393.6,0.0,0.0,396.46,224654.0,402.9,89066479.0,415,-9.3,10.0,-2.31,2.55,-0.73,424.00,261.00,,
2026-04-01,273,SCB,30.74,660.0,660.0,648.0,650.0,650.0,0.0,0.0,652.41,24372.0,659.0,15900474.8,154,-9.0,12.0,-1.37,1.85,-0.37,712.60,594.90,,
2026-04-01,274,SCBD,26.39,1174.1,1174.1,1174.1,1174.1,1174.1,0.0,0.0,1174.1,25.0,1198.0,29352.5,1,-23.9,0.0,-1.99,0.0,0.0,"1,236.00","1,080.10",,
2026-04-01,275,SEF,29.55,10.1,10.1,9.9,9.9,9.9,0.0,0.0,9.95,37985.0,10.2,377780.0,13,-0.3,0.2,-2.94,2.02,-0.46,11.53,8.60,,
2026-04-01,276,SFCL,28.52,403.0,411.0,392.1,399.9,399.9,0.0,0.0,399.71,16884.0,411.0,6748633.3,105,-11.1,18.9,-2.7,4.82,0.05,587.00,359.40,,
2026-04-01,277,SFEF,28.32,10.21,10.21,10.07,10.11,10.11,0.0,0.0,10.07,63000.0,10.23,634663.0,11,-0.12,0.14,-1.17,1.39,0.36,11.12,8.82,,
2026-04-01,278,SFMF,34.05,10.4,10.7,10.4,10.5,10.5,0.0,0.0,10.51,1450.0,10.2,15245.0,5,0.3,0.3,2.94,2.88,-0.13,11.74,9.40,,
2026-04-01,279,SGHC,28.57,417.0,420.0,403.1,417.0,417.0,0.0,0.0,409.67,40475.0,423.0,16581575.8,242,-6.0,16.9,-1.42,4.19,1.76,564.00,296.00,,
2026-04-01,280,SGIC,30.25,491.1,493.0,485.0,488.0,488.0,0.0,0.0,489.16,26603.0,494.1,13013237.6,192,-6.1,8.0,-1.23,1.65,-0.24,632.00,439.00,,
2026-04-01,281,SHEL,30.06,329.0,333.0,311.0,315.0,315.0,0.0,0.0,317.9,475191.0,329.0,151061691.4,1342,-14.0,22.0,-4.26,7.07,-0.92,361.00,243.00,,
2026-04-01,282,SHINE,29.83,415.1,420.0,406.9,408.1,408.1,0.0,0.0,411.36,58700.0,421.1,24146806.7,267,-13.0,13.1,-3.09,3.22,-0.8,499.00,382.00,,
2026-04-01,283,SHINED,45.44,1126.2,1140.0,1126.2,1140.0,1140.0,0.0,0.0,1136.06,175.0,1125.0,198810.0,3,15.0,13.8,1.33,1.23,0.35,"1,200.00","1,000.00",,
2026-04-01,284,SHIVM,32.86,685.0,690.9,660.0,669.0,669.0,0.0,0.0,672.38,637105.0,685.0,428378464.1,2157,-16.0,30.9,-2.34,4.68,-0.51,730.00,495.00,,
2026-04-01,285,SHL,32.06,502.0,505.0,481.0,491.0,491.0,0.0,0.0,491.73,82708.0,504.1,40669694.6,277,-13.1,24.0,-2.6,4.99,-0.15,619.00,464.00,,
2026-04-01,286,SHLB,28.94,1585.1,1620.0,1555.0,1578.0,1578.0,0.0,0.0,1586.92,600.0,1611.0,952154.0,27,-33.0,65.0,-2.05,4.18,-0.57,"2,286.00","1,535.10",,
2026-04-01,287,SHPC,30.25,543.0,546.0,530.0,535.0,535.0,0.0,0.0,537.7,142320.0,544.0,76525054.2,458,-9.0,16.0,-1.65,3.02,-0.5,684.90,461.00,,
2026-04-01,288,SICL,30.45,646.0,650.0,636.0,639.0,639.0,0.0,0.0,641.36,16474.0,654.9,10565712.5,123,-15.9,14.0,-2.43,2.2,-0.37,876.90,588.80,,
2026-04-01,289,SIFC,29.03,575.0,578.2,555.1,559.5,559.5,0.0,0.0,562.78,18465.0,585.0,10391683.5,99,-25.5,23.1,-4.36,4.16,-0.59,687.40,459.00,,
2026-04-01,290,SIGS2,32.43,10.15,10.15,9.98,9.98,9.98,0.0,0.0,10.1,31100.0,9.96,314048.0,3,0.02,0.17,0.2,1.7,-1.18,11.70,8.90,,
2026-04-01,291,SIGS3,33.12,10.41,10.5,10.41,10.41,10.41,0.0,0.0,10.41,11300.0,10.5,117642.0,10,-0.09,0.09,-0.86,0.86,-0.01,11.46,8.50,,
2026-04-01,292,SIKLES,35.36,625.0,625.0,604.6,608.0,608.0,0.0,0.0,611.43,23177.0,624.0,14171081.6,224,-16.0,20.4,-2.56,3.37,-0.56,"1,179.00",540.00,,
2026-04-01,293,SINDU,28.61,790.0,809.0,770.0,774.0,774.0,0.0,0.0,784.06,26821.0,805.1,21029395.2,315,-31.1,39.0,-3.86,5.06,-1.3,"1,247.00",608.00,,
2026-04-01,294,SJCL,29.33,332.0,335.6,310.0,317.1,317.1,0.0,0.0,318.75,46382.0,334.8,14784317.8,244,-17.7,25.6,-5.29,8.26,-0.52,365.00,267.00,,
2026-04-01,295,SJLIC,27.03,451.0,458.0,440.2,443.5,443.5,0.0,0.0,445.1,21445.0,451.0,9545118.6,221,-7.5,17.8,-1.66,4.04,-0.36,489.90,390.00,,
2026-04-01,296,SKBBL,32.85,775.0,780.0,768.2,770.0,770.0,0.0,0.0,772.63,36899.0,777.4,28509216.9,306,-7.4,11.8,-0.95,1.54,-0.34,999.00,752.00,,
2026-04-01,297,SKHEL,27.88,377.1,416.0,377.1,416.0,416.0,0.0,0.0,405.26,110.0,378.2,44579.0,11,37.8,38.9,9.99,10.32,2.58,416.00,284.30,,
2026-04-01,298,SKHL,35.81,492.7,531.4,492.7,531.4,531.4,0.0,0.0,528.6,340.0,483.1,179724.0,34,48.3,38.7,10.0,7.85,0.53,531.40,300.00,,
2026-04-01,299,SLBBL,30.68,831.2,840.0,815.0,828.9,828.9,0.0,0.0,828.06,14219.0,843.0,11774193.0,142,-14.1,25.0,-1.67,3.07,0.1,"1,155.00",780.00,,
2026-04-01,300,SLBSL,30.06,1405.0,1405.0,1330.0,1362.0,1362.0,0.0,0.0,1361.9,2953.0,1394.2,4021692.2,50,-32.2,75.0,-2.31,5.64,0.01,"2,079.80","1,234.50",,
2026-04-01,301,SLCF,30.08,9.81,10.09,9.81,9.9,9.9,0.0,0.0,9.97,7000.0,10.0,69788.0,21,-0.1,0.28,-1.0,2.85,-0.7,11.99,8.60,,
2026-04-01,302,SMATA,29.44,822.0,823.9,799.1,799.1,799.1,0.0,0.0,806.4,10969.0,822.0,8845410.4,192,-22.9,24.8,-2.79,3.1,-0.91,"1,382.00",734.10,,
2026-04-01,303,SMB,31.11,1855.0,1882.0,1819.0,1882.0,1882.0,0.0,0.0,1841.28,2049.0,1884.0,3772775.4,50,-2.0,63.0,-0.11,3.46,2.16,"2,600.00","1,710.10",,
2026-04-01,304,SMFBS,26.26,1668.0,1700.3,1667.0,1669.0,1669.0,0.0,0.0,1673.07,393.0,1696.0,657515.7,21,-27.0,33.3,-1.59,2.0,-0.24,"2,026.00","1,490.00",,
2026-04-01,305,SMH,25.99,627.1,627.1,611.0,611.0,611.0,0.0,0.0,618.13,12497.0,627.0,7724742.5,166,-16.0,16.1,-2.55,2.64,-1.17,"1,024.80",603.00,,
2026-04-01,306,SMHL,30.93,520.0,520.0,501.0,511.0,511.0,0.0,0.0,507.56,277222.0,519.0,140705598.2,878,-8.0,19.0,-1.54,3.79,0.67,"1,230.00",443.00,,
2026-04-01,307,SMJC,33.32,492.7,502.5,485.0,488.2,488.2,0.0,0.0,490.65,72143.0,492.7,35397063.0,345,-4.5,17.5,-0.91,3.61,-0.5,679.30,464.00,,
2026-04-01,308,SMPDA,31.33,873.0,900.0,861.3,863.3,863.3,0.0,0.0,869.51,8570.0,890.0,7451661.9,106,-26.7,38.7,-3.0,4.49,-0.72,"1,155.00",840.00,,
2026-04-01,309,SNLI,30.76,466.0,472.0,457.5,458.0,458.0,0.0,0.0,460.48,43520.0,466.0,20040103.7,453,-8.0,14.5,-1.72,3.17,-0.54,663.00,411.60,,
2026-04-01,310,SOHL,29.99,700.0,700.0,655.7,666.0,666.0,0.0,0.0,669.0,130296.0,691.1,87168467.6,7523,-25.1,44.3,-3.63,6.76,-0.45,777.80,300.00,,
2026-04-01,311,SONA,31.32,460.0,461.8,444.1,447.0,447.0,0.0,0.0,449.72,123219.0,462.0,55413618.2,659,-15.0,17.7,-3.25,3.99,-0.61,523.30,398.00,,
2026-04-01,312,SPC,28.23,500.0,504.0,486.9,488.0,488.0,0.0,0.0,492.02,11676.0,510.0,5744864.1,113,-22.0,17.1,-4.31,3.51,-0.82,591.00,441.00,,
2026-04-01,313,SPDL,29.43,438.0,438.0,409.0,415.0,415.0,0.0,0.0,418.2,184203.0,430.9,77033343.7,515,-15.9,29.0,-3.69,7.09,-0.77,474.00,315.00,,
2026-04-01,314,SPHL,28.45,550.0,550.0,535.0,543.9,543.9,0.0,0.0,541.02,7687.0,554.1,4158796.8,64,-10.2,15.0,-1.84,2.8,0.53,826.00,477.10,,
2026-04-01,315,SPIL,31.57,735.0,735.0,707.6,715.0,715.0,0.0,0.0,722.41,13227.0,736.9,9555350.3,69,-21.9,27.4,-2.97,3.87,-1.04,894.50,625.00,,
2026-04-01,316,SPL,30.74,740.2,751.8,720.0,723.0,723.0,0.0,0.0,729.34,14123.0,748.0,10300452.3,143,-25.0,31.8,-3.34,4.42,-0.88,"1,035.00",696.30,,
2026-04-01,317,SRLI,28.36,405.0,405.0,395.0,397.0,397.0,0.0,0.0,397.32,33699.0,405.0,13389289.3,334,-8.0,10.0,-1.98,2.53,-0.08,451.10,363.90,,
2026-04-01,318,SSHL,29.37,230.0,230.0,208.9,213.9,213.9,0.0,0.0,218.19,634655.0,230.0,138473151.7,1828,-16.1,21.1,-7.0,10.1,-2.0,313.80,151.00,,
2026-04-01,319,STC,32.46,5967.0,5967.0,5750.0,5764.1,5764.1,0.0,0.0,5796.08,6920.0,5850.0,40108844.1,104,-85.9,217.0,-1.47,3.77,-0.55,"6,335.90","4,832.00",,
2026-04-01,320,SWASTIK,30.4,2751.1,2765.0,2705.1,2710.0,2710.0,0.0,0.0,2743.4,1780.0,2798.0,4883259.0,79,-88.0,59.9,-3.15,2.21,-1.23,"3,400.00",391.70,,
2026-04-01,321,SWBBL,30.05,752.2,763.0,748.0,763.0,763.0,0.0,0.0,753.48,11529.0,763.9,8686899.5,101,-0.9,15.0,-0.12,2.01,1.25,"1,046.50",718.00,,
2026-04-01,322,SWMF,30.27,697.9,698.0,669.5,689.9,689.9,0.0,0.0,678.02,8701.0,697.9,5899455.6,89,-8.0,28.5,-1.15,4.26,1.72,868.10,641.10,,
2026-04-01,323,SWMFPO,36.42,382.0,382.0,382.0,382.0,382.0,0.0,0.0,382.0,7342.0,382.0,2804644.0,1,0.0,0.0,0.0,0.0,0.0,399.00,382.00,,
2026-04-01,324,SYPNL,30.83,1871.0,1899.0,1830.0,1843.0,1843.0,0.0,0.0,1860.85,144439.0,1899.9,268779194.5,1872,-56.9,69.0,-2.99,3.77,-0.97,"2,255.90",319.80,,
2026-04-01,325,TAMOR,32.02,464.9,464.9,448.0,453.0,453.0,0.0,0.0,453.1,200990.0,458.0,91068942.2,439,-5.0,16.9,-1.09,3.77,-0.02,576.00,396.40,,
2026-04-01,326,TPC,28.67,400.0,404.0,382.0,387.9,387.9,0.0,0.0,388.99,108392.0,402.0,42162964.0,420,-14.1,22.0,-3.51,5.76,-0.28,616.00,270.10,,
2026-04-01,327,TRH,30.44,770.0,782.0,760.0,766.2,766.2,0.0,0.0,767.94,3315.0,771.1,2545712.7,54,-4.9,22.0,-0.64,2.89,-0.23,"1,086.30",681.10,,
2026-04-01,328,TSHL,26.08,734.0,734.0,707.0,718.9,718.9,0.0,0.0,710.8,3250.0,734.0,2310096.9,49,-15.1,27.0,-2.06,3.82,1.13,989.00,616.80,,
2026-04-01,329,TTL,30.55,900.0,902.0,862.0,870.0,870.0,0.0,0.0,875.97,46741.0,902.0,40943560.3,620,-32.0,40.0,-3.55,4.64,-0.69,"1,262.80",366.10,,
2026-04-01,330,TVCL,26.51,618.1,618.1,575.0,578.0,578.0,0.0,0.0,578.67,16940.0,606.0,9802635.5,97,-28.0,43.1,-4.62,7.5,-0.12,689.00,377.60,,
2026-04-01,331,UAIL,29.44,470.1,470.1,456.0,456.0,456.0,0.0,0.0,461.82,30662.0,477.8,14160298.2,217,-21.8,14.1,-4.56,3.09,-1.28,670.00,422.10,,
2026-04-01,332,UHEWA,29.41,601.9,601.9,575.0,577.2,577.2,0.0,0.0,585.95,41139.0,601.9,24105571.2,268,-24.7,26.9,-4.1,4.68,-1.52,779.90,508.50,,
2026-04-01,333,ULBSL,30.01,3200.0,3209.9,3100.0,3174.0,3174.0,0.0,0.0,3135.03,701.0,3170.0,2197656.4,53,4.0,109.9,0.13,3.55,1.23,"4,325.00","2,931.00",,
2026-04-01,334,ULHC,27.64,511.0,530.0,500.0,500.5,500.5,0.0,0.0,505.96,21440.0,521.0,10847794.0,137,-20.5,30.0,-3.93,6.0,-1.09,599.00,411.70,,
2026-04-01,335,UMHL,31.83,620.0,620.0,590.1,600.9,600.9,0.0,0.0,605.15,88108.0,618.0,53318184.2,342,-17.1,29.9,-2.77,5.07,-0.71,706.00,434.00,,
2026-04-01,336,UMRH,28.51,560.0,560.0,540.0,543.1,543.1,0.0,0.0,546.78,22213.0,555.1,12145570.4,140,-12.0,20.0,-2.16,3.7,-0.68,675.00,526.00,,
2026-04-01,337,UNHPL,29.21,528.2,538.0,503.0,510.0,510.0,0.0,0.0,516.63,177877.0,538.9,91896610.4,519,-28.9,35.0,-5.36,6.96,-1.3,571.00,300.00,,
2026-04-01,338,UNL,38.91,46780.0,46780.0,46700.0,46700.0,46700.0,0.0,0.0,46740.0,20.0,46780.0,934800.0,2,-80.0,80.0,-0.17,0.17,-0.09,"50,724.00","45,000.00",,
2026-04-01,339,UNLB,30.25,1775.0,1775.0,1671.2,1694.0,1694.0,0.0,0.0,1701.58,3981.0,1745.0,6774007.7,104,-51.0,103.8,-2.92,6.21,-0.45,"2,480.00","1,640.00",,
2026-04-01,340,UPCL,29.68,400.0,401.0,383.2,387.0,387.0,0.0,0.0,392.13,251590.0,403.0,98656284.9,1171,-16.0,17.8,-3.97,4.65,-1.33,489.00,283.20,,
2026-04-01,341,UPPER,29.18,219.0,221.0,206.5,208.1,208.1,0.0,0.0,211.2,594242.0,218.5,125503704.0,2185,-10.4,14.5,-4.76,7.02,-1.49,242.60,166.00,,
2026-04-01,342,USHEC,28.76,495.0,500.0,484.2,488.9,488.9,0.0,0.0,491.08,36459.0,498.9,17904299.9,166,-10.0,15.8,-2.0,3.26,-0.45,623.90,410.00,,
2026-04-01,343,USHL,29.67,705.0,722.0,693.9,703.9,703.9,0.0,0.0,698.75,5618.0,719.0,3925590.4,59,-15.1,28.1,-2.1,4.05,0.73,945.00,588.00,,
2026-04-01,344,USLB,30.91,1445.0,1450.0,1420.0,1428.0,1428.0,0.0,0.0,1431.24,4497.0,1472.0,6436272.5,102,-44.0,30.0,-2.99,2.11,-0.23,"2,750.00","1,393.00",,
2026-04-01,345,VLBS,31.69,782.2,791.0,771.1,772.1,772.1,0.0,0.0,778.95,12703.0,793.0,9895028.1,334,-20.9,19.9,-2.64,2.58,-0.89,"1,008.00",737.00,,
2026-04-01,346,VLUCL,34.31,558.0,559.0,537.1,542.1,542.1,0.0,0.0,547.25,14583.0,558.5,7980590.2,158,-16.4,21.9,-2.94,4.08,-0.95,699.00,516.00,,
2026-04-01,347,WNLB,28.84,1580.0,1588.0,1542.6,1542.6,1542.6,0.0,0.0,1559.27,1454.0,1570.0,2267178.5,45,-27.4,45.4,-1.75,2.94,-1.08,"3,562.00","1,242.10",,
2026-04-02,1,ACLBSL,34.43,1040.0,1040.0,971.2,1021.2,1021.2,0.0,0.0,1003.41,7060.0,1045.0,7084094.4,116,-23.8,68.8,-2.28,7.08,1.74,"1,240.00",900.00,,
2026-04-02,2,ADBL,29.61,307.4,312.9,304.0,309.1,309.1,0.0,0.0,309.6,51652.0,309.5,15991251.4,259,-0.4,8.9,-0.13,2.93,-0.16,344.90,272.30,,
2026-04-02,3,AHL,28.8,484.0,499.8,484.0,486.1,486.1,0.0,0.0,489.91,5648.0,493.0,2766998.3,74,-6.9,15.8,-1.4,3.26,-0.78,750.00,462.60,,
2026-04-02,4,AHPC,31.23,285.0,292.0,280.0,285.1,285.1,0.0,0.0,286.71,422084.0,285.0,121015849.0,1242,0.1,12.0,0.04,4.29,-0.56,334.00,246.00,,
2026-04-02,5,AKJCL,30.11,370.2,394.8,369.3,388.4,388.4,0.0,0.0,383.63,659026.0,377.0,252822882.1,983,11.4,25.5,3.02,6.9,1.23,431.80,172.90,,
2026-04-02,6,AKPL,28.85,270.0,278.4,265.0,271.9,271.9,0.0,0.0,272.33,304627.0,272.0,82959050.2,1004,-0.1,13.4,-0.04,5.06,-0.16,317.00,221.20,,
2026-04-02,7,ALBSL,31.78,1157.4,1207.0,1155.0,1196.8,1196.8,0.0,0.0,1178.92,19895.0,1181.0,23454640.3,318,15.8,52.0,1.34,4.5,1.49,"1,334.00",771.00,,
2026-04-02,8,ALICL,31.8,460.1,468.0,450.0,463.8,463.8,0.0,0.0,460.2,61841.0,467.9,28459100.9,257,-4.1,18.0,-0.88,4.0,0.78,779.00,430.00,,
2026-04-02,9,ANLB,33.34,6316.0,6549.8,6316.0,6549.8,6549.8,0.0,0.0,6427.07,791.0,6316.0,5083811.4,31,233.8,233.8,3.7,3.7,1.87,"6,800.00","4,995.00",,
2026-04-02,10,API,30.84,350.0,356.8,343.0,353.0,353.0,0.0,0.0,352.19,787287.0,350.0,277271271.0,2125,3.0,13.8,0.86,4.02,0.23,368.90,258.80,,
2026-04-02,11,AVYAN,33.2,1196.6,1225.5,1153.1,1189.0,1189.0,0.0,0.0,1191.68,29686.0,1221.0,35376159.1,410,-32.0,72.4,-2.62,6.28,-0.23,"1,366.00",906.00,,
2026-04-02,12,BANDIPUR,30.7,878.0,883.0,861.2,872.0,872.0,0.0,0.0,871.96,60460.0,878.0,52718615.0,898,-6.0,21.8,-0.68,2.53,0.0,"1,233.00",285.00,,
2026-04-02,13,BARUN,32.12,352.0,359.0,340.0,353.0,353.0,0.0,0.0,352.91,185301.0,346.1,65393798.3,770,6.9,19.0,1.99,5.59,0.03,589.00,292.10,,
2026-04-02,14,BBC,28.31,4801.0,5082.0,4791.0,5024.0,5024.0,0.0,0.0,4960.89,572.0,4886.0,2837631.5,42,138.0,291.0,2.82,6.07,1.26,"6,661.60","4,480.00",,
2026-04-02,15,BEDC,33.82,490.0,490.0,478.0,478.0,478.0,0.0,0.0,481.94,18633.0,493.1,8980047.3,197,-15.1,12.0,-3.06,2.51,-0.82,872.00,478.00,,
2026-04-02,16,BFC,29.35,463.0,476.0,460.0,467.0,467.0,0.0,0.0,468.02,16232.0,467.0,7596968.1,150,0.0,16.0,0.0,3.48,-0.22,594.90,411.50,,
2026-04-02,17,BGWT,30.58,750.0,754.9,741.0,750.0,750.0,0.0,0.0,744.75,3487.0,755.0,2596938.6,81,-5.0,13.9,-0.66,1.88,0.7,"1,110.00",730.70,,
2026-04-02,18,BHCL,29.26,566.0,571.2,540.0,562.0,562.0,0.0,0.0,559.64,28483.0,565.1,15940212.0,457,-3.1,31.2,-0.55,5.78,0.42,699.00,292.10,,
2026-04-02,19,BHDC,29.92,466.8,477.0,461.0,467.8,467.8,0.0,0.0,468.5,30685.0,469.0,14375968.7,248,-1.2,16.0,-0.26,3.47,-0.15,706.00,426.00,,
2026-04-02,20,BHL,30.94,217.0,223.6,210.0,219.8,219.8,0.0,0.0,218.27,656967.0,218.0,143398292.2,2095,1.8,13.6,0.83,6.48,0.69,335.00,164.00,,
2026-04-02,21,BHPL,30.95,560.8,563.0,542.0,549.9,549.9,0.0,0.0,551.0,35413.0,558.0,19512600.8,232,-8.1,21.0,-1.45,3.87,-0.2,"1,308.40",503.10,,
2026-04-02,22,BJHL,37.57,649.1,700.0,649.1,700.0,700.0,0.0,0.0,699.32,1840.0,636.4,1286750.0,184,63.6,50.9,9.99,7.84,0.1,700.00,270.10,,
2026-04-02,23,BNHC,29.19,343.0,353.0,336.2,345.0,345.0,0.0,0.0,343.0,16340.0,350.0,5604604.7,174,-5.0,16.8,-1.43,5.0,0.58,613.80,313.10,,
2026-04-02,24,BNL,26.63,15300.0,15300.0,15300.0,15300.0,15300.0,0.0,0.0,15250.0,12.0,15200.0,183000.0,2,100.0,0.0,0.66,0.0,0.33,"19,142.50","14,635.80",,
2026-04-02,25,BNT,31.34,11348.4,11600.0,11348.4,11575.3,11575.3,0.0,0.0,11555.58,100.0,11580.0,1155558.0,6,-4.7,251.6,-0.04,2.22,0.17,"13,550.00","10,660.00",,
2026-04-02,26,BPCL,32.94,685.0,704.9,681.2,690.0,690.0,0.0,0.0,691.33,108201.0,698.7,74802675.6,463,-8.7,23.7,-1.25,3.48,-0.19,"1,065.00",395.00,,
2026-04-02,27,BUNGAL,30.46,600.0,620.0,599.0,612.0,612.0,0.0,0.0,608.43,16792.0,611.0,10216786.5,334,1.0,21.0,0.16,3.51,0.58,822.00,302.40,,
2026-04-02,28,C30MF,29.47,9.9,10.0,9.9,10.0,10.0,0.0,0.0,10.0,5455.0,10.1,54530.0,4,-0.1,0.1,-0.99,1.01,0.04,10.71,8.70,,
2026-04-02,29,CBBL,29.95,918.0,930.0,914.0,922.9,922.9,0.0,0.0,921.75,24396.0,920.0,22486916.6,329,2.9,16.0,0.32,1.75,0.13,"1,144.80",822.00,,
2026-04-02,30,CFCL,30.42,520.0,534.0,502.0,517.0,517.0,0.0,0.0,520.47,22301.0,529.8,11606945.9,150,-12.8,32.0,-2.42,6.37,-0.67,651.00,445.10,,
2026-04-02,31,CGH,30.0,815.0,830.0,806.1,824.0,824.0,0.0,0.0,822.26,18111.0,820.1,14892004.4,214,3.9,23.9,0.48,2.96,0.21,"1,150.00",800.20,,
2026-04-02,32,CHCL,30.58,495.0,497.0,484.2,493.8,493.8,0.0,0.0,491.13,54700.0,493.0,26864562.9,309,0.8,12.8,0.16,2.64,0.54,599.60,456.00,,
2026-04-02,33,CHDC,33.26,2388.0,2430.0,2325.3,2416.5,2416.5,0.0,0.0,2396.95,44013.0,2398.0,105496785.5,344,18.5,104.7,0.77,4.5,0.81,"2,997.90","1,990.00",,
2026-04-02,34,CHL,29.27,285.1,294.0,282.0,285.7,285.7,0.0,0.0,288.07,57241.0,290.0,16489449.2,259,-4.3,12.0,-1.48,4.26,-0.83,524.20,223.40,,
2026-04-02,35,CIT,32.1,1780.0,1807.0,1750.0,1796.0,1796.0,0.0,0.0,1786.05,12383.0,1800.0,22116614.9,264,-4.0,57.0,-0.22,3.26,0.55,"2,168.00","1,730.80",,
2026-04-02,36,CITY,29.0,477.7,480.0,470.0,474.0,474.0,0.0,0.0,476.39,9194.0,477.0,4379884.6,133,-3.0,10.0,-0.63,2.13,-0.5,998.40,461.00,,
2026-04-02,37,CKHL,30.26,683.9,693.5,664.0,690.0,690.0,0.0,0.0,683.98,5915.0,697.0,4045762.0,63,-7.0,29.5,-1.0,4.44,0.87,804.00,550.00,,
2026-04-02,38,CLI,29.78,466.0,470.0,460.0,467.1,467.1,0.0,0.0,466.28,19783.0,470.5,9224445.7,295,-3.4,10.0,-0.72,2.17,0.18,540.00,411.00,,
2026-04-02,39,CMF2,29.15,10.15,10.15,10.12,10.13,10.13,0.0,0.0,10.15,2410.0,10.13,24453.2,3,0.0,0.03,0.0,0.3,-0.16,10.86,8.64,,
2026-04-02,40,CORBL,29.14,1795.3,1840.0,1724.8,1805.0,1805.0,0.0,0.0,1789.76,7693.0,1830.7,13768661.4,179,-25.7,115.2,-1.4,6.68,0.84,"2,800.00","1,431.00",,
2026-04-02,41,CREST,28.6,1324.0,1350.0,1311.0,1315.2,1315.2,0.0,0.0,1324.13,9505.0,1351.0,12585845.8,234,-35.8,39.0,-2.65,2.97,-0.68,"2,458.20",302.50,,
2026-04-02,42,CSY,26.34,9.4,9.58,9.24,9.5,9.5,0.0,0.0,9.44,8350.0,9.42,78850.0,39,0.08,0.34,0.85,3.68,0.6,10.00,8.87,,
2026-04-02,43,CYCL,30.88,1558.3,1600.0,1558.3,1590.0,1590.0,0.0,0.0,1584.39,3144.0,1590.0,4981327.1,75,0.0,41.7,0.0,2.68,0.35,"2,040.00","1,462.00",,
2026-04-02,44,CZBIL,29.4,208.1,212.8,204.4,208.0,208.0,0.0,0.0,208.69,116287.0,212.0,24268400.9,394,-4.0,8.4,-1.89,4.11,-0.33,240.10,183.00,,
2026-04-02,45,DDBL,29.24,840.0,860.0,839.4,849.0,849.0,0.0,0.0,850.0,11476.0,853.1,9754548.6,134,-4.1,20.6,-0.48,2.45,-0.12,"1,010.00",760.20,,
2026-04-02,46,DHEL,29.38,647.8,675.0,647.8,659.9,659.9,0.0,0.0,659.43,29697.0,661.0,19583145.3,511,-1.1,27.2,-0.17,4.2,0.07,918.90,402.20,,
2026-04-02,47,DHPL,30.17,305.0,312.1,300.2,307.0,307.0,0.0,0.0,306.87,16428.0,310.0,5041322.9,102,-3.0,11.9,-0.97,3.96,0.04,415.00,265.00,,
2026-04-02,48,DLBS,31.84,1319.0,1330.0,1298.1,1300.0,1300.0,0.0,0.0,1308.87,1274.0,1319.0,1667501.5,39,-19.0,31.9,-1.44,2.46,-0.68,"1,684.00","1,240.00",,
2026-04-02,49,DOLTI,31.43,480.0,487.0,477.0,479.0,479.0,0.0,0.0,480.55,7300.0,485.0,3507998.5,117,-6.0,10.0,-1.24,2.1,-0.32,719.00,470.60,,
2026-04-02,50,DORDI,32.89,280.0,294.0,278.0,285.3,285.3,0.0,0.0,287.81,288178.0,282.0,82940358.2,1002,3.3,16.0,1.17,5.76,-0.88,450.00,213.10,,
2026-04-02,51,EBL,30.97,691.0,700.0,685.6,692.5,692.5,0.0,0.0,695.2,37489.0,697.0,26062460.1,285,-4.5,14.4,-0.65,2.1,-0.39,780.60,600.00,,
2026-04-02,52,EBLD86,35.67,1071.4,1071.4,1071.4,1071.4,1071.4,0.0,0.0,1071.4,25.0,1077.0,26785.0,1,-5.6,0.0,-0.52,0.0,0.0,"1,150.00","1,022.00",,
2026-04-02,53,EBLD91,26.65,1089.0,1089.0,1089.0,1089.0,1089.0,0.0,0.0,1089.0,25.0,1110.0,27225.0,1,-21.0,0.0,-1.89,0.0,0.0,"1,142.40",994.40,,
2026-04-02,54,EDBL,31.29,586.0,597.0,585.5,592.0,592.0,0.0,0.0,592.2,24319.0,594.5,14401794.6,92,-2.5,11.5,-0.42,1.96,-0.03,717.30,545.00,,
2026-04-02,55,EHPL,28.71,410.0,419.7,406.0,411.0,411.0,0.0,0.0,412.67,29971.0,413.0,12368111.1,248,-2.0,13.7,-0.48,3.37,-0.41,711.00,385.00,,
2026-04-02,56,ENL,27.47,892.2,909.0,892.1,909.0,909.0,0.0,0.0,904.54,703.0,910.0,635888.5,16,-1.0,16.9,-0.11,1.89,0.49,"1,289.80",866.00,,
2026-04-02,57,FMDBL,29.88,819.0,830.0,790.1,817.0,817.0,0.0,0.0,814.4,37321.0,815.0,30394143.1,269,2.0,39.9,0.25,5.05,0.32,"1,038.80",718.00,,
2026-04-02,58,FOWAD,35.33,1125.0,1131.9,1093.0,1125.0,1125.0,0.0,0.0,1121.32,7799.0,1127.0,8745175.2,88,-2.0,38.9,-0.18,3.56,0.33,"1,324.40","1,012.40",,
2026-04-02,59,GBBD85,30.02,1069.6,1090.9,1069.6,1090.9,1090.9,0.0,0.0,1083.25,75.0,1091.4,81243.5,5,-0.5,21.3,-0.05,1.99,0.7,"1,135.00","1,020.10",,
2026-04-02,60,GBBL,29.83,400.1,414.0,399.0,411.0,411.0,0.0,0.0,408.8,34839.0,405.0,14242136.1,201,6.0,15.0,1.48,3.76,0.54,498.00,367.40,,
2026-04-02,61,GBILD84/85,26.91,1147.1,1147.1,1147.1,1147.0,1147.0,0.0,0.0,1147.08,25.0,1160.0,28677.0,3,-13.0,0.0,-1.12,0.0,-0.01,"1,238.00","1,104.00",,
2026-04-02,62,GBIME,29.96,242.0,242.0,235.0,236.3,236.3,0.0,0.0,237.84,167409.0,239.0,39816187.5,641,-2.7,7.0,-1.13,2.98,-0.65,278.90,213.00,,
2026-04-02,63,GBIMESY2,32.51,9.5,9.65,9.5,9.65,9.65,0.0,0.0,9.51,3400.0,9.6,32322.0,14,0.05,0.15,0.52,1.58,1.49,10.18,8.50,,
2026-04-02,64,GBLBS,30.44,775.1,781.3,765.0,775.0,775.0,0.0,0.0,777.3,7593.0,779.0,5902029.1,67,-4.0,16.3,-0.51,2.13,-0.3,950.00,698.00,,
2026-04-02,65,GCIL,31.5,437.0,444.0,431.1,434.0,434.0,0.0,0.0,437.85,48620.0,436.9,21288306.2,390,-2.9,12.9,-0.66,2.99,-0.89,579.00,400.00,,
2026-04-02,66,GFCL,30.7,640.0,663.0,630.2,647.0,647.0,0.0,0.0,647.69,21987.0,646.0,14240822.4,157,1.0,32.8,0.15,5.2,-0.11,756.80,528.30,,
2026-04-02,67,GHL,29.97,239.9,246.0,233.0,237.4,237.4,0.0,0.0,239.22,235745.0,239.9,56395072.0,530,-2.5,13.0,-1.04,5.58,-0.77,290.00,197.10,,
2026-04-02,68,GIBF1,25.81,10.85,11.1,10.71,10.8,10.8,0.0,0.0,10.89,1400.0,11.07,15243.0,13,-0.27,0.39,-2.44,3.64,-0.81,11.68,9.30,,
2026-04-02,69,GILB,28.29,1126.5,1170.0,1126.2,1154.6,1154.6,0.0,0.0,1154.72,1640.0,1149.0,1893740.3,30,5.6,43.8,0.49,3.89,-0.01,"1,441.60","1,100.00",,
2026-04-02,70,GLBSL,31.47,1900.0,1914.0,1870.0,1876.0,1876.0,0.0,0.0,1889.95,1974.0,1914.0,3730761.1,53,-38.0,44.0,-1.99,2.35,-0.74,"3,232.00","1,838.60",,
2026-04-02,71,GLH,28.74,278.0,281.0,267.8,274.0,274.0,0.0,0.0,274.25,193514.0,278.0,53070413.7,640,-4.0,13.2,-1.44,4.93,-0.09,328.20,227.40,,
2026-04-02,72,GMFBS,31.1,1347.0,1401.0,1343.0,1368.2,1368.2,0.0,0.0,1378.06,1151.0,1370.0,1586147.6,34,-1.8,58.0,-0.13,4.32,-0.72,"1,871.00","1,343.00",,
2026-04-02,73,GMFIL,29.31,479.0,494.0,474.0,479.0,479.0,0.0,0.0,483.95,21076.0,485.0,10199786.9,109,-6.0,20.0,-1.24,4.22,-1.03,557.00,393.10,,
2026-04-02,74,GMLI,34.86,1620.0,1650.0,1585.2,1649.9,1649.9,0.0,0.0,1626.76,5381.0,1650.0,8753603.9,158,-0.1,64.8,-0.01,4.09,1.4,"2,778.00","1,585.20",,
2026-04-02,75,GRDBL,32.49,1100.0,1125.0,1060.0,1095.4,1095.4,0.0,0.0,1084.24,20376.0,1120.0,22092430.9,226,-24.6,65.0,-2.2,6.13,1.02,"1,668.40",944.00,,
2026-04-02,76,GSY,28.41,9.81,9.95,9.73,9.91,9.91,0.0,0.0,9.84,8040.0,10.0,79094.5,28,-0.09,0.22,-0.9,2.26,0.73,10.40,8.70,,
2026-04-02,77,GUFL,30.66,545.1,555.0,530.0,544.3,544.3,0.0,0.0,543.04,19052.0,545.1,10345922.5,145,-0.8,25.0,-0.15,4.72,0.23,644.00,460.60,,
2026-04-02,78,GVL,28.21,487.1,496.7,483.3,491.0,491.0,0.0,0.0,488.79,39500.0,490.0,19307264.5,270,1.0,13.4,0.2,2.77,0.45,662.00,424.00,,
2026-04-02,79,H8020,25.19,11.45,11.67,11.4,11.4,11.4,0.0,0.0,11.42,2300.0,11.54,26272.0,6,-0.14,0.27,-1.21,2.37,-0.2,12.21,10.00,,
2026-04-02,80,HATHY,30.52,900.0,914.9,891.8,901.0,901.0,0.0,0.0,901.81,10255.0,910.0,9248106.4,174,-9.0,23.1,-0.99,2.59,-0.09,"1,469.80",875.50,,
2026-04-02,81,HBL,29.02,208.0,211.9,205.0,207.5,207.5,0.0,0.0,208.26,115804.0,208.9,24117143.9,1198,-1.4,6.9,-0.67,3.37,-0.37,261.00,184.00,,
2026-04-02,82,HDHPC,30.05,215.0,230.0,211.5,220.5,220.5,0.0,0.0,221.83,698152.0,217.5,154873554.1,1977,3.0,18.5,1.38,8.75,-0.6,274.00,162.00,,
2026-04-02,83,HDL,29.93,1170.0,1183.0,1150.0,1169.8,1169.8,0.0,0.0,1170.5,58074.0,1170.0,67975556.2,735,-0.2,33.0,-0.02,2.87,-0.06,"1,556.10","1,103.00",,
2026-04-02,84,HEI,30.68,520.5,540.0,515.6,530.0,530.0,0.0,0.0,523.16,12360.0,526.0,6466292.0,70,4.0,24.4,0.76,4.73,1.29,654.00,458.00,,
2026-04-02,85,HEIP,39.62,330.0,336.6,323.5,329.9,329.9,0.0,0.0,334.77,2715.0,330.0,908887.0,12,-0.1,13.1,-0.03,4.05,-1.47,398.00,293.10,,
2026-04-02,86,HFIN,36.39,381.7,423.1,381.7,423.1,423.1,0.0,0.0,419.46,590.0,384.7,247484.0,59,38.4,41.4,9.98,10.85,0.86,423.10,101.70,,
2026-04-02,87,HHL,29.36,349.8,349.9,338.6,344.1,344.1,0.0,0.0,344.14,53262.0,343.1,18329461.6,272,1.0,11.3,0.29,3.34,-0.01,518.00,310.70,,
2026-04-02,88,HIDCL,29.11,275.0,276.0,266.0,272.0,272.0,0.0,0.0,271.67,215576.0,271.0,58566603.8,817,1.0,10.0,0.37,3.76,0.12,340.00,245.00,,
2026-04-02,89,HIDCLP,28.72,203.0,210.5,200.5,208.0,208.0,0.0,0.0,207.67,525487.0,204.0,109127040.2,830,4.0,10.0,1.96,4.99,0.16,239.00,172.80,,
2026-04-02,90,HIMSTAR,28.19,914.0,928.0,880.2,910.0,910.0,0.0,0.0,906.02,8341.0,931.0,7557076.9,242,-21.0,47.8,-2.26,5.43,0.44,"1,264.00",252.20,,
2026-04-02,91,HLBSL,26.14,918.5,925.0,907.1,923.0,923.0,0.0,0.0,913.63,1128.0,920.0,1030572.5,34,3.0,17.9,0.33,1.97,1.02,"1,100.00",837.00,,
2026-04-02,92,HLI,30.21,360.0,368.0,360.0,365.9,365.9,0.0,0.0,364.33,67259.0,365.0,24504471.6,543,0.9,8.0,0.25,2.22,0.43,464.00,354.80,,
2026-04-02,93,HLICF,25.89,9.16,9.49,9.16,9.49,9.49,0.0,0.0,9.26,1600.0,9.33,14814.0,13,0.16,0.33,1.71,3.6,2.44,10.55,8.74,,
2026-04-02,94,HPPL,33.42,383.0,393.0,380.2,383.0,383.0,0.0,0.0,385.89,80731.0,390.6,31153042.1,505,-7.6,12.8,-1.95,3.37,-0.75,711.00,380.20,,
2026-04-02,95,HRL,34.08,786.9,798.9,745.0,783.0,783.0,0.0,0.0,779.52,380411.0,786.9,296539855.7,3550,-3.9,53.9,-0.5,7.23,0.44,"1,139.90",745.00,,
2026-04-02,96,HURJA,30.67,274.0,285.0,268.8,274.0,274.0,0.0,0.0,278.24,295047.0,277.0,82093813.4,744,-3.0,16.2,-1.08,6.03,-1.55,312.10,204.60,,
2026-04-02,97,ICFC,34.61,631.1,644.0,622.3,636.0,636.0,0.0,0.0,633.29,32671.0,642.0,20690293.9,179,-6.0,21.7,-0.93,3.49,0.43,730.90,555.00,,
2026-04-02,98,IGI,29.13,441.0,449.9,437.1,445.0,445.0,0.0,0.0,441.72,17783.0,448.0,7855122.7,154,-3.0,12.8,-0.67,2.93,0.74,600.00,392.00,,
2026-04-02,99,IHL,26.95,492.6,504.0,492.6,496.9,496.9,0.0,0.0,498.88,2252.0,499.6,1123478.4,60,-2.7,11.4,-0.54,2.31,-0.4,705.00,490.00,,
2026-04-02,100,ILBS,27.83,989.0,1000.0,975.0,975.0,975.0,0.0,0.0,986.74,3649.0,989.0,3600615.5,83,-14.0,25.0,-1.42,2.56,-1.2,"1,311.00",795.20,,
2026-04-02,101,ILI,29.99,442.0,448.0,436.4,446.0,446.0,0.0,0.0,443.27,20977.0,443.2,9298383.9,399,2.8,11.6,0.63,2.66,0.61,500.00,405.00,,
2026-04-02,102,JBBL,32.53,363.0,370.1,356.2,364.0,364.0,0.0,0.0,364.51,188154.0,361.0,68584394.5,552,3.0,13.9,0.83,3.9,-0.14,413.00,295.00,,
2026-04-02,103,JBLB,32.11,1300.1,1325.0,1290.0,1313.0,1313.0,0.0,0.0,1309.86,10006.0,1315.0,13106475.4,264,-2.0,35.0,-0.15,2.71,0.24,"1,644.00","1,270.70",,
2026-04-02,104,JFL,30.86,421.5,435.0,413.0,420.0,420.0,0.0,0.0,424.5,13813.0,430.0,5863558.3,137,-10.0,22.0,-2.33,5.33,-1.07,558.00,395.00,,
2026-04-02,105,JHAPA,36.21,1386.7,1414.0,1313.0,1382.0,1382.0,0.0,0.0,1344.9,17621.0,1415.0,23698494.6,197,-33.0,101.0,-2.33,7.69,2.68,"1,749.00",293.40,,
2026-04-02,106,JOSHI,30.8,293.0,297.0,282.0,288.2,288.2,0.0,0.0,290.44,63948.0,293.0,18573088.7,336,-4.8,15.0,-1.64,5.32,-0.78,487.00,254.00,,
2026-04-02,107,JSLBB,27.71,1168.8,1170.0,1150.0,1152.0,1152.0,0.0,0.0,1159.99,475.0,1170.0,550996.6,21,-18.0,20.0,-1.54,1.74,-0.69,"1,535.80","1,059.00",,
2026-04-02,108,KBL,30.56,217.0,226.2,213.0,222.0,222.0,0.0,0.0,221.01,1079921.0,221.0,238672578.8,2197,1.0,13.2,0.45,6.2,0.45,256.00,175.50,,
2026-04-02,109,KBSH,28.17,1660.0,1663.6,1628.0,1663.6,1663.6,0.0,0.0,1642.42,136.0,1650.2,223369.0,8,13.4,35.6,0.81,2.19,1.27,"2,379.50","1,618.00",,
2026-04-02,110,KDBY,25.58,10.5,10.5,10.3,10.5,10.5,0.0,0.0,10.35,4000.0,10.71,41419.0,19,-0.21,0.2,-1.96,1.94,1.38,10.89,8.67,,
2026-04-02,111,KDL,31.11,855.0,869.9,840.0,852.0,852.0,0.0,0.0,848.34,4990.0,861.0,4233227.0,91,-9.0,29.9,-1.05,3.56,0.43,"1,212.00",770.00,,
2026-04-02,112,KEF,30.2,9.71,9.78,9.71,9.78,9.78,0.0,0.0,9.73,23550.0,9.88,229083.0,21,-0.1,0.07,-1.01,0.72,0.54,10.42,8.31,,
2026-04-02,113,KKHC,28.19,260.2,267.0,251.8,261.0,261.0,0.0,0.0,261.03,101552.0,261.9,26508170.2,541,-0.9,15.2,-0.34,6.04,-0.01,475.90,208.00,,
2026-04-02,114,KMCDB,33.63,907.2,928.0,895.0,901.5,901.5,0.0,0.0,909.23,8464.0,920.0,7695699.0,100,-18.5,33.0,-2.01,3.69,-0.86,"1,223.00",893.00,,
2026-04-02,115,KPCL,27.98,510.0,517.0,505.1,512.0,512.0,0.0,0.0,512.15,39810.0,514.0,20388536.5,269,-2.0,11.9,-0.39,2.36,-0.03,711.00,491.00,,
2026-04-02,116,KSBBL,29.46,470.0,480.0,463.6,475.0,475.0,0.0,0.0,473.0,48468.0,470.1,22925225.0,175,4.9,16.4,1.04,3.54,0.42,588.00,404.10,,
2026-04-02,117,KSY,30.29,9.5,9.77,9.5,9.58,9.58,0.0,0.0,9.71,3550.0,9.58,34460.0,10,0.0,0.27,0.0,2.84,-1.33,10.51,8.21,,
2026-04-02,118,LBBL,30.93,480.0,494.6,477.0,488.0,488.0,0.0,0.0,484.51,108526.0,486.0,52582119.0,284,2.0,17.6,0.41,3.69,0.71,646.30,376.50,,
2026-04-02,119,LEC,29.25,227.0,237.0,226.0,234.9,234.9,0.0,0.0,231.43,344665.0,230.0,79765249.8,903,4.9,11.0,2.13,4.87,1.48,276.00,180.00,,
2026-04-02,120,LICN,28.03,829.0,841.0,816.5,832.0,832.0,0.0,0.0,834.81,17339.0,830.0,14474732.6,116,2.0,24.5,0.24,3.0,-0.34,"1,033.40",773.00,,
2026-04-02,121,LLBS,27.48,989.0,989.0,971.0,980.0,980.0,0.0,0.0,975.87,870.0,989.0,849011.0,17,-9.0,18.0,-0.91,1.85,0.42,"1,300.50",865.00,,
2026-04-02,122,LSL,28.07,210.5,217.5,208.0,214.1,214.1,0.0,0.0,214.19,82853.0,214.5,17746624.4,348,-0.4,9.5,-0.19,4.57,-0.04,252.00,201.00,,
2026-04-02,123,LUK,30.12,9.76,9.79,9.76,9.79,9.79,0.0,0.0,9.76,1195.0,9.85,11667.2,3,-0.06,0.03,-0.61,0.31,0.27,11.97,8.97,,
2026-04-02,124,LVF2,36.09,9.82,9.83,9.63,9.83,9.83,0.0,0.0,9.8,53450.0,10.0,523767.0,9,-0.17,0.2,-1.7,2.08,0.31,11.45,8.76,,
2026-04-02,125,MABEL,33.0,698.1,712.9,693.0,700.0,700.0,0.0,0.0,702.92,23319.0,712.0,16391403.8,211,-12.0,19.9,-1.69,2.87,-0.42,927.00,317.70,,
2026-04-02,126,MAKAR,31.08,501.0,520.2,500.0,503.1,503.1,0.0,0.0,508.89,9607.0,510.0,4888951.2,95,-6.9,20.2,-1.35,4.04,-1.15,802.00,500.00,,
2026-04-02,127,MANDU,32.28,825.0,829.8,806.3,825.0,825.0,0.0,0.0,815.13,3629.0,825.0,2958106.0,82,0.0,23.5,0.0,2.91,1.2,970.00,766.50,,
2026-04-02,128,MATRI,29.64,936.0,962.0,936.0,951.1,951.1,0.0,0.0,948.68,1523.0,955.0,1444842.7,38,-3.9,26.0,-0.41,2.78,0.25,"1,347.00",904.00,,
2026-04-02,129,MBJC,29.26,296.0,297.0,287.4,292.0,292.0,0.0,0.0,292.86,52660.0,293.0,15421955.2,375,-1.0,9.6,-0.34,3.34,-0.29,371.00,270.00,,
2026-04-02,130,MBL,29.95,243.1,256.0,243.0,248.0,248.0,0.0,0.0,248.8,182198.0,248.0,45329960.2,450,0.0,13.0,0.0,5.35,-0.32,284.00,205.00,,
2026-04-02,131,MBLEF,27.06,10.25,10.26,10.15,10.25,10.25,0.0,0.0,10.25,18050.0,10.3,184999.5,19,-0.05,0.11,-0.49,1.08,0.01,10.80,8.59,,
2026-04-02,132,MCHL,31.69,396.0,400.0,388.1,389.0,389.0,0.0,0.0,391.0,7920.0,396.0,3096696.1,76,-7.0,11.9,-1.77,3.07,-0.51,641.00,388.10,,
2026-04-02,133,MDB,31.24,607.0,633.0,603.1,617.0,617.0,0.0,0.0,620.51,25915.0,614.0,16080426.4,120,3.0,29.9,0.49,4.96,-0.57,729.70,530.50,,
2026-04-02,134,MEHL,28.35,432.0,445.0,431.4,434.0,434.0,0.0,0.0,437.12,14621.0,440.0,6391096.8,139,-6.0,13.6,-1.36,3.15,-0.72,570.00,372.40,,
2026-04-02,135,MEL,29.89,277.0,282.0,273.0,275.0,275.0,0.0,0.0,277.38,26017.0,280.0,7216606.7,244,-5.0,9.0,-1.79,3.3,-0.87,350.00,255.00,,
2026-04-02,136,MEN,34.66,590.0,599.0,572.4,589.9,589.9,0.0,0.0,584.6,148605.0,599.9,86874916.5,690,-10.0,26.6,-1.67,4.65,0.9,683.40,535.00,,
2026-04-02,137,MERO,28.67,763.0,763.0,733.0,735.0,735.0,0.0,0.0,742.45,9741.0,749.0,7232191.5,142,-14.0,30.0,-1.87,4.09,-1.01,"1,000.00",668.00,,
2026-04-02,138,MFIL,29.94,800.0,805.0,784.1,785.1,785.1,0.0,0.0,795.05,89701.0,800.0,71317204.0,313,-14.9,20.9,-1.86,2.67,-1.27,938.00,545.00,,
2026-04-02,139,MHCL,28.42,360.0,365.0,348.0,358.0,358.0,0.0,0.0,359.29,13717.0,362.0,4928363.1,157,-4.0,17.0,-1.1,4.89,-0.36,543.90,325.00,,
2026-04-02,140,MHL,30.55,511.0,535.0,511.0,522.7,522.7,0.0,0.0,522.53,24113.0,519.0,12599847.4,170,3.7,24.0,0.71,4.7,0.03,725.00,445.00,,
2026-04-02,141,MHNL,27.9,272.0,279.0,261.7,269.5,269.5,0.0,0.0,271.63,27961.0,276.0,7595040.3,148,-6.5,17.3,-2.36,6.61,-0.79,324.00,226.00,,
2026-04-02,142,MKCL,32.07,1341.0,1387.0,1335.0,1355.0,1355.0,0.0,0.0,1366.14,5075.0,1360.0,6933138.5,104,-5.0,52.0,-0.37,3.9,-0.82,"1,900.00","1,333.00",,
2026-04-02,143,MKHC,29.71,325.2,338.9,322.5,331.9,331.9,0.0,0.0,330.84,35531.0,329.0,11755071.9,224,2.9,16.4,0.88,5.09,0.32,543.00,310.70,,
2026-04-02,144,MKHL,37.57,746.5,775.0,730.0,756.3,756.3,0.0,0.0,736.21,25237.0,761.1,18579613.3,132,-4.8,45.0,-0.63,6.16,2.66,"1,027.00",652.00,,
2026-04-02,145,MKJC,30.15,510.3,520.0,510.3,514.9,514.9,0.0,0.0,513.58,24187.0,518.0,12421877.8,134,-3.1,9.7,-0.6,1.9,0.26,635.00,475.50,,
2026-04-02,146,MLBBL,30.64,1288.4,1312.0,1288.2,1291.0,1291.0,0.0,0.0,1296.49,3101.0,1306.0,4020422.9,76,-15.0,23.8,-1.15,1.85,-0.43,"1,690.00","1,285.00",,
2026-04-02,147,MLBL,28.77,373.4,381.0,371.0,378.0,378.0,0.0,0.0,376.86,32943.0,378.0,12414797.6,273,0.0,10.0,0.0,2.7,0.3,468.60,348.90,,
2026-04-02,148,MLBS,28.32,1440.0,1443.0,1415.0,1441.0,1441.0,0.0,0.0,1437.88,343.0,1445.0,493194.0,15,-4.0,28.0,-0.28,1.98,0.22,"1,900.00","1,395.00",,
2026-04-02,149,MLBSL,31.45,1840.0,1890.0,1826.0,1859.5,1859.5,0.0,0.0,1853.61,1567.0,1840.0,2904614.7,54,19.5,64.0,1.06,3.5,0.32,"2,435.50","1,808.40",,
2026-04-02,150,MMF1,30.45,9.9,9.99,9.41,9.57,9.57,0.0,0.0,9.6,26012.0,9.8,249639.4,33,-0.23,0.58,-2.35,6.16,-0.28,10.09,8.22,,
2026-04-02,151,MMKJL,26.82,540.1,554.7,539.1,548.8,548.8,0.0,0.0,548.03,2575.0,550.0,1411185.5,54,-1.2,15.6,-0.22,2.89,0.14,732.90,528.20,,
2026-04-02,152,MNBBL,30.26,369.0,377.1,362.2,374.9,374.9,0.0,0.0,371.65,66300.0,373.2,24640311.1,429,1.7,14.9,0.46,4.11,0.87,503.00,340.10,,
2026-04-02,153,MNMF1,27.24,9.9,10.1,9.75,9.85,9.85,0.0,0.0,9.82,9890.0,10.0,97086.1,26,-0.15,0.35,-1.5,3.59,0.34,10.27,8.53,,
2026-04-02,154,MPFL,27.07,637.9,638.0,625.0,627.0,627.0,0.0,0.0,628.94,16920.0,626.9,10641592.8,157,0.1,13.0,0.02,2.08,-0.31,744.00,491.00,,
2026-04-02,155,MSHL,28.78,757.6,772.7,757.6,762.0,762.0,0.0,0.0,764.26,1195.0,773.0,913289.0,18,-11.0,15.1,-1.42,1.99,-0.3,979.00,756.00,,
2026-04-02,156,MSLB,31.39,1299.0,1323.9,1250.0,1285.0,1285.0,0.0,0.0,1282.5,2924.0,1285.1,3750044.5,91,-0.1,73.9,-0.01,5.91,0.19,"1,710.00","1,130.20",,
2026-04-02,157,NABBC,27.27,1319.5,1340.0,1290.0,1315.0,1315.0,0.0,0.0,1308.69,14255.0,1346.4,18655312.4,159,-31.4,50.0,-2.33,3.88,0.48,"1,917.00",662.00,,
2026-04-02,158,NABIL,31.32,512.6,524.9,512.0,517.5,517.5,0.0,0.0,518.44,83066.0,523.0,43064809.0,785,-5.5,12.9,-1.05,2.52,-0.18,562.00,471.00,,
2026-04-02,159,NADEP,27.37,775.0,784.0,772.0,783.0,783.0,0.0,0.0,781.79,1897.0,781.9,1483055.8,31,1.1,12.0,0.14,1.55,0.15,"1,046.00",696.00,,
2026-04-02,160,NBF2,23.08,9.8,9.91,9.8,9.91,9.91,0.0,0.0,9.82,495.0,9.98,4862.0,2,-0.07,0.11,-0.7,1.12,0.89,11.10,8.89,,
2026-04-02,161,NBF3,27.02,9.8,9.9,9.8,9.86,9.86,0.0,0.0,9.87,13725.0,9.99,135470.05,21,-0.13,0.1,-1.3,1.02,-0.1,10.67,8.35,,
2026-04-02,162,NBL,31.51,265.0,270.0,263.2,269.7,269.7,0.0,0.0,267.18,189444.0,269.0,50615020.1,487,0.7,6.8,0.26,2.58,0.94,313.00,225.40,,
2026-04-02,163,NBLD87,48.3,1088.0,1091.5,1088.0,1091.5,1091.5,0.0,0.0,1089.13,80.0,1088.1,87130.5,3,3.4,3.5,0.31,0.32,0.22,"1,150.00","1,015.50",,
2026-04-02,164,NESDO,31.44,1570.0,1590.0,1551.0,1585.0,1585.0,0.0,0.0,1575.26,2049.0,1577.0,3227701.7,35,8.0,39.0,0.51,2.51,0.61,"1,879.00","1,380.10",,
2026-04-02,165,NFS,31.67,617.0,629.9,610.0,617.0,617.0,0.0,0.0,618.96,20328.0,617.0,12582309.8,241,0.0,19.9,0.0,3.26,-0.32,851.00,576.00,,
2026-04-02,166,NGPL,30.69,458.2,464.8,450.1,462.0,462.0,0.0,0.0,459.02,673745.0,458.2,309259443.0,1390,3.8,14.7,0.83,3.27,0.65,502.00,254.80,,
2026-04-02,167,NHDL,33.23,657.0,658.0,638.0,640.0,640.0,0.0,0.0,643.16,11473.0,647.0,7379016.2,66,-7.0,20.0,-1.08,3.13,-0.49,881.00,623.00,,
2026-04-02,168,NHPC,30.12,272.0,286.0,262.0,276.8,276.8,0.0,0.0,276.48,874968.0,272.0,241908780.9,2412,4.8,24.0,1.76,9.16,0.12,328.70,178.60,,
2026-04-02,169,NIBLGF,35.82,9.26,9.69,8.52,9.69,9.69,0.0,0.0,8.57,190510.0,9.32,1633196.6,23,0.37,1.17,3.97,13.73,11.53,11.35,7.84,,
2026-04-02,170,NIBLSTF,26.2,9.32,9.33,9.32,9.33,9.33,0.0,0.0,9.33,5330.0,9.34,49722.9,12,-0.01,0.01,-0.11,0.11,0.01,10.85,7.85,,
2026-04-02,171,NIBSF2,39.4,9.06,9.58,8.29,9.58,9.58,0.0,0.0,8.51,73495.0,9.22,625375.9,28,0.36,1.29,3.9,15.56,11.18,10.52,8.06,,
2026-04-02,172,NICA,31.42,374.0,381.4,367.3,376.9,376.9,0.0,0.0,374.42,195379.0,374.0,73154676.7,557,2.9,14.1,0.78,3.84,0.66,428.40,304.50,,
2026-04-02,173,NICBF,26.84,9.57,9.57,9.38,9.38,9.38,0.0,0.0,9.56,2100.0,9.39,20078.0,2,-0.01,0.19,-0.11,2.03,-1.93,11.20,8.48,,
2026-04-02,174,NICFC,26.36,9.27,9.3,9.27,9.3,9.3,0.0,0.0,9.29,1700.0,9.36,15791.0,11,-0.06,0.03,-0.64,0.32,0.12,10.40,8.37,,
2026-04-02,175,NICGF2,25.63,9.37,9.4,9.21,9.35,9.35,0.0,0.0,9.35,4100.0,9.56,38336.0,14,-0.21,0.19,-2.2,2.06,0.0,9.99,8.33,,
2026-04-02,176,NICL,33.75,500.0,511.0,498.9,509.0,509.0,0.0,0.0,504.13,35935.0,509.0,18116029.4,136,0.0,12.1,0.0,2.43,0.96,837.00,483.00,,
2026-04-02,177,NICLBSL,29.44,595.0,608.0,585.0,595.0,595.0,0.0,0.0,595.73,16329.0,591.1,9727687.5,190,3.9,23.0,0.66,3.93,-0.12,764.00,535.00,,
2026-04-02,178,NICSF,27.02,9.22,9.7,9.22,9.4,9.4,0.0,0.0,9.36,7800.0,9.4,72988.5,19,0.0,0.48,0.0,5.21,0.45,9.99,8.04,,
2026-04-02,179,NIFRA,28.72,266.0,271.3,263.0,266.0,266.0,0.0,0.0,267.62,168920.0,267.0,45206305.4,915,-1.0,8.3,-0.37,3.16,-0.61,328.10,249.90,,
2026-04-02,180,NIFRAGED,42.03,1029.1,1030.0,1029.1,1049.0,1049.0,0.0,0.0,1029.93,51.0,1050.0,52526.5,3,-1.0,0.9,-0.1,0.09,1.82,"1,137.20",948.00,,
2026-04-02,181,NIL,28.85,625.0,636.0,615.0,635.0,635.0,0.0,0.0,630.7,5588.0,635.0,3524334.6,61,0.0,21.0,0.0,3.41,0.68,783.90,562.00,,
2026-04-02,182,NIMB,30.39,201.0,209.0,200.0,206.9,206.9,0.0,0.0,205.88,243068.0,205.0,50042503.9,719,1.9,9.0,0.93,4.5,0.49,247.00,184.20,,
2026-04-02,183,NIMBPO,26.83,162.1,162.2,159.0,161.9,161.9,0.0,0.0,159.44,4841.0,159.1,771833.9,13,2.8,3.2,1.76,2.01,1.52,184.50,150.00,,
2026-04-02,184,NLG,32.8,650.0,660.0,646.0,654.6,654.6,0.0,0.0,651.13,32086.0,655.3,20892018.2,232,-0.7,14.0,-0.11,2.17,0.53,976.20,646.00,,
2026-04-02,185,NLIC,31.0,780.0,795.7,769.0,785.0,785.0,0.0,0.0,780.85,55782.0,785.0,43557593.4,342,0.0,26.7,0.0,3.47,0.53,890.00,702.00,,
2026-04-02,186,NLICL,29.39,587.1,596.9,585.1,590.0,590.0,0.0,0.0,588.59,18926.0,594.5,11139606.9,113,-4.5,11.8,-0.76,2.02,0.24,691.00,539.00,,
2026-04-02,187,NMB,28.23,243.2,252.0,243.2,249.0,249.0,0.0,0.0,247.94,40655.0,248.1,10079893.0,193,0.9,8.8,0.36,3.62,0.43,283.00,231.00,,
2026-04-02,188,NMBHF2,23.62,9.71,9.79,9.63,9.63,9.63,0.0,0.0,9.68,3100.0,9.9,30014.0,14,-0.27,0.16,-2.73,1.66,-0.54,10.20,8.16,,
2026-04-02,189,NMBMF,31.28,664.0,677.0,650.0,674.0,674.0,0.0,0.0,664.12,5756.0,677.0,3822690.2,72,-3.0,27.0,-0.44,4.15,1.47,835.00,596.00,,
2026-04-02,190,NMFBS,30.44,1162.19,1183.0,1137.0,1160.0,1160.0,0.0,0.0,1154.98,3072.0,1165.0,3548112.3,46,-5.0,46.0,-0.43,4.05,0.43,"1,504.00","1,086.00",,
2026-04-02,191,NMIC,32.79,1215.0,1235.0,1188.0,1208.0,1208.0,0.0,0.0,1212.5,10975.0,1215.0,13307141.0,278,-7.0,47.0,-0.58,3.96,-0.37,"2,703.30",302.30,,
2026-04-02,192,NMLBBL,29.94,612.2,630.0,611.3,622.0,622.0,0.0,0.0,622.33,15552.0,621.0,9678430.3,123,1.0,18.7,0.16,3.06,-0.05,807.00,600.00,,
2026-04-02,193,NRIC,33.86,1060.0,1124.0,1030.0,1071.0,1071.0,0.0,0.0,1068.37,151036.0,1063.0,161361588.9,1799,8.0,94.0,0.75,9.13,0.25,"1,842.00","1,030.00",,
2026-04-02,194,NRM,29.61,420.0,431.4,412.2,419.0,419.0,0.0,0.0,420.79,21026.0,425.0,8847573.4,217,-6.0,19.2,-1.41,4.66,-0.43,590.00,390.10,,
2026-04-02,195,NRN,32.97,1516.0,1610.0,1510.0,1575.0,1575.0,0.0,0.0,1561.24,187809.0,1527.9,293215002.9,1262,47.1,100.0,3.08,6.62,0.87,"2,444.00","1,327.00",,
2026-04-02,196,NSIF2,25.91,10.63,11.1,10.63,11.1,11.1,0.0,0.0,10.92,3400.0,10.83,37132.0,14,0.27,0.47,2.49,4.42,1.61,11.93,9.75,,
2026-04-02,197,NSY,31.4,9.4,9.74,9.4,9.5,9.5,0.0,0.0,9.49,6600.0,9.55,62617.0,40,-0.05,0.34,-0.52,3.62,0.13,10.19,9.24,,
2026-04-02,198,NTC,29.87,850.7,875.0,850.7,866.0,866.0,0.0,0.0,867.9,17213.0,868.0,14939199.1,305,-2.0,24.3,-0.23,2.86,-0.22,942.50,762.50,,
2026-04-02,199,NUBL,26.23,685.0,700.0,685.0,691.1,691.1,0.0,0.0,693.02,4170.0,697.0,2889881.8,60,-5.9,15.0,-0.85,2.19,-0.28,854.40,650.00,,
2026-04-02,200,NWCL,30.67,820.0,836.4,803.6,803.6,803.6,0.0,0.0,814.29,5062.0,820.0,4121939.4,115,-16.4,32.8,-2.0,4.08,-1.33,"1,045.00",740.20,,
2026-04-02,201,NYADI,30.35,408.1,418.2,405.0,411.9,411.9,0.0,0.0,409.59,20919.0,410.0,8568241.7,175,1.9,13.2,0.46,3.26,0.56,663.90,354.00,,
2026-04-02,202,OHL,27.19,699.8,712.9,699.8,712.4,712.4,0.0,0.0,710.52,2353.0,714.0,1671857.9,25,-1.6,13.1,-0.22,1.87,0.26,"1,049.50",633.10,,
2026-04-02,203,OMPL,32.12,1270.0,1275.0,1250.0,1265.0,1265.0,0.0,0.0,1260.06,10768.0,1260.0,13568338.0,175,5.0,25.0,0.4,2.0,0.39,"2,167.20",270.00,,
2026-04-02,204,PBD85,28.19,1102.7,1102.7,1102.7,1102.7,1102.7,0.0,0.0,1102.7,25.0,1121.0,27567.5,1,-18.3,0.0,-1.63,0.0,0.0,"1,150.00","1,032.00",,
2026-04-02,205,PBD88,27.02,1192.0,1192.0,1192.0,1192.0,1192.0,0.0,0.0,1192.0,30.0,1194.0,35760.0,1,-2.0,0.0,-0.17,0.0,0.0,"1,274.00","1,099.70",,
2026-04-02,206,PBLD87,32.14,1088.0,1088.0,1088.0,1088.0,1088.0,0.0,0.0,1088.0,20.0,1083.4,21760.0,1,4.6,0.0,0.42,0.0,0.0,"1,147.00","1,021.30",,
2026-04-02,207,PCBL,29.28,238.0,245.9,238.0,244.0,244.0,0.0,0.0,241.71,74939.0,242.1,18113572.5,339,1.9,7.9,0.78,3.32,0.94,290.00,226.00,,
2026-04-02,208,PFL,28.39,391.0,400.0,385.0,392.2,392.2,0.0,0.0,394.6,14353.0,395.0,5663726.1,138,-2.8,15.0,-0.71,3.9,-0.61,475.50,352.80,,
2026-04-02,209,PHCL,29.62,308.0,318.1,302.0,311.0,311.0,0.0,0.0,310.62,168190.0,312.0,52242949.2,735,-1.0,16.1,-0.32,5.33,0.12,649.00,249.70,,
2026-04-02,210,PMHPL,28.63,348.0,360.0,341.1,350.0,350.0,0.0,0.0,351.11,37740.0,355.0,13251054.3,203,-5.0,18.9,-1.41,5.54,-0.32,468.00,283.50,,
2026-04-02,211,PMLI,33.38,478.0,488.9,471.0,480.3,480.3,0.0,0.0,479.88,19566.0,484.8,9389283.3,263,-4.5,17.9,-0.93,3.8,0.09,589.60,445.00,,
2026-04-02,212,PPCL,29.89,394.9,399.0,380.0,392.5,392.5,0.0,0.0,391.16,66237.0,390.0,25909174.4,236,2.5,19.0,0.64,5.0,0.34,462.00,284.10,,
2026-04-02,213,PPL,29.24,364.0,373.0,360.0,361.0,361.0,0.0,0.0,364.88,74317.0,366.0,27116866.1,369,-5.0,13.0,-1.37,3.61,-1.08,538.20,263.20,,
2026-04-02,214,PRIN,29.56,730.0,738.9,722.0,722.6,722.6,0.0,0.0,728.5,11770.0,725.0,8574485.9,103,-2.4,16.9,-0.33,2.34,-0.82,960.30,630.00,,
2026-04-02,215,PROFL,31.76,455.0,464.0,445.8,455.0,455.0,0.0,0.0,456.95,20158.0,458.0,9211142.7,138,-3.0,18.2,-0.66,4.08,-0.43,589.20,421.40,,
2026-04-02,216,PRSF,35.97,12.1,12.3,11.92,11.96,11.96,0.0,0.0,12.16,228500.0,11.93,2777543.0,28,0.03,0.38,0.25,3.19,-1.64,12.30,9.85,,
2026-04-02,217,PRVU,28.59,205.0,209.9,202.0,206.2,206.2,0.0,0.0,206.48,233724.0,206.0,48259916.3,808,0.2,7.9,0.1,3.91,-0.14,250.90,179.90,,
2026-04-02,218,PSF,23.92,11.71,11.8,11.71,11.8,11.8,0.0,0.0,11.77,2500.0,11.9,29429.0,11,-0.1,0.09,-0.84,0.77,0.24,12.40,9.91,,
2026-04-02,219,PURE,29.67,921.8,949.0,904.2,937.0,937.0,0.0,0.0,925.22,13659.0,938.9,12637517.3,212,-1.9,44.8,-0.2,4.95,1.26,"1,327.90",289.30,,
2026-04-02,220,RADHI,29.42,820.0,843.0,811.0,821.0,821.0,0.0,0.0,826.67,168981.0,823.0,139690940.6,551,-2.0,32.0,-0.24,3.95,-0.69,940.00,403.10,,
2026-04-02,221,RAWA,29.67,700.0,700.0,676.2,690.0,690.0,0.0,0.0,684.33,1823.0,690.0,1247541.5,29,0.0,23.8,0.0,3.52,0.82,913.80,676.20,,
2026-04-02,222,RBBD83,34.74,1030.1,1030.1,1030.1,1030.1,1030.1,0.0,0.0,1030.1,25.0,1035.4,25752.5,1,-5.3,0.0,-0.51,0.0,0.0,"1,100.00","1,025.70",,
2026-04-02,223,RBBF40,24.89,9.5,9.6,9.5,9.51,9.51,0.0,0.0,9.52,1100.0,9.5,10475.0,10,0.01,0.1,0.11,1.05,-0.13,10.20,8.98,,
2026-04-02,224,RBCL,28.06,15575.0,15600.0,15316.0,15415.0,15415.0,0.0,0.0,15520.85,171.0,15575.0,2654066.0,7,-160.0,284.0,-1.03,1.85,-0.69,"16,900.00","14,350.00",,
2026-04-02,225,RBCLPO,38.52,11990.0,12720.0,11750.0,12720.0,12720.0,0.0,0.0,12208.14,310.0,12231.0,3784522.3,15,489.0,970.0,4.0,8.26,4.02,"13,530.00","11,100.00",,
2026-04-02,226,RFPL,29.93,375.6,393.0,375.6,388.0,388.0,0.0,0.0,385.74,99332.0,383.2,38316602.3,552,4.8,17.4,1.25,4.63,0.58,785.00,306.00,,
2026-04-02,227,RHGCL,29.09,299.0,308.0,295.1,303.9,303.9,0.0,0.0,300.99,83054.0,305.0,24998380.9,382,-1.1,12.9,-0.36,4.37,0.96,601.00,217.20,,
2026-04-02,228,RHPL,29.09,289.2,295.0,276.1,292.0,292.0,0.0,0.0,289.53,55284.0,293.8,16006211.5,298,-1.8,18.9,-0.61,6.85,0.85,457.00,252.30,,
2026-04-02,229,RIDI,30.07,350.0,357.0,335.0,347.9,347.9,0.0,0.0,347.8,700868.0,348.0,243764445.5,1576,-0.1,22.0,-0.03,6.57,0.03,393.00,203.50,,
2026-04-02,230,RLEL,37.3,445.0,483.1,445.0,483.1,483.1,0.0,0.0,477.98,270.0,439.2,129055.0,27,43.9,38.1,10.0,8.56,1.06,483.10,300.00,,
2026-04-02,231,RLFL,30.85,464.1,464.1,445.9,448.0,448.0,0.0,0.0,451.32,28371.0,455.0,12804502.3,184,-7.0,18.2,-1.54,4.08,-0.74,576.00,398.00,,
2026-04-02,232,RMF1,35.46,9.5,9.75,9.5,9.75,9.75,0.0,0.0,9.6,16050.0,9.66,154018.5,12,0.09,0.25,0.93,2.63,1.58,11.40,8.65,,
2026-04-02,233,RMF2,33.76,10.3,10.3,10.3,10.3,10.3,0.0,0.0,10.3,100.0,10.2,1030.0,1,0.1,0.0,0.98,0.0,0.0,10.58,8.78,,
2026-04-02,234,RNLI,29.61,460.5,472.4,460.5,469.0,469.0,0.0,0.0,468.4,34933.0,468.5,16362462.2,429,0.5,11.9,0.11,2.58,0.13,561.00,416.00,,
2026-04-02,235,RSDC,30.57,696.1,714.0,690.0,696.0,696.0,0.0,0.0,700.89,23222.0,709.0,16276178.7,146,-13.0,24.0,-1.83,3.48,-0.7,880.00,578.70,,
2026-04-02,236,RSML,44.16,3006.1,3241.9,3006.1,3241.9,3241.9,0.0,0.0,3239.2,16025.0,2947.2,51908127.5,457,294.7,235.8,10.0,7.84,0.08,"3,241.90",300.00,,
2026-04-02,237,RSY,29.57,10.1,10.17,9.95,10.15,10.15,0.0,0.0,10.13,11966.0,10.1,121218.9,13,0.05,0.22,0.5,2.21,0.19,10.70,8.58,,
2026-04-02,238,RURU,30.87,657.0,673.1,643.6,663.0,663.0,0.0,0.0,660.95,7310.0,670.0,4831571.9,106,-7.0,29.5,-1.04,4.58,0.31,853.00,640.00,,
2026-04-02,239,SABBL,35.09,1507.0,1600.0,1483.0,1540.0,1540.0,0.0,0.0,1540.42,33239.0,1536.0,51201972.3,1405,4.0,117.0,0.26,7.89,-0.03,"2,000.00",300.00,,
2026-04-02,240,SADBL,30.37,420.1,432.0,420.1,426.8,426.8,0.0,0.0,426.36,72649.0,427.0,30974633.1,216,-0.2,11.9,-0.05,2.83,0.1,526.50,376.00,,
2026-04-02,241,SAGAR,30.17,1850.0,1947.0,1839.0,1902.0,1902.0,0.0,0.0,1871.23,16159.0,1876.0,30237267.7,302,26.0,108.0,1.39,5.87,1.62,"2,439.00",319.50,,
2026-04-02,242,SAGF,24.69,10.0,10.3,10.0,10.15,10.15,0.0,0.0,10.09,1100.0,10.1,11103.0,10,0.05,0.3,0.5,3.0,0.56,11.31,8.79,,
2026-04-02,243,SAHAS,33.2,620.0,630.0,613.0,625.0,625.0,0.0,0.0,624.32,232244.0,620.0,144993989.1,1145,5.0,17.0,0.81,2.77,0.11,705.00,494.80,,
2026-04-02,244,SAIL,31.77,1193.7,1300.0,1193.7,1300.0,1300.0,0.0,0.0,1231.0,67146.0,1218.0,82656744.4,1050,82.0,106.3,6.73,8.91,5.31,"1,690.00",301.70,,
2026-04-02,245,SALICO,30.73,605.0,620.0,605.0,613.0,613.0,0.0,0.0,609.61,9362.0,609.0,5707155.7,39,4.0,15.0,0.66,2.48,0.55,765.90,570.10,,
2026-04-02,246,SANIMA,28.82,343.0,348.0,338.2,346.0,346.0,0.0,0.0,344.21,54469.0,344.1,18748558.8,297,1.9,9.8,0.55,2.9,0.52,391.00,295.00,,
2026-04-02,247,SANVI,28.52,770.0,774.9,740.0,756.5,756.5,0.0,0.0,759.71,20144.0,770.0,15303574.3,341,-13.5,34.9,-1.75,4.72,-0.42,"1,060.00",359.00,,
2026-04-02,248,SAPDBL,40.04,882.0,950.6,837.0,950.6,950.6,0.0,0.0,881.61,96914.0,884.9,85440083.7,680,65.7,113.6,7.42,13.57,7.26,"1,284.00",686.00,,
2026-04-02,249,SARBTM,29.91,855.0,871.0,840.0,856.3,856.3,0.0,0.0,861.11,25420.0,871.9,21889386.7,213,-15.6,31.0,-1.79,3.69,-0.56,"1,048.00",770.00,,
2026-04-02,250,SBCF,27.82,9.64,9.64,9.47,9.54,9.54,0.0,0.0,9.58,11200.0,9.46,107312.0,15,0.08,0.17,0.85,1.8,-0.43,12.03,8.82,,
2026-04-02,251,SBI,30.33,398.0,408.0,398.0,408.0,408.0,0.0,0.0,402.81,42269.0,406.0,17026246.8,172,2.0,10.0,0.49,2.51,1.27,452.00,363.00,,
2026-04-02,252,SBIBD86,32.61,1170.0,1170.0,1170.0,1170.0,1170.0,0.0,0.0,1170.0,10.0,1158.0,11700.0,1,12.0,0.0,1.04,0.0,0.0,"1,222.00","1,050.00",,
2026-04-02,253,SBID89,28.66,1146.6,1146.6,1146.6,1146.6,1146.6,0.0,0.0,1146.6,25.0,1170.0,28665.0,1,-23.4,0.0,-2.0,0.0,0.0,"1,266.00","1,049.00",,
2026-04-02,254,SBL,31.65,385.8,397.0,385.8,394.0,394.0,0.0,0.0,393.42,108148.0,393.6,42547723.5,310,0.4,11.2,0.1,2.9,0.15,424.00,261.00,,
2026-04-02,255,SBLD2091,31.81,1051.5,1055.0,1051.5,1055.0,1055.0,0.0,0.0,1054.02,150.0,1062.4,158102.5,3,-7.4,3.5,-0.7,0.33,0.09,"1,150.00",825.35,,
2026-04-02,256,SCB,31.32,646.1,653.9,645.0,653.5,653.5,0.0,0.0,650.21,21410.0,650.0,13920893.0,118,3.5,8.9,0.54,1.38,0.5,712.60,594.90,,
2026-04-02,257,SDBD87,42.6,1148.0,1148.0,1148.0,1148.0,1148.0,0.0,0.0,1148.0,25.0,1148.0,28700.0,1,0.0,0.0,0.0,0.0,0.0,"1,196.20","1,045.70",,
2026-04-02,258,SEF,30.02,10.09,10.14,9.89,10.01,10.01,0.0,0.0,9.92,31811.0,9.9,315572.54,11,0.11,0.25,1.11,2.53,0.9,11.53,8.60,,
2026-04-02,259,SFCL,30.0,400.0,400.0,385.0,392.7,392.7,0.0,0.0,391.66,17663.0,399.9,6917935.9,153,-7.2,15.0,-1.8,3.9,0.26,587.00,359.40,,
2026-04-02,260,SFEF,25.35,10.0,10.25,10.0,10.2,10.2,0.0,0.0,10.18,1200.0,10.11,12211.0,7,0.09,0.25,0.89,2.5,0.24,11.12,8.82,,
2026-04-02,261,SGHC,32.73,415.0,449.0,408.0,415.0,415.0,0.0,0.0,417.38,74184.0,417.0,30962923.4,297,-2.0,41.0,-0.48,10.05,-0.57,564.00,296.00,,
2026-04-02,262,SGIC,29.27,480.0,492.9,480.0,486.0,486.0,0.0,0.0,488.09,13553.0,488.0,6615086.6,129,-2.0,12.9,-0.41,2.69,-0.43,632.00,439.00,,
2026-04-02,263,SHEL,29.05,311.0,321.3,308.1,315.9,315.9,0.0,0.0,315.19,286286.0,315.0,90234784.7,945,0.9,13.2,0.29,4.28,0.22,361.00,243.00,,
2026-04-02,264,SHINE,28.93,408.0,413.0,402.0,410.0,410.0,0.0,0.0,409.21,35385.0,408.1,14479801.7,201,1.9,11.0,0.47,2.74,0.19,499.00,382.00,,
2026-04-02,265,SHINED,46.57,1121.0,1130.0,1121.0,1130.0,1130.0,0.0,0.0,1125.5,400.0,1140.0,450200.0,3,-10.0,9.0,-0.88,0.8,0.4,"1,200.00","1,000.00",,
2026-04-02,266,SHIVM,31.29,661.0,682.0,660.0,675.0,675.0,0.0,0.0,672.39,355138.0,669.0,238790952.3,1378,6.0,22.0,0.9,3.33,0.39,730.00,495.00,,
2026-04-02,267,SHL,29.11,492.2,495.0,481.2,492.0,492.0,0.0,0.0,492.24,33660.0,491.0,16568734.0,154,1.0,13.8,0.2,2.87,-0.05,619.00,464.00,,
2026-04-02,268,SHLB,32.49,1547.0,1580.0,1519.0,1556.0,1556.0,0.0,0.0,1554.05,900.0,1578.0,1398641.0,34,-22.0,61.0,-1.39,4.02,0.13,"2,259.00","1,519.00",,
2026-04-02,269,SHPC,29.77,535.0,538.0,528.0,530.0,530.0,0.0,0.0,532.42,95460.0,535.0,50824702.3,405,-5.0,10.0,-0.93,1.89,-0.46,684.90,461.00,,
2026-04-02,270,SICL,28.98,637.0,640.4,630.5,637.0,637.0,0.0,0.0,636.08,8965.0,639.0,5702428.9,82,-2.0,9.9,-0.31,1.57,0.14,876.90,588.80,,
2026-04-02,271,SIFC,31.49,550.1,570.6,538.4,561.0,561.0,0.0,0.0,557.42,23124.0,559.5,12889799.8,92,1.5,32.2,0.27,5.98,0.64,687.40,459.00,,
2026-04-02,272,SIGS2,30.65,9.98,10.17,9.98,10.17,10.17,0.0,0.0,10.07,4100.0,9.98,41298.0,4,0.19,0.19,1.9,1.9,0.96,11.70,8.90,,
2026-04-02,273,SIGS3,26.99,10.21,10.41,10.21,10.35,10.35,0.0,0.0,10.3,650.0,10.41,6694.5,4,-0.06,0.2,-0.58,1.96,0.49,11.46,8.50,,
2026-04-02,274,SIKLES,37.51,601.1,611.9,590.0,608.0,608.0,0.0,0.0,604.42,26294.0,608.0,15892575.7,245,0.0,21.9,0.0,3.71,0.59,"1,179.00",540.00,,
2026-04-02,275,SINDU,27.75,760.1,788.4,745.0,769.1,769.1,0.0,0.0,768.18,15622.0,774.0,12000497.5,259,-4.9,43.4,-0.63,5.83,0.12,"1,247.00",608.00,,
2026-04-02,276,SJCL,29.38,312.1,321.9,306.1,321.0,321.0,0.0,0.0,315.02,41654.0,317.1,13122044.4,231,3.9,15.8,1.23,5.16,1.86,365.00,267.00,,
2026-04-02,277,SJLIC,29.8,450.0,450.0,436.1,443.0,443.0,0.0,0.0,443.33,29692.0,443.5,13163264.9,230,-0.5,13.9,-0.11,3.19,-0.07,489.90,390.00,,
2026-04-02,278,SKBBL,31.23,768.0,780.0,760.0,771.9,771.9,0.0,0.0,772.3,20720.0,770.0,16002084.2,222,1.9,20.0,0.25,2.63,-0.05,999.00,752.00,,
2026-04-02,279,SKHEL,37.57,424.3,457.6,424.3,457.6,457.6,0.0,0.0,452.13,150.0,416.0,67820.0,15,41.6,33.3,10.0,7.85,1.19,457.60,284.30,,
2026-04-02,280,SKHL,37.57,542.0,584.5,542.0,584.5,584.5,0.0,0.0,582.67,570.0,531.4,332121.0,57,53.1,42.5,9.99,7.84,0.31,584.50,300.00,,
2026-04-02,281,SLBBL,29.36,815.0,829.0,815.0,823.0,823.0,0.0,0.0,824.11,7908.0,828.9,6517038.8,119,-5.9,14.0,-0.71,1.72,-0.13,"1,155.00",780.00,,
2026-04-02,282,SLBSL,32.77,1389.2,1389.2,1317.8,1384.0,1384.0,0.0,0.0,1350.07,3928.0,1362.0,5303083.2,69,22.0,71.4,1.62,5.42,2.45,"2,032.00","1,234.50",,
2026-04-02,283,SLCF,25.06,9.8,9.81,9.78,9.8,9.8,0.0,0.0,9.8,2100.0,9.9,20575.0,10,-0.1,0.03,-1.01,0.31,0.02,11.99,8.60,,
2026-04-02,284,SMATA,31.22,790.1,808.0,776.0,792.0,792.0,0.0,0.0,798.14,12286.0,799.1,9805932.4,200,-7.1,32.0,-0.89,4.12,-0.78,"1,382.00",734.10,,
2026-04-02,285,SMB,30.25,1846.0,1880.0,1820.0,1839.9,1839.9,0.0,0.0,1849.6,1340.0,1882.0,2478468.0,38,-42.1,60.0,-2.24,3.3,-0.53,"2,600.00","1,710.10",,
2026-04-02,286,SMFBS,36.08,1651.1,1704.9,1650.0,1703.0,1703.0,0.0,0.0,1686.65,6399.0,1669.0,10792894.4,51,34.0,54.9,2.04,3.33,0.96,"2,026.00","1,490.00",,
2026-04-02,287,SMH,29.52,607.1,618.0,601.0,608.0,608.0,0.0,0.0,610.43,19073.0,611.0,11642666.5,208,-3.0,17.0,-0.49,2.83,-0.4,"1,024.80",601.00,,
2026-04-02,288,SMHL,28.6,521.0,521.0,501.0,508.0,508.0,0.0,0.0,508.03,140125.0,511.0,71187346.9,645,-3.0,20.0,-0.59,3.99,-0.01,"1,230.00",443.00,,
2026-04-02,289,SMJC,31.42,495.4,495.4,483.1,485.9,485.9,0.0,0.0,486.35,27837.0,488.2,13538412.6,254,-2.3,12.3,-0.47,2.55,-0.09,679.30,464.00,,
2026-04-02,290,SMPDA,36.36,860.0,878.0,856.0,871.9,871.9,0.0,0.0,868.38,2728.0,863.3,2368951.5,80,8.6,22.0,1.0,2.57,0.4,"1,155.00",840.00,,
2026-04-02,291,SNLI,29.5,455.1,464.5,455.1,460.1,460.1,0.0,0.0,460.3,23184.0,458.0,10671585.7,419,2.1,9.4,0.46,2.07,-0.04,663.00,411.60,,
2026-04-02,292,SOHL,31.29,656.0,687.0,640.1,660.5,660.5,0.0,0.0,663.54,117989.0,666.0,78290318.7,7119,-5.5,46.9,-0.83,7.33,-0.46,777.80,300.00,,
2026-04-02,293,SONA,30.31,440.2,454.5,438.2,442.0,442.0,0.0,0.0,446.07,78530.0,447.0,35030213.9,528,-5.0,16.3,-1.12,3.72,-0.92,523.30,398.00,,
2026-04-02,294,SPC,29.49,485.0,494.0,480.1,489.0,489.0,0.0,0.0,486.96,11455.0,488.0,5578167.3,107,1.0,13.9,0.2,2.9,0.42,591.00,441.00,,
2026-04-02,295,SPDL,27.65,408.0,421.9,406.7,411.0,411.0,0.0,0.0,414.01,89923.0,415.0,37228835.2,309,-4.0,15.2,-0.96,3.74,-0.73,474.00,315.00,,
2026-04-02,296,SPHL,28.77,534.1,543.8,524.0,542.0,542.0,0.0,0.0,537.24,6051.0,543.9,3250813.6,55,-1.9,19.8,-0.35,3.78,0.88,826.00,477.10,,
2026-04-02,297,SPIL,29.74,705.0,718.0,700.0,706.0,706.0,0.0,0.0,705.58,6538.0,715.0,4613060.6,57,-9.0,18.0,-1.26,2.57,0.06,894.50,625.00,,
2026-04-02,298,SPL,37.65,719.0,733.0,714.0,726.0,726.0,0.0,0.0,720.03,7507.0,723.0,5405243.8,91,3.0,19.0,0.41,2.66,0.82,"1,035.00",696.30,,
2026-04-02,299,SRLI,28.42,395.0,400.0,389.3,396.0,396.0,0.0,0.0,394.87,24342.0,397.0,9611933.3,278,-1.0,10.7,-0.25,2.75,0.29,451.10,363.90,,
2026-04-02,300,SSHL,29.69,213.9,222.3,202.1,214.8,214.8,0.0,0.0,214.58,513194.0,213.9,110121503.8,1625,0.9,20.2,0.42,10.0,0.1,313.80,151.00,,
2026-04-02,301,STC,30.98,5701.0,5820.0,5689.0,5731.0,5731.0,0.0,0.0,5766.92,2799.0,5764.1,16141617.0,36,-33.1,131.0,-0.57,2.3,-0.63,"6,335.90","4,832.00",,
2026-04-02,302,SWASTIK,32.85,2700.1,2800.0,2700.0,2720.0,2720.0,0.0,0.0,2728.58,2218.0,2710.0,6051992.0,73,10.0,100.0,0.37,3.7,-0.32,"3,400.00",391.70,,
2026-04-02,303,SWBBL,29.5,748.2,760.0,747.8,750.0,750.0,0.0,0.0,750.51,7343.0,763.0,5511016.7,98,-13.0,12.2,-1.7,1.63,-0.07,"1,046.50",718.00,,
2026-04-02,304,SWMF,29.3,676.2,683.0,663.0,680.8,680.8,0.0,0.0,676.52,5030.0,689.9,3402915.2,77,-9.1,20.0,-1.32,3.02,0.63,868.10,641.10,,
2026-04-02,305,SYPNL,33.11,1806.2,1880.0,1806.2,1845.0,1845.0,0.0,0.0,1836.51,194397.0,1843.0,357012589.3,2262,2.0,73.8,0.11,4.09,0.46,"2,255.90",319.80,,
2026-04-02,306,TAMOR,30.47,446.1,456.0,441.0,448.2,448.2,0.0,0.0,450.1,115950.0,453.0,52188611.3,378,-4.8,15.0,-1.06,3.4,-0.42,576.00,396.40,,
2026-04-02,307,TPC,32.16,381.0,392.0,370.0,386.0,386.0,0.0,0.0,381.84,162078.0,387.9,61887993.3,583,-1.9,22.0,-0.49,5.95,1.08,616.00,270.10,,
2026-04-02,308,TRH,30.63,767.0,770.0,755.0,765.0,765.0,0.0,0.0,767.99,1804.0,766.2,1385450.7,17,-1.2,15.0,-0.16,1.99,-0.39,"1,086.30",681.10,,
2026-04-02,309,TSHL,28.89,705.0,719.0,704.0,704.6,704.6,0.0,0.0,708.94,4817.0,718.9,3414946.9,83,-14.3,15.0,-1.99,2.13,-0.62,989.00,616.80,,
2026-04-02,310,TTL,31.0,875.0,885.0,852.6,860.0,860.0,0.0,0.0,866.42,38602.0,870.0,33445719.4,584,-10.0,32.4,-1.15,3.8,-0.75,"1,262.80",366.10,,
2026-04-02,311,TVCL,28.61,570.0,612.5,566.6,583.0,583.0,0.0,0.0,579.55,22283.0,578.0,12914137.1,108,5.0,45.9,0.87,8.1,0.59,689.00,377.60,,
2026-04-02,312,UAIL,29.27,450.0,472.0,447.3,458.0,458.0,0.0,0.0,456.8,20231.0,456.0,9241437.3,170,2.0,24.7,0.44,5.52,0.26,670.00,422.10,,
2026-04-02,313,UHEWA,27.0,570.0,590.5,568.0,575.0,575.0,0.0,0.0,580.01,19061.0,577.2,11055480.9,174,-2.2,22.5,-0.38,3.96,-0.87,765.00,508.50,,
2026-04-02,314,ULBSL,33.93,3111.0,3210.0,3085.0,3130.0,3130.0,0.0,0.0,3150.71,1465.0,3174.0,4615787.2,29,-44.0,125.0,-1.39,4.05,-0.66,"4,325.00","2,931.00",,
2026-04-02,315,ULHC,29.19,510.0,519.0,491.0,506.0,506.0,0.0,0.0,505.45,20494.0,500.5,10358612.9,162,5.5,28.0,1.1,5.7,0.11,599.00,411.70,,
2026-04-02,316,UMHL,31.25,605.0,610.0,592.0,604.0,604.0,0.0,0.0,602.68,62004.0,600.9,37368367.4,284,3.1,18.0,0.52,3.04,0.22,706.00,435.00,,
2026-04-02,317,UMRH,27.62,539.0,550.3,538.0,540.0,540.0,0.0,0.0,543.11,11630.0,543.1,6316382.9,117,-3.1,12.3,-0.57,2.29,-0.58,675.00,526.00,,
2026-04-02,318,UNHPL,28.01,510.0,520.0,502.6,512.0,512.0,0.0,0.0,512.67,95735.0,510.0,49080723.3,357,2.0,17.4,0.39,3.46,-0.13,571.00,300.00,,
2026-04-02,319,UNL,31.77,46695.0,47400.0,46695.0,46700.0,46700.0,0.0,0.0,46848.64,53.0,46700.0,2482978.1,8,0.0,705.0,0.0,1.51,-0.32,"50,724.00","45,000.00",,
2026-04-02,320,UNLB,31.42,1690.0,1690.0,1650.0,1665.0,1665.0,0.0,0.0,1668.5,3865.0,1694.0,6448749.3,106,-29.0,40.0,-1.71,2.42,-0.21,"2,480.00","1,640.00",,
2026-04-02,321,UPCL,29.18,380.1,392.9,376.1,384.0,384.0,0.0,0.0,385.38,167214.0,387.0,64441536.4,767,-3.0,16.8,-0.78,4.47,-0.36,489.00,283.20,,
2026-04-02,322,UPPER,30.15,207.5,213.5,199.0,208.0,208.0,0.0,0.0,208.05,563584.0,208.1,117256398.7,2250,-0.1,14.5,-0.05,7.29,-0.03,242.60,166.00,,
2026-04-02,323,USHEC,30.07,479.2,495.0,465.0,495.0,495.0,0.0,0.0,484.58,36781.0,488.9,17823251.1,208,6.1,30.0,1.25,6.45,2.11,619.00,410.00,,
2026-04-02,324,USHL,29.6,713.0,713.0,690.0,697.0,697.0,0.0,0.0,693.28,4017.0,703.9,2784907.9,48,-6.9,23.0,-0.98,3.33,0.53,945.00,588.00,,
2026-04-02,325,USLB,31.46,1427.0,1443.0,1399.0,1420.0,1420.0,0.0,0.0,1409.07,4005.0,1428.0,5643318.2,98,-8.0,44.0,-0.56,3.15,0.77,"2,750.00","1,393.00",,
2026-04-02,326,VLBS,30.13,758.0,775.0,755.0,762.3,762.3,0.0,0.0,764.49,7112.0,772.1,5437067.7,297,-9.8,20.0,-1.27,2.65,-0.29,"1,008.00",737.00,,
2026-04-02,327,VLUCL,32.04,533.0,560.9,523.0,540.0,540.0,0.0,0.0,545.18,6829.0,542.1,3723021.9,105,-2.1,37.9,-0.39,7.25,-0.96,685.00,516.00,,
2026-04-02,328,WNLB,32.64,1542.0,1614.0,1515.0,1555.0,1555.0,0.0,0.0,1560.59,2298.0,1542.6,3586241.0,68,12.4,99.0,0.8,6.53,-0.36,"3,562.00","1,242.10",,
2026-04-06,1,ACLBSL,32.1,950.0,972.0,931.0,959.1,959.1,0.0,0.0,949.48,11343.0,935.0,10769986.4,138,24.1,41.0,2.58,4.4,1.0,"1,240.00",900.00,,
2026-04-06,2,ADBL,28.54,308.0,313.0,301.2,309.0,309.0,0.0,0.0,306.67,93235.0,302.0,28591944.5,404,7.0,11.8,2.32,3.92,0.76,344.90,272.30,,
2026-04-06,3,ADBLD83,29.75,1064.2,1085.4,1064.2,1085.4,1085.4,0.0,0.0,1081.87,60.0,1085.9,64912.0,3,-0.5,21.2,-0.05,1.99,0.33,"1,160.00","1,042.20",,
2026-04-06,4,AHL,23.62,461.1,488.0,461.1,485.0,485.0,0.0,0.0,481.52,4487.0,466.3,2160586.5,74,18.7,26.9,4.01,5.83,0.72,750.00,461.10,,
2026-04-06,5,AHPC,25.45,271.0,290.0,270.0,286.0,286.0,0.0,0.0,281.26,330227.0,271.0,92880429.7,1196,15.0,20.0,5.54,7.41,1.66,334.00,246.00,,
2026-04-06,6,AKJCL,25.84,366.7,389.0,359.4,381.0,381.0,0.0,0.0,375.51,684434.0,359.6,257009480.5,1168,21.4,29.6,5.95,8.24,1.44,431.80,172.90,,
2026-04-06,7,AKPL,24.98,253.0,277.0,253.0,272.0,272.0,0.0,0.0,267.29,351747.0,257.9,94017635.8,1128,14.1,24.0,5.47,9.49,1.73,317.00,221.20,,
2026-04-06,8,ALBSL,25.61,1136.8,1193.5,1136.6,1187.8,1187.8,0.0,0.0,1159.3,15212.0,1160.0,17635302.9,233,27.8,56.9,2.4,5.01,2.4,"1,334.00",771.00,,
2026-04-06,9,ALICL,23.44,446.0,463.5,446.0,457.1,457.1,0.0,0.0,456.88,24314.0,449.9,11108475.0,202,7.2,17.5,1.6,3.92,0.05,779.00,430.00,,
2026-04-06,10,ANLB,33.7,6184.8,6548.0,6184.8,6500.0,6500.0,0.0,0.0,6372.8,1122.0,6311.0,7150283.7,62,189.0,363.2,2.99,5.87,1.96,"6,800.00","5,000.00",,
2026-04-06,11,API,27.2,325.0,348.0,324.0,346.0,346.0,0.0,0.0,336.54,936872.0,325.0,315298562.0,2345,21.0,24.0,6.46,7.41,2.73,368.90,258.80,,
2026-04-06,12,AVYAN,26.41,1100.0,1212.7,1090.8,1135.0,1135.0,0.0,0.0,1119.43,20606.0,1114.0,23066989.7,307,21.0,121.9,1.89,11.18,1.37,"1,366.00",906.00,,
2026-04-06,13,BANDIPUR,26.87,800.0,852.0,800.0,840.0,840.0,0.0,0.0,827.98,58017.0,799.0,48036734.5,976,41.0,52.0,5.13,6.5,1.43,"1,233.00",285.00,,
2026-04-06,14,BARUN,27.17,334.0,360.8,334.0,357.0,357.0,0.0,0.0,350.08,178742.0,334.0,62574600.5,825,23.0,26.8,6.89,8.02,1.94,589.00,292.10,,
2026-04-06,15,BBC,23.52,4827.0,4998.0,4827.0,4958.0,4958.0,0.0,0.0,4889.07,558.0,4837.0,2728103.5,41,121.0,171.0,2.5,3.54,1.39,"6,537.00","4,480.00",,
2026-04-06,16,BEDC,26.84,424.0,465.0,424.0,448.0,448.0,0.0,0.0,449.47,12704.0,430.2,5710032.5,179,17.8,41.0,4.14,9.67,-0.33,872.00,424.00,,
2026-04-06,17,BFC,29.21,450.1,467.0,450.1,464.0,464.0,0.0,0.0,461.05,28527.0,449.0,13152251.3,177,15.0,16.9,3.34,3.75,0.64,579.90,411.50,,
2026-04-06,18,BGWT,27.49,720.0,735.0,710.0,715.0,715.0,0.0,0.0,725.42,5089.0,720.0,3691645.5,70,-5.0,25.0,-0.69,3.52,-1.46,"1,110.00",710.00,,
2026-04-06,19,BHCL,26.84,520.0,550.8,515.0,533.0,533.0,0.0,0.0,532.03,44697.0,515.0,23780089.9,533,18.0,35.8,3.5,6.95,0.18,699.00,292.10,,
2026-04-06,20,BHDC,26.0,459.0,470.0,448.0,467.9,467.9,0.0,0.0,460.87,35670.0,450.0,16439101.6,263,17.9,22.0,3.98,4.91,1.5,706.00,426.00,,
2026-04-06,21,BHL,26.09,207.0,227.0,203.0,222.0,222.0,0.0,0.0,216.69,632959.0,207.0,137153551.3,2381,15.0,24.0,7.25,11.82,2.39,307.00,164.00,,
2026-04-06,22,BHPL,26.48,535.0,543.6,522.0,539.7,539.7,0.0,0.0,533.38,32346.0,525.0,17252660.6,235,14.7,21.6,2.8,4.14,1.17,"1,308.40",503.10,,
2026-04-06,23,BJHL,33.15,770.0,847.0,770.0,847.0,847.0,0.0,0.0,846.34,4620.0,770.0,3910090.0,461,77.0,77.0,10.0,10.0,0.08,847.00,270.10,,
2026-04-06,24,BNHC,25.25,343.0,358.4,335.0,351.0,351.0,0.0,0.0,349.87,19908.0,337.0,6965223.4,173,14.0,23.4,4.15,6.99,0.32,613.80,313.10,,
2026-04-06,25,BNL,24.13,15300.0,15300.0,15100.0,15100.0,15100.0,0.0,0.0,15200.0,20.0,15000.0,304000.0,2,100.0,200.0,0.67,1.32,-0.66,"19,060.00","14,635.80",,
2026-04-06,26,BNT,27.05,11526.0,11799.9,11526.0,11564.0,11564.0,0.0,0.0,11700.88,100.0,11300.0,1170088.0,8,264.0,273.9,2.34,2.38,-1.18,"13,550.00","10,660.00",,
2026-04-06,27,BPCL,30.28,676.0,700.0,659.1,700.0,700.0,0.0,0.0,685.96,72344.0,664.0,49625262.6,395,36.0,40.9,5.42,6.21,2.01,"1,065.00",397.00,,
2026-04-06,28,BUNGAL,26.41,555.1,598.0,555.1,580.0,580.0,0.0,0.0,581.23,17129.0,564.0,9955929.8,344,16.0,42.9,2.84,7.73,-0.21,822.00,302.40,,
2026-04-06,29,C30MF,27.57,9.9,10.0,9.85,9.99,9.99,0.0,0.0,9.9,50250.0,9.86,497249.0,10,0.13,0.15,1.32,1.52,0.95,10.71,8.70,,
2026-04-06,30,CBBL,27.75,898.0,919.0,882.0,907.0,907.0,0.0,0.0,906.68,43153.0,898.0,39125976.6,563,9.0,37.0,1.0,4.2,0.04,"1,144.80",822.00,,
2026-04-06,31,CBLD88,22.61,1190.0,1190.0,1190.0,1190.0,1190.0,0.0,0.0,1190.0,25.0,1198.0,29750.0,1,-8.0,0.0,-0.67,0.0,0.0,"1,265.00","1,108.00",,
2026-04-06,32,CCBD88,40.0,1265.0,1265.0,1265.0,1265.0,1265.0,0.0,0.0,1265.0,25.0,1290.0,31625.0,1,-25.0,0.0,-1.94,0.0,0.0,"1,297.40","1,126.00",,
2026-04-06,33,CFCL,28.34,488.0,522.0,480.0,518.0,518.0,0.0,0.0,504.73,34492.0,488.9,17409199.7,202,29.1,42.0,5.95,8.75,2.56,624.00,445.10,,
2026-04-06,34,CGH,28.26,800.0,832.0,798.0,828.9,828.9,0.0,0.0,817.47,37704.0,809.0,30821841.5,302,19.9,34.0,2.46,4.26,1.38,"1,150.00",798.00,,
2026-04-06,35,CHCL,26.72,476.0,497.0,476.0,486.0,486.0,0.0,0.0,486.84,62785.0,476.0,30565962.6,384,10.0,21.0,2.1,4.41,-0.17,599.60,456.00,,
2026-04-06,36,CHDC,36.4,2290.0,2395.0,2290.0,2378.0,2378.0,0.0,0.0,2347.15,41715.0,2285.0,97911341.8,371,93.0,105.0,4.07,4.59,1.3,"2,997.90","1,990.00",,
2026-04-06,37,CHL,26.87,274.8,293.7,270.0,288.0,288.0,0.0,0.0,278.87,87431.0,270.0,24382052.3,361,18.0,23.7,6.67,8.78,3.17,524.20,223.40,,
2026-04-06,38,CIT,26.36,1758.0,1794.0,1758.0,1789.8,1789.8,0.0,0.0,1776.33,9604.0,1758.0,17059886.6,249,31.8,36.0,1.81,2.05,0.75,"2,168.00","1,730.80",,
2026-04-06,39,CITY,24.5,461.0,470.0,452.1,470.0,470.0,0.0,0.0,462.91,9147.0,452.0,4234254.4,131,18.0,17.9,3.98,3.96,1.51,998.40,452.00,,
2026-04-06,40,CIZBD86,39.52,1198.5,1198.5,1198.5,1198.5,1198.5,0.0,0.0,1198.5,25.0,1175.0,29962.5,1,23.5,0.0,2.0,0.0,0.0,"1,320.90","1,110.00",,
2026-04-06,41,CIZBD90,31.28,1274.0,1275.0,1240.0,1240.0,1240.0,0.0,0.0,1256.9,155.0,1250.0,194820.0,5,-10.0,35.0,-0.8,2.82,-1.36,"1,303.00","1,120.00",,
2026-04-06,42,CKHL,37.75,625.3,700.7,625.3,694.6,694.6,0.0,0.0,674.4,45662.0,637.0,30794595.9,105,57.6,75.4,9.04,12.06,2.91,804.00,550.00,,
2026-04-06,43,CLI,25.11,450.0,468.9,450.0,468.0,468.0,0.0,0.0,462.31,19674.0,454.0,9095456.1,353,14.0,18.9,3.08,4.2,1.22,540.00,411.00,,
2026-04-06,44,CMF2,22.87,10.05,10.05,9.92,9.92,9.92,0.0,0.0,10.04,6110.0,9.94,61340.5,2,-0.02,0.13,-0.2,1.31,-1.2,10.86,8.64,,
2026-04-06,45,CORBL,30.84,1617.1,1813.9,1616.1,1812.0,1812.0,0.0,0.0,1747.03,11030.0,1649.0,19269750.7,232,163.0,197.8,9.88,12.24,3.59,"2,800.00","1,431.00",,
2026-04-06,46,CREST,29.25,1172.1,1250.0,1172.1,1242.0,1242.0,0.0,0.0,1229.37,19064.0,1196.0,23436788.5,287,46.0,77.9,3.85,6.65,1.02,"2,458.20",302.50,,
2026-04-06,47,CSY,23.66,9.2,9.46,9.14,9.46,9.46,0.0,0.0,9.34,8950.0,9.37,83632.2,52,0.09,0.32,0.96,3.5,1.22,10.00,8.87,,
2026-04-06,48,CYCL,24.12,1540.0,1574.9,1540.0,1568.0,1568.0,0.0,0.0,1557.16,1357.0,1530.1,2113066.0,46,37.9,34.9,2.48,2.27,0.69,"2,040.00","1,462.00",,
2026-04-06,49,CYCLP,24.81,847.0,847.0,847.0,847.0,847.0,0.0,0.0,847.0,6994.0,864.0,5923918.0,2,-17.0,0.0,-1.97,0.0,0.0,864.00,847.00,,
2026-04-06,50,CZBIL,24.77,197.2,209.9,197.2,206.0,206.0,0.0,0.0,205.21,113461.0,200.0,23283360.5,368,6.0,12.7,3.0,6.44,0.38,240.10,183.00,,
2026-04-06,51,DDBL,23.94,835.0,847.8,823.0,839.0,839.0,0.0,0.0,837.66,9721.0,821.0,8142859.1,134,18.0,24.8,2.19,3.01,0.16,"1,010.00",760.20,,
2026-04-06,52,DHEL,27.13,592.0,634.0,588.0,620.0,620.0,0.0,0.0,618.69,34959.0,598.0,21628757.0,523,22.0,46.0,3.68,7.82,0.21,918.90,402.20,,
2026-04-06,53,DHPL,25.75,289.0,312.9,289.0,310.0,310.0,0.0,0.0,299.63,16564.0,289.0,4963036.4,99,21.0,23.9,7.27,8.27,3.35,415.00,265.00,,
2026-04-06,54,DLBS,25.61,1300.5,1352.0,1276.1,1317.0,1317.0,0.0,0.0,1289.54,868.0,1275.1,1119316.6,27,41.9,75.9,3.29,5.95,2.09,"1,684.00","1,240.00",,
2026-04-06,55,DOLTI,26.87,456.9,467.9,449.0,465.0,465.0,0.0,0.0,462.98,7699.0,457.0,3564486.3,134,8.0,18.9,1.75,4.21,0.43,689.90,445.00,,
2026-04-06,56,DORDI,24.71,282.0,289.5,273.7,287.0,287.0,0.0,0.0,283.75,150685.0,277.0,42756172.2,603,10.0,15.8,3.61,5.77,1.13,450.00,213.10,,
2026-04-06,57,EBL,25.55,681.0,698.2,675.0,693.9,693.9,0.0,0.0,691.88,30269.0,681.0,20942644.6,297,12.9,23.2,1.89,3.44,0.29,780.60,600.00,,
2026-04-06,58,EBLD86,35.5,1072.0,1072.0,1072.0,1072.0,1072.0,0.0,0.0,1072.0,25.0,1087.0,26800.0,1,-15.0,0.0,-1.38,0.0,0.0,"1,150.00","1,022.00",,
2026-04-06,59,EBLD91,20.68,1085.0,1085.0,1085.0,1085.0,1085.0,0.0,0.0,1085.0,25.0,1085.0,27125.0,1,0.0,0.0,0.0,0.0,0.0,"1,142.40",994.40,,
2026-04-06,60,EDBL,23.61,567.2,590.0,567.2,587.0,587.0,0.0,0.0,583.64,12371.0,574.9,7220215.6,74,12.1,22.8,2.1,4.02,0.57,717.30,545.00,,
2026-04-06,61,EHPL,27.09,395.1,414.0,395.1,414.0,414.0,0.0,0.0,408.46,33318.0,395.1,13609164.2,281,18.9,18.9,4.78,4.78,1.34,700.00,385.00,,
2026-04-06,62,ENL,24.6,884.0,896.0,880.0,886.0,886.0,0.0,0.0,885.89,964.0,869.5,853995.0,22,16.5,16.0,1.9,1.82,0.01,"1,289.80",852.60,,
2026-04-06,63,FMDBL,24.68,795.0,826.0,788.5,810.0,810.0,0.0,0.0,809.84,33616.0,789.0,27223586.1,228,21.0,37.5,2.66,4.76,0.02,"1,038.80",718.00,,
2026-04-06,64,FOWAD,25.36,1085.0,1104.9,1066.0,1100.0,1100.0,0.0,0.0,1090.02,3706.0,1065.2,4039614.7,74,34.8,38.9,3.27,3.65,0.91,"1,324.40","1,012.40",,
2026-04-06,65,GBBD85,25.77,1063.6,1063.6,1063.6,1063.6,1063.6,0.0,0.0,1063.6,25.0,1073.1,26590.0,1,-9.5,0.0,-0.89,0.0,0.0,"1,135.00","1,020.10",,
2026-04-06,66,GBBL,27.92,400.0,412.0,395.1,407.0,407.0,0.0,0.0,405.76,64023.0,400.0,25978269.8,239,7.0,16.9,1.75,4.28,0.3,498.00,367.40,,
2026-04-06,67,GBIME,24.97,228.0,238.1,226.1,237.8,237.8,0.0,0.0,233.22,160876.0,229.3,37518778.6,769,8.5,12.0,3.71,5.31,1.93,278.90,213.00,,
2026-04-06,68,GBIMEP,30.82,100.0,100.0,100.0,100.0,100.0,0.0,0.0,100.0,19078.0,100.0,1907800.0,1,0.0,0.0,0.0,0.0,0.0,122.00,100.00,,
2026-04-06,69,GBIMESY2,23.93,9.45,9.6,9.45,9.6,9.6,0.0,0.0,9.53,2400.0,9.53,22868.0,8,0.07,0.15,0.73,1.59,0.75,10.18,8.50,,
2026-04-06,70,GBLBS,27.42,765.0,772.0,760.0,770.0,770.0,0.0,0.0,763.15,9825.0,758.0,7497985.2,79,12.0,12.0,1.58,1.58,0.89,950.00,698.00,,
2026-04-06,71,GCIL,26.95,413.0,430.0,410.0,420.1,420.1,0.0,0.0,419.67,49982.0,414.2,20976132.9,482,5.9,20.0,1.42,4.88,0.1,579.00,400.00,,
2026-04-06,72,GFCL,34.95,624.0,654.0,620.0,640.0,640.0,0.0,0.0,631.35,34995.0,626.5,22094130.1,250,13.5,34.0,2.15,5.48,1.35,756.80,528.30,,
2026-04-06,73,GHL,26.81,232.0,246.8,230.0,243.5,243.5,0.0,0.0,238.78,296938.0,227.9,70902997.5,793,15.6,16.8,6.85,7.3,1.94,290.00,197.10,,
2026-04-06,74,GIBF1,23.11,10.4,10.9,10.4,10.71,10.71,0.0,0.0,10.63,15150.0,10.51,161083.5,19,0.2,0.5,1.9,4.81,0.72,11.68,9.30,,
2026-04-06,75,GILB,29.83,1115.0,1159.0,1115.0,1138.9,1138.9,0.0,0.0,1139.74,6272.0,1115.0,7148428.5,57,23.9,44.0,2.14,3.95,-0.07,"1,441.60","1,100.00",,
2026-04-06,76,GLBSL,25.17,1749.3,1836.0,1749.0,1835.0,1835.0,0.0,0.0,1788.89,1532.0,1715.0,2740586.9,49,120.0,87.0,7.0,4.97,2.51,"3,232.00","1,705.20",,
2026-04-06,77,GLH,24.78,258.0,273.5,255.2,272.5,272.5,0.0,0.0,268.1,194106.0,256.8,52038943.7,646,15.7,18.3,6.11,7.17,1.62,328.20,227.40,,
2026-04-06,78,GMFBS,25.17,1298.5,1358.0,1298.5,1332.0,1332.0,0.0,0.0,1333.99,1021.0,1325.0,1362008.0,22,7.0,59.5,0.53,4.58,-0.15,"1,871.00","1,298.50",,
2026-04-06,79,GMFIL,24.51,468.0,480.0,460.1,480.0,480.0,0.0,0.0,472.75,19241.0,460.0,9096190.0,92,20.0,19.9,4.35,4.33,1.51,557.00,393.10,,
2026-04-06,80,GMLI,30.26,1455.3,1570.9,1455.3,1536.0,1536.0,0.0,0.0,1518.73,6551.0,1485.0,9949212.7,179,51.0,115.6,3.43,7.94,1.12,"2,699.00","1,455.30",,
2026-04-06,81,GRDBL,24.98,1010.0,1074.9,1010.0,1067.7,1067.7,0.0,0.0,1049.75,9847.0,1011.6,10336894.9,202,56.1,64.9,5.55,6.43,1.68,"1,668.40",944.00,,
2026-04-06,82,GSY,26.92,9.63,9.95,9.63,9.95,9.95,0.0,0.0,9.73,13000.0,9.78,126531.0,31,0.17,0.32,1.74,3.32,2.18,10.40,8.70,,
2026-04-06,83,GUFL,28.81,523.0,539.0,523.0,529.0,529.0,0.0,0.0,530.07,30132.0,520.0,15972211.3,185,9.0,16.0,1.73,3.06,-0.2,644.00,460.60,,
2026-04-06,84,GVL,22.89,475.0,493.6,475.0,489.9,489.9,0.0,0.0,486.06,30454.0,473.5,14802451.6,260,16.4,18.6,3.46,3.92,0.78,662.00,424.00,,
2026-04-06,85,GWFD83,29.29,1125.0,1125.0,1125.0,1125.0,1125.0,0.0,0.0,1125.0,70.0,1134.0,78750.0,1,-9.0,0.0,-0.79,0.0,0.0,"1,464.80","1,090.00",,
2026-04-06,86,H8020,27.76,11.2,11.75,11.2,11.52,11.52,0.0,0.0,11.65,14713.0,11.31,171360.26,21,0.21,0.55,1.86,4.91,-1.1,12.21,10.00,,
2026-04-06,87,HATHY,28.76,861.0,890.0,861.0,880.0,880.0,0.0,0.0,875.61,17054.0,860.7,14932586.4,234,19.3,29.0,2.24,3.37,0.5,"1,469.80",860.60,,
2026-04-06,88,HBL,26.99,198.0,209.9,198.0,208.9,208.9,0.0,0.0,204.7,184639.0,198.0,37795259.0,1471,10.9,11.9,5.51,6.01,2.01,261.00,184.00,,
2026-04-06,89,HDHPC,26.52,211.0,227.0,205.5,226.0,226.0,0.0,0.0,218.31,780886.0,207.0,170474207.5,1969,19.0,21.5,9.18,10.46,3.4,274.00,162.00,,
2026-04-06,90,HDL,26.17,1140.0,1180.0,1137.0,1159.9,1159.9,0.0,0.0,1156.22,71773.0,1139.0,82985277.5,1016,20.9,43.0,1.83,3.78,0.32,"1,556.10","1,103.00",,
2026-04-06,91,HEI,27.3,520.0,523.7,507.0,522.4,522.4,0.0,0.0,516.88,16593.0,514.0,8576672.5,87,8.4,16.7,1.63,3.29,1.06,654.00,458.00,,
2026-04-06,92,HEIP,36.97,323.3,338.0,323.3,331.2,331.2,0.0,0.0,334.5,5618.0,317.0,1879208.5,23,14.2,14.7,4.48,4.55,-1.0,398.00,293.10,,
2026-04-06,93,HFIN,33.15,474.7,511.9,474.7,511.9,511.9,0.0,0.0,510.63,1310.0,465.4,668929.0,131,46.5,37.2,9.99,7.84,0.25,511.90,101.70,,
2026-04-06,94,HHL,24.97,335.0,349.7,331.5,349.0,349.0,0.0,0.0,341.18,54706.0,329.7,18664503.9,352,19.3,18.2,5.85,5.49,2.24,511.00,310.70,,
2026-04-06,95,HIDCL,26.06,262.0,284.0,260.3,275.2,275.2,0.0,0.0,271.65,301255.0,262.4,81835837.2,928,12.8,23.7,4.88,9.1,1.29,340.00,245.00,,
2026-04-06,96,HIDCLP,25.91,199.0,209.1,198.1,209.1,209.1,0.0,0.0,205.19,717692.0,199.9,147260373.3,994,9.2,11.0,4.6,5.55,1.87,239.00,172.80,,
2026-04-06,97,HIMSTAR,26.35,810.5,894.8,805.0,873.0,873.0,0.0,0.0,860.18,9777.0,827.0,8410021.7,208,46.0,89.8,5.56,11.16,1.47,"1,264.00",252.20,,
2026-04-06,98,HLBSL,24.99,914.9,914.9,885.0,902.0,902.0,0.0,0.0,905.83,4396.0,897.0,3982026.9,49,5.0,29.9,0.56,3.38,-0.42,"1,100.00",837.00,,
2026-04-06,99,HLI,29.0,345.0,360.0,343.2,359.0,359.0,0.0,0.0,352.08,168871.0,349.0,59456186.7,918,10.0,16.8,2.87,4.9,1.93,464.00,343.20,,
2026-04-06,100,HLICF,26.93,9.14,9.32,9.14,9.2,9.2,0.0,0.0,9.27,6600.0,9.32,61189.0,10,-0.12,0.18,-1.29,1.97,-0.77,10.55,8.74,,
2026-04-06,101,HPPL,35.0,373.0,387.9,365.6,383.0,383.0,0.0,0.0,380.13,87503.0,380.0,33262513.0,498,3.0,22.3,0.79,6.1,0.75,711.00,360.00,,
2026-04-06,102,HRL,31.59,691.0,747.0,665.0,720.0,720.0,0.0,0.0,697.01,788078.0,704.7,549298784.3,6635,15.3,82.0,2.17,12.33,3.19,"1,139.90",665.00,,
2026-04-06,103,HURJA,26.19,261.0,276.8,256.1,275.6,275.6,0.0,0.0,267.63,380753.0,256.5,101901657.7,1022,19.1,20.7,7.45,8.08,2.89,312.10,204.60,,
2026-04-06,104,ICFC,29.84,620.0,630.0,615.0,627.9,627.9,0.0,0.0,620.48,18395.0,611.0,11413723.2,140,16.9,15.0,2.77,2.44,1.18,730.90,555.00,,
2026-04-06,105,ICFCD83,42.38,1100.0,1116.0,1100.0,1116.0,1116.0,0.0,0.0,1103.2,50.0,1100.0,55160.0,4,16.0,16.0,1.45,1.45,1.15,"1,368.90","1,079.10",,
2026-04-06,106,ICFCD88,43.91,1176.0,1195.0,1176.0,1180.0,1180.0,0.0,0.0,1181.42,275.0,1199.0,324890.0,9,-19.0,19.0,-1.58,1.62,-0.12,"1,216.00","1,053.60",,
2026-04-06,107,IGI,24.99,422.0,439.0,422.0,435.0,435.0,0.0,0.0,430.73,19379.0,421.1,8347153.0,129,13.9,17.0,3.3,4.03,0.98,600.00,392.00,,
2026-04-06,108,IHL,31.29,468.9,480.0,458.1,478.9,478.9,0.0,0.0,471.78,8394.0,460.0,3960102.3,92,18.9,21.9,4.11,4.78,1.49,705.00,452.00,,
2026-04-06,109,ILBS,25.65,956.0,989.0,951.0,987.0,987.0,0.0,0.0,968.29,3906.0,938.0,3782145.4,82,49.0,38.0,5.22,4.0,1.9,"1,311.00",795.20,,
2026-04-06,110,ILI,24.51,430.1,446.0,430.0,445.0,445.0,0.0,0.0,441.16,16990.0,434.0,7495250.7,331,11.0,16.0,2.53,3.72,0.86,500.00,405.00,,
2026-04-06,111,JBBL,24.65,345.0,364.3,335.0,362.0,362.0,0.0,0.0,355.69,99118.0,348.1,35255429.7,359,13.9,29.3,3.99,8.75,1.74,413.00,295.00,,
2026-04-06,112,JBLB,28.09,1248.0,1312.9,1248.0,1307.0,1307.0,0.0,0.0,1301.01,12132.0,1273.0,15783854.5,245,34.0,64.9,2.67,5.2,0.46,"1,644.00","1,248.00",,
2026-04-06,113,JFL,26.54,407.0,426.0,407.0,426.0,426.0,0.0,0.0,418.5,15098.0,406.2,6318524.0,105,19.8,19.0,4.87,4.67,1.76,558.00,395.00,,
2026-04-06,114,JHAPA,36.04,1290.0,1410.0,1265.0,1338.0,1338.0,0.0,0.0,1306.66,23236.0,1299.1,30361460.7,276,38.9,145.0,2.99,11.46,2.34,"1,749.00",293.40,,
2026-04-06,115,JOSHI,27.2,273.0,289.0,273.0,288.0,288.0,0.0,0.0,282.9,51044.0,272.2,14440380.2,312,15.8,16.0,5.8,5.86,1.77,487.00,254.00,,
2026-04-06,116,JSLBB,22.98,1124.9,1150.0,1124.9,1140.0,1140.0,0.0,0.0,1136.87,448.0,1107.5,509315.9,14,32.5,25.1,2.93,2.23,0.27,"1,504.00","1,059.00",,
2026-04-06,117,KBL,25.84,209.0,224.0,207.0,222.0,222.0,0.0,0.0,217.19,1096074.0,209.1,238055072.8,2319,12.9,17.0,6.17,8.21,2.17,256.00,175.50,,
2026-04-06,118,KBLD86,26.75,1280.0,1280.0,1280.0,1280.0,1280.0,0.0,0.0,1280.0,223.0,1280.9,285440.0,1,-0.9,0.0,-0.07,0.0,0.0,"1,283.00","1,096.30",,
2026-04-06,119,KBLD89,35.16,1355.0,1355.0,1355.0,1355.0,1355.0,0.0,0.0,1355.0,125.0,1346.0,169375.0,2,9.0,0.0,0.67,0.0,0.0,"1,355.00","1,162.60",,
2026-04-06,120,KBSH,26.09,1606.0,1670.7,1606.0,1644.0,1644.0,0.0,0.0,1619.44,331.0,1638.0,536034.1,12,6.0,64.7,0.37,4.03,1.49,"2,280.00","1,602.40",,
2026-04-06,121,KDBY,24.24,10.22,10.51,10.22,10.45,10.45,0.0,0.0,10.49,23900.0,10.41,250763.0,37,0.04,0.29,0.38,2.84,-0.4,10.89,8.67,,
2026-04-06,122,KDL,26.0,829.9,862.9,829.9,837.0,837.0,0.0,0.0,840.27,4511.0,830.0,3790464.4,117,7.0,33.0,0.84,3.98,-0.39,"1,212.00",770.00,,
2026-04-06,123,KEF,39.6,9.61,10.05,9.61,10.05,10.05,0.0,0.0,9.91,242858.0,9.71,2406354.52,61,0.34,0.44,3.5,4.58,1.41,10.42,8.31,,
2026-04-06,124,KKHC,31.99,240.0,265.1,236.2,260.0,260.0,0.0,0.0,252.76,140309.0,241.0,35464630.8,616,19.0,28.9,7.88,12.24,2.78,475.90,208.00,,
2026-04-06,125,KMCDB,28.12,892.5,901.0,874.7,900.0,900.0,0.0,0.0,887.52,7988.0,875.0,7089522.6,71,25.0,26.3,2.86,3.01,1.39,"1,223.00",861.00,,
2026-04-06,126,KPCL,25.15,478.1,505.0,478.1,499.0,499.0,0.0,0.0,495.71,37687.0,485.0,18681753.5,285,14.0,26.9,2.89,5.63,0.66,711.00,478.10,,
2026-04-06,127,KSBBL,47.1,455.0,500.0,455.0,492.0,492.0,0.0,0.0,480.8,151427.0,460.0,72805822.0,338,32.0,45.0,6.96,9.89,2.28,588.00,404.10,,
2026-04-06,128,KSY,19.39,9.41,9.59,9.41,9.59,9.59,0.0,0.0,9.47,700.0,9.6,6629.0,5,-0.01,0.18,-0.1,1.91,1.25,10.51,8.21,,
2026-04-06,129,LBBL,24.92,470.0,490.0,470.0,487.0,487.0,0.0,0.0,480.39,79281.0,467.0,38085788.0,274,20.0,20.0,4.28,4.26,1.36,646.30,376.50,,
2026-04-06,130,LBBLD89,27.66,1266.0,1317.5,1266.0,1291.7,1291.7,0.0,0.0,1286.68,125.0,1291.0,160835.0,5,0.7,51.5,0.05,4.07,0.39,"1,346.00","1,185.00",,
2026-04-06,131,LBLD88,28.51,1110.0,1110.0,1095.0,1095.0,1095.0,0.0,0.0,1102.5,50.0,1130.0,55125.0,2,-35.0,15.0,-3.1,1.37,-0.68,"1,166.00","1,031.00",,
2026-04-06,132,LEC,25.74,219.0,236.0,216.0,235.0,235.0,0.0,0.0,226.78,406826.0,216.0,92258960.0,1226,19.0,20.0,8.8,9.26,3.5,276.00,180.00,,
2026-04-06,133,LICN,22.54,805.0,831.3,805.0,825.0,825.0,0.0,0.0,821.83,12803.0,810.0,10521841.9,129,15.0,26.3,1.85,3.27,0.38,"1,015.00",773.00,,
2026-04-06,134,LLBS,26.44,967.9,980.0,949.7,978.0,978.0,0.0,0.0,957.06,1432.0,949.0,1370503.1,22,29.0,30.3,3.06,3.19,2.14,"1,300.50",865.00,,
2026-04-06,135,LSL,25.74,206.0,219.6,206.0,217.0,217.0,0.0,0.0,213.01,170128.0,207.7,36238553.1,483,9.3,13.6,4.48,6.6,1.84,252.00,201.00,,
2026-04-06,136,LUK,26.0,9.48,9.84,9.48,9.84,9.84,0.0,0.0,9.72,2150.0,9.65,20904.5,5,0.19,0.36,1.97,3.8,1.19,11.97,8.97,,
2026-04-06,137,LVF2,25.73,9.74,9.74,9.56,9.6,9.6,0.0,0.0,9.72,3400.0,9.78,33048.0,9,-0.18,0.18,-1.84,1.88,-1.25,11.45,8.76,,
2026-04-06,138,MABEL,25.76,642.0,680.0,642.0,680.0,680.0,0.0,0.0,667.99,11293.0,654.0,7543656.5,250,26.0,38.0,3.98,5.92,1.77,927.00,317.70,,
2026-04-06,139,MAKAR,32.28,464.2,520.0,455.0,509.0,509.0,0.0,0.0,490.76,11105.0,473.0,5449897.9,113,36.0,65.0,7.61,14.29,3.58,802.00,455.00,,
2026-04-06,140,MANDU,28.05,791.0,822.0,791.0,817.6,817.6,0.0,0.0,812.32,4589.0,791.0,3727756.0,80,26.6,31.0,3.36,3.92,0.65,970.00,766.50,,
2026-04-06,141,MATRI,27.71,939.0,957.7,926.0,950.0,950.0,0.0,0.0,939.25,2574.0,925.0,2417619.7,50,25.0,31.7,2.7,3.42,1.13,"1,347.00",904.00,,
2026-04-06,142,MBJC,25.04,279.0,295.0,277.1,289.0,289.0,0.0,0.0,288.57,55643.0,280.2,16056646.6,459,8.8,17.9,3.14,6.46,0.15,371.00,270.00,,
2026-04-06,143,MBL,27.3,238.1,250.0,238.0,250.0,250.0,0.0,0.0,245.14,143441.0,240.5,35162674.1,362,9.5,12.0,3.95,5.04,1.95,284.00,205.00,,
2026-04-06,144,MBLEF,29.2,9.94,10.4,9.94,10.4,10.4,0.0,0.0,10.17,13650.0,10.14,138836.0,26,0.26,0.46,2.56,4.63,2.2,10.80,8.59,,
2026-04-06,145,MCHL,25.56,375.0,384.7,370.0,380.0,380.0,0.0,0.0,379.2,3744.0,369.9,1419719.8,53,10.1,14.7,2.73,3.97,0.21,641.00,355.50,,
2026-04-06,146,MDB,34.44,595.0,618.0,595.0,617.0,617.0,0.0,0.0,609.04,11740.0,597.9,7150113.5,92,19.1,23.0,3.19,3.87,1.29,729.70,530.50,,
2026-04-06,147,MEHL,23.96,411.0,428.0,410.2,428.0,428.0,0.0,0.0,417.88,14766.0,405.0,6170420.3,149,23.0,17.8,5.68,4.34,2.36,560.00,372.40,,
2026-04-06,148,MEL,25.91,262.9,280.5,261.6,276.5,276.5,0.0,0.0,269.65,29539.0,262.9,7965218.2,279,13.6,18.9,5.17,7.22,2.48,350.00,255.00,,
2026-04-06,149,MEN,28.53,565.0,589.9,565.0,585.1,585.1,0.0,0.0,581.79,128318.0,568.0,74654542.6,630,17.1,24.9,3.01,4.41,0.57,683.40,535.00,,
2026-04-06,150,MERO,27.57,731.2,774.1,700.0,743.0,743.0,0.0,0.0,729.31,21815.0,716.9,15909949.6,157,26.1,74.1,3.64,10.59,1.84,"1,000.00",668.00,,
2026-04-06,151,MFIL,41.62,755.0,818.0,755.0,818.0,818.0,0.0,0.0,791.59,113642.0,770.0,89958304.9,480,48.0,63.0,6.23,8.34,3.23,938.00,545.00,,
2026-04-06,152,MHCL,28.79,340.0,363.9,339.3,360.0,360.0,0.0,0.0,351.31,33272.0,339.0,11688732.4,188,21.0,24.6,6.19,7.25,2.41,543.90,325.00,,
2026-04-06,153,MHL,24.83,500.0,517.9,500.0,509.2,509.2,0.0,0.0,507.49,20475.0,499.9,10390798.1,162,9.3,17.9,1.86,3.58,0.34,725.00,445.00,,
2026-04-06,154,MHNL,25.5,255.4,277.0,255.4,273.5,273.5,0.0,0.0,266.9,42308.0,258.8,11291977.3,192,14.7,21.6,5.68,8.46,2.41,324.00,226.00,,
2026-04-06,155,MKCL,29.48,1345.0,1364.0,1330.0,1364.0,1364.0,0.0,0.0,1345.92,4684.0,1334.0,6304282.4,107,30.0,34.0,2.25,2.56,1.33,"1,900.00","1,318.00",,
2026-04-06,156,MKHC,24.75,314.0,333.4,314.0,332.5,332.5,0.0,0.0,326.98,31195.0,314.0,10199987.6,228,18.5,19.4,5.89,6.18,1.66,537.50,310.70,,
2026-04-06,157,MKHL,41.0,690.0,759.0,677.0,759.0,759.0,0.0,0.0,710.35,90152.0,703.0,64039808.8,133,56.0,82.0,7.97,12.11,6.41,"1,027.00",652.00,,
2026-04-06,158,MKJC,24.09,485.0,514.0,484.2,511.7,511.7,0.0,0.0,501.26,14043.0,492.0,7039248.0,142,19.7,29.8,4.0,6.15,2.04,635.00,475.50,,
2026-04-06,159,MLBBL,27.78,1265.0,1295.0,1250.0,1290.0,1290.0,0.0,0.0,1264.0,2828.0,1250.0,3574586.0,54,40.0,45.0,3.2,3.6,2.02,"1,690.00","1,240.50",,
2026-04-06,160,MLBL,26.59,360.0,375.8,360.0,374.7,374.7,0.0,0.0,369.52,67509.0,360.0,24946199.5,268,14.7,15.8,4.08,4.39,1.38,468.60,348.90,,
2026-04-06,161,MLBS,23.46,1394.0,1418.9,1370.0,1418.9,1418.9,0.0,0.0,1388.84,130.0,1367.0,180549.0,10,51.9,48.9,3.8,3.57,2.12,"1,900.00","1,366.00",,
2026-04-06,162,MLBSL,27.28,1800.0,1870.0,1770.0,1870.0,1870.0,0.0,0.0,1798.52,2080.0,1772.0,3740928.1,47,98.0,100.0,5.53,5.65,3.82,"2,435.50","1,765.00",,
2026-04-06,163,MMF1,28.47,9.47,9.65,9.1,9.58,9.58,0.0,0.0,9.49,70687.0,9.47,670960.47,49,0.11,0.55,1.16,6.04,0.92,10.09,8.22,,
2026-04-06,164,MMKJL,28.44,535.0,540.0,525.0,537.0,537.0,0.0,0.0,534.7,4263.0,525.0,2279441.0,73,12.0,15.0,2.29,2.86,0.43,722.00,525.00,,
2026-04-06,165,MNBBL,25.16,360.2,379.4,359.0,377.0,377.0,0.0,0.0,372.78,59589.0,364.0,22213397.6,419,13.0,20.4,3.57,5.68,1.12,503.00,340.10,,
2026-04-06,166,MNMF1,43.16,9.84,10.2,9.77,10.2,10.2,0.0,0.0,10.06,190369.0,9.85,1914335.9,57,0.35,0.43,3.55,4.4,1.41,10.27,8.53,,
2026-04-06,167,MPFL,26.18,599.0,621.9,587.1,612.0,612.0,0.0,0.0,610.13,37061.0,588.0,22611990.5,238,24.0,34.8,4.08,5.93,0.31,744.00,491.00,,
2026-04-06,168,MSHL,25.75,751.9,754.8,740.0,754.0,754.0,0.0,0.0,746.77,1738.0,740.0,1297878.0,16,14.0,14.8,1.89,2.0,0.96,979.00,728.00,,
2026-04-06,169,MSLB,27.17,1240.0,1285.0,1238.3,1267.0,1267.0,0.0,0.0,1263.5,2828.0,1241.0,3573186.4,55,26.0,46.7,2.1,3.77,0.28,"1,710.00","1,130.20",,
2026-04-06,170,NABBC,24.45,1159.9,1238.0,1078.0,1169.0,1169.0,0.0,0.0,1177.2,22591.0,1183.5,26594039.5,229,-14.5,160.0,-1.23,14.84,-0.7,"1,917.00",662.00,,
2026-04-06,171,NABIL,25.5,506.0,522.0,505.0,518.0,518.0,0.0,0.0,516.82,66226.0,505.3,34227090.8,744,12.7,17.0,2.51,3.37,0.23,562.00,471.00,,
2026-04-06,172,NABILD2089,41.6,1061.0,1061.0,1061.0,1061.0,1061.0,0.0,0.0,1061.0,50.0,1051.0,53050.0,2,10.0,0.0,0.95,0.0,0.0,"1,125.00","1,000.00",,
2026-04-06,173,NABILD87,29.63,1142.1,1142.1,1142.1,1142.1,1142.1,0.0,0.0,1142.1,25.0,1145.0,28552.5,1,-2.9,0.0,-0.25,0.0,0.0,"1,180.00","1,040.00",,
2026-04-06,174,NADEP,24.32,745.0,775.0,745.0,775.0,775.0,0.0,0.0,762.36,2645.0,743.0,2016439.0,33,32.0,30.0,4.31,4.03,1.63,"1,046.00",696.00,,
2026-04-06,175,NBF2,21.87,9.89,10.08,9.89,10.0,10.0,0.0,0.0,9.91,4900.0,10.05,48556.0,8,-0.05,0.19,-0.5,1.92,0.91,11.10,8.89,,
2026-04-06,176,NBF3,23.05,9.62,9.99,9.62,9.9,9.9,0.0,0.0,9.68,11500.0,9.8,111281.9,26,0.1,0.37,1.02,3.85,2.26,10.67,8.35,,
2026-04-06,177,NBL,28.64,257.0,280.9,254.0,270.8,270.8,0.0,0.0,265.35,279703.0,257.0,74218501.0,703,13.8,26.9,5.37,10.59,2.01,313.00,225.40,,
2026-04-06,178,NESDO,29.15,1560.0,1580.0,1507.0,1548.4,1548.4,0.0,0.0,1555.13,3358.0,1537.0,5222123.5,49,11.4,73.0,0.74,4.84,-0.43,"1,879.00","1,380.10",,
2026-04-06,179,NFS,27.34,590.0,614.0,590.0,610.0,610.0,0.0,0.0,606.5,21543.0,590.0,13065894.7,259,20.0,24.0,3.39,4.07,0.57,851.00,576.00,,
2026-04-06,180,NGPL,25.66,436.6,463.0,436.6,460.1,460.1,0.0,0.0,452.75,628289.0,437.0,284458877.4,1529,23.1,26.4,5.29,6.05,1.6,502.00,259.70,,
2026-04-06,181,NHDL,29.24,632.4,638.9,622.0,634.3,634.3,0.0,0.0,629.92,13268.0,620.0,8357775.0,71,14.3,16.9,2.31,2.72,0.69,881.00,620.00,,
2026-04-06,182,NHPC,25.91,256.0,276.1,251.0,276.1,276.1,0.0,0.0,265.53,991527.0,251.0,263279257.8,2320,25.1,25.1,10.0,10.0,3.83,328.70,178.60,,
2026-04-06,183,NIBLGF,45.47,9.65,10.74,9.57,10.74,10.74,0.0,0.0,10.21,61790.0,9.84,630646.1,37,0.9,1.17,9.15,12.23,4.97,11.35,7.84,,
2026-04-06,184,NIBLSTF,20.65,8.98,9.34,8.98,9.24,9.24,0.0,0.0,9.25,5100.0,9.16,47166.0,11,0.08,0.36,0.87,4.01,-0.09,10.85,7.85,,
2026-04-06,185,NIBSF2,45.47,9.55,10.12,9.36,10.12,10.12,0.0,0.0,9.73,106299.0,9.5,1034078.92,39,0.62,0.76,6.53,8.12,3.87,10.52,8.06,,
2026-04-06,186,NICA,30.56,357.0,375.0,355.0,373.5,373.5,0.0,0.0,367.28,157316.0,353.0,57779717.9,536,20.5,20.0,5.81,5.63,1.66,428.40,304.50,,
2026-04-06,187,NICAD2091,33.52,1050.0,1055.0,1050.0,1050.0,1050.0,0.0,0.0,1051.28,100.0,1041.1,105127.5,4,8.9,5.0,0.85,0.48,-0.12,"1,102.60","1,005.20",,
2026-04-06,188,NICBF,25.52,9.79,9.96,9.79,9.96,9.96,0.0,0.0,9.79,10100.0,9.6,98896.0,3,0.36,0.17,3.75,1.74,1.69,11.20,8.45,,
2026-04-06,189,NICFC,25.98,9.15,9.33,9.0,9.31,9.31,0.0,0.0,9.28,5981.0,9.33,55503.73,17,-0.02,0.33,-0.21,3.67,0.32,10.40,8.37,,
2026-04-06,190,NICGF2,21.13,9.01,9.54,9.01,9.54,9.54,0.0,0.0,9.3,3700.0,9.18,34399.0,14,0.36,0.53,3.92,5.88,2.55,9.99,8.33,,
2026-04-06,191,NICL,26.82,487.0,506.0,479.0,501.8,501.8,0.0,0.0,498.3,25851.0,487.9,12881527.7,177,13.9,27.0,2.85,5.64,0.7,837.00,479.00,,
2026-04-06,192,NICLBSL,25.3,564.0,591.5,556.1,582.0,582.0,0.0,0.0,576.88,20081.0,563.0,11584422.6,247,19.0,35.4,3.37,6.37,0.88,764.00,535.00,,
2026-04-06,193,NICSF,29.06,8.96,9.47,8.96,9.31,9.31,0.0,0.0,9.3,11050.0,9.11,102740.0,16,0.2,0.51,2.2,5.69,0.13,9.99,8.04,,
2026-04-06,194,NIFRA,26.31,258.0,271.6,254.0,268.8,268.8,0.0,0.0,264.54,279610.0,258.0,73969055.6,1275,10.8,17.6,4.19,6.93,1.58,328.10,249.90,,
2026-04-06,195,NIFRAGED,31.69,1050.0,1050.0,1050.0,1067.0,1067.0,0.0,0.0,1067.0,1.0,1050.0,1067.0,1,17.0,0.0,1.62,0.0,0.0,"1,137.20",948.00,,
2026-04-06,196,NIL,26.13,605.0,631.0,605.0,630.0,630.0,0.0,0.0,619.06,11794.0,616.0,7301229.7,112,14.0,26.0,2.27,4.3,1.74,783.90,562.00,,
2026-04-06,197,NIMB,25.1,202.9,208.0,198.0,207.0,207.0,0.0,0.0,203.98,192220.0,199.0,39209293.9,735,8.0,10.0,4.02,5.05,1.46,247.00,184.20,,
2026-04-06,198,NIMBD90,40.06,1292.3,1318.0,1292.3,1318.0,1318.0,0.0,0.0,1318.0,80.0,1292.3,105440.0,3,25.7,25.7,1.99,1.99,0.0,"1,425.00","1,130.00",,
2026-04-06,199,NIMBPO,24.36,160.0,163.9,158.0,163.9,163.9,0.0,0.0,160.21,2442.0,157.0,391237.3,14,6.9,5.9,4.39,3.73,2.25,184.50,150.00,,
2026-04-06,200,NLG,26.66,614.0,632.0,610.0,630.0,630.0,0.0,0.0,624.62,24036.0,615.0,15013351.1,160,15.0,22.0,2.44,3.61,0.85,976.20,610.00,,
2026-04-06,201,NLIC,26.4,755.1,780.0,755.0,773.0,773.0,0.0,0.0,771.62,57276.0,755.0,44195510.2,407,18.0,25.0,2.38,3.31,0.18,890.00,702.00,,
2026-04-06,202,NLICL,27.62,581.1,598.4,581.1,598.4,598.4,0.0,0.0,590.09,10142.0,580.0,5984656.6,88,18.4,17.3,3.17,2.98,1.39,691.00,539.00,,
2026-04-06,203,NMB,24.36,244.8,247.0,240.1,244.2,244.2,0.0,0.0,244.0,54907.0,240.0,13397071.5,248,4.2,6.9,1.75,2.87,0.08,283.00,231.00,,
2026-04-06,204,NMB50,27.83,10.44,10.64,10.44,10.64,10.64,0.0,0.0,10.52,5000.0,10.24,52600.0,4,0.4,0.2,3.91,1.92,1.13,11.93,9.75,,
2026-04-06,205,NMBHF2,20.26,9.62,9.99,9.43,9.83,9.83,0.0,0.0,9.6,3800.0,9.8,36490.0,22,0.03,0.56,0.31,5.94,2.31,10.20,8.16,,
2026-04-06,206,NMBMF,29.76,650.0,669.0,640.0,669.0,669.0,0.0,0.0,650.74,16302.0,637.3,10608299.6,66,31.7,29.0,4.97,4.53,2.73,835.00,596.00,,
2026-04-06,207,NMFBS,30.61,1115.2,1155.0,1114.0,1135.0,1135.0,0.0,0.0,1124.64,11682.0,1114.0,13138005.5,130,21.0,41.0,1.89,3.68,0.91,"1,504.00","1,086.00",,
2026-04-06,208,NMIC,30.2,1084.9,1187.0,1084.9,1187.0,1187.0,0.0,0.0,1153.62,12641.0,1107.0,14582873.5,335,80.0,102.1,7.23,9.41,2.81,"2,703.30",302.30,,
2026-04-06,209,NMLBBL,25.79,606.0,625.0,605.09,618.0,618.0,0.0,0.0,614.89,16593.0,605.2,10202841.8,136,12.8,19.91,2.12,3.29,0.5,807.00,600.00,,
2026-04-06,210,NRIC,28.63,950.0,1015.0,950.0,990.0,990.0,0.0,0.0,979.02,140927.0,968.0,137969782.5,1633,22.0,65.0,2.27,6.84,1.11,"1,842.00",950.00,,
2026-04-06,211,NRM,24.74,392.0,417.0,392.0,410.0,410.0,0.0,0.0,410.22,20009.0,400.0,8208184.6,246,10.0,25.0,2.5,6.38,-0.05,590.00,390.10,,
2026-04-06,212,NRN,30.98,1488.0,1567.0,1480.0,1566.9,1566.9,0.0,0.0,1518.67,317330.0,1488.0,481918423.7,1202,78.9,87.0,5.3,5.88,3.08,"2,444.00","1,327.00",,
2026-04-06,213,NSIF2,27.03,10.71,10.89,10.5,10.56,10.56,0.0,0.0,10.87,53300.0,10.5,579607.0,16,0.06,0.39,0.57,3.71,-2.98,11.93,9.75,,
2026-04-06,214,NSY,31.34,9.25,9.66,9.25,9.66,9.66,0.0,0.0,9.48,22100.0,9.41,209406.0,57,0.25,0.41,2.66,4.43,1.91,10.19,9.24,,
2026-04-06,215,NTC,37.32,869.9,879.5,861.0,877.0,877.0,0.0,0.0,874.14,20360.0,858.5,17797448.8,313,18.5,18.5,2.15,2.15,0.33,942.50,762.50,,
2026-04-06,216,NUBL,25.68,684.4,691.9,671.0,681.0,681.0,0.0,0.0,682.27,10061.0,671.0,6864335.9,114,10.0,20.9,1.49,3.11,-0.19,854.40,650.00,,
2026-04-06,217,NWCL,26.15,770.0,814.9,760.0,808.0,808.0,0.0,0.0,795.29,3754.0,769.0,2985506.3,107,39.0,54.9,5.07,7.22,1.57,"1,045.00",740.20,,
2026-04-06,218,NYADI,24.97,398.0,409.0,392.0,409.0,409.0,0.0,0.0,402.77,17381.0,391.1,7000570.1,154,17.9,17.0,4.58,4.34,1.52,644.50,354.00,,
2026-04-06,219,OHL,25.8,687.9,702.2,671.1,689.0,689.0,0.0,0.0,690.88,5259.0,675.0,3633336.3,48,14.0,31.1,2.07,4.63,-0.27,"1,049.50",633.10,,
2026-04-06,220,OMPL,29.86,1180.0,1230.0,1167.0,1224.5,1224.5,0.0,0.0,1207.81,11849.0,1189.9,14311337.8,261,34.6,63.0,2.91,5.4,1.36,"2,167.20",270.00,,
2026-04-06,221,PBD88,46.12,1200.0,1224.0,1200.0,1224.0,1224.0,0.0,0.0,1210.08,185.0,1200.0,223865.0,5,24.0,24.0,2.0,2.0,1.14,"1,274.00","1,099.70",,
2026-04-06,222,PBLD84,26.38,1140.0,1140.0,1140.0,1140.0,1140.0,0.0,0.0,1140.0,100.0,1136.0,114000.0,2,4.0,0.0,0.35,0.0,0.0,"1,158.40","1,062.10",,
2026-04-06,223,PCBL,25.2,236.0,246.7,235.1,242.0,242.0,0.0,0.0,242.03,95068.0,238.0,23009572.6,382,4.0,11.6,1.68,4.93,-0.01,290.00,226.00,,
2026-04-06,224,PFL,27.14,368.0,392.0,368.0,386.4,386.4,0.0,0.0,379.24,30469.0,369.0,11555013.5,232,17.4,24.0,4.72,6.52,1.85,475.50,352.80,,
2026-04-06,225,PHCL,24.51,295.0,309.9,292.0,309.0,309.0,0.0,0.0,303.39,147570.0,292.0,44770628.0,707,17.0,17.9,5.82,6.13,1.82,649.00,249.70,,
2026-04-06,226,PMHPL,23.55,330.0,348.9,327.2,345.0,345.0,0.0,0.0,340.34,32012.0,333.0,10894863.4,176,12.0,21.7,3.6,6.63,1.35,468.00,283.50,,
2026-04-06,227,PMLI,28.12,469.9,483.4,461.0,475.0,475.0,0.0,0.0,470.79,16001.0,462.1,7533114.9,229,12.9,22.4,2.79,4.86,0.89,589.60,445.00,,
2026-04-06,228,PPCL,22.19,377.5,395.2,375.0,395.2,395.2,0.0,0.0,386.42,27080.0,370.1,10464177.3,162,25.1,20.2,6.78,5.39,2.22,462.00,284.10,,
2026-04-06,229,PPL,25.43,335.1,365.0,335.1,360.0,360.0,0.0,0.0,354.36,83886.0,341.0,29726258.7,410,19.0,29.9,5.57,8.92,1.57,538.20,263.20,,
2026-04-06,230,PRIN,25.93,701.0,735.0,701.0,728.0,728.0,0.0,0.0,723.35,14678.0,701.0,10617368.7,129,27.0,34.0,3.85,4.85,0.64,960.30,630.00,,
2026-04-06,231,PROFL,27.06,442.7,451.0,441.0,450.0,450.0,0.0,0.0,447.76,20655.0,435.0,9248483.8,136,15.0,10.0,3.45,2.27,0.5,589.20,421.40,,
2026-04-06,232,PRSF,34.3,12.0,12.13,11.91,11.91,11.91,0.0,0.0,12.12,264032.0,11.9,3200706.52,11,0.01,0.22,0.08,1.85,-1.78,12.30,9.85,,
2026-04-06,233,PRVU,27.25,197.0,209.8,195.0,205.2,205.2,0.0,0.0,203.07,437020.0,198.0,88746685.4,1221,7.2,14.8,3.64,7.59,1.04,250.90,179.90,,
2026-04-06,234,PSF,32.28,11.79,11.85,11.35,11.85,11.85,0.0,0.0,11.78,54770.0,12.03,645239.5,21,-0.18,0.5,-1.5,4.41,0.58,12.40,9.91,,
2026-04-06,235,PURE,29.69,843.4,902.0,842.0,898.0,898.0,0.0,0.0,881.03,25331.0,843.4,22317386.7,276,54.6,60.0,6.47,7.13,1.89,"1,327.90",289.30,,
2026-04-06,236,RADHI,24.68,787.0,819.0,779.0,809.5,809.5,0.0,0.0,799.08,161644.0,776.0,129166279.7,591,33.5,40.0,4.32,5.13,1.29,940.00,433.00,,
2026-04-06,237,RAWA,29.52,659.0,685.5,659.0,673.9,673.9,0.0,0.0,666.57,2500.0,659.0,1666435.8,36,14.9,26.5,2.26,4.02,1.09,913.80,653.00,,
2026-04-06,238,RBBD2088,26.5,1037.0,1045.0,1036.5,1045.0,1045.0,0.0,0.0,1040.97,75.0,1056.5,78072.5,4,-11.5,8.5,-1.09,0.82,0.39,"1,100.00",967.60,,
2026-04-06,239,RBBF40,20.42,9.41,9.51,9.41,9.5,9.5,0.0,0.0,9.48,1100.0,9.6,10432.0,7,-0.1,0.1,-1.04,1.06,0.17,10.20,8.98,,
2026-04-06,240,RBCL,28.78,14944.0,15300.0,14900.0,15100.0,15100.0,0.0,0.0,15041.7,520.0,14651.0,7821684.0,29,449.0,400.0,3.06,2.68,0.39,"16,900.00","14,350.00",,
2026-04-06,241,RBCLPO,21.95,11967.2,12206.5,11967.2,12206.5,12206.5,0.0,0.0,12081.15,21.0,11732.6,253704.2,2,473.9,239.3,4.04,2.0,1.03,"13,530.00","11,100.00",,
2026-04-06,242,RFPL,27.74,366.1,381.0,355.0,380.9,380.9,0.0,0.0,370.25,161184.0,359.0,59679100.0,673,21.9,26.0,6.1,7.32,2.79,785.00,306.00,,
2026-04-06,243,RHGCL,25.66,276.2,304.0,276.2,300.0,300.0,0.0,0.0,291.83,101424.0,278.0,29598727.8,393,22.0,27.8,7.91,10.07,2.72,601.00,217.20,,
2026-04-06,244,RHPL,24.83,275.0,288.0,271.1,285.0,285.0,0.0,0.0,282.19,55382.0,274.6,15628501.3,323,10.4,16.9,3.79,6.23,0.98,457.00,252.30,,
2026-04-06,245,RIDI,25.94,320.9,347.6,317.0,347.6,347.6,0.0,0.0,336.37,894154.0,316.0,300766521.4,2117,31.6,30.6,10.0,9.65,3.23,393.00,203.50,,
2026-04-06,246,RLEL,32.99,542.0,584.5,542.0,584.5,584.5,0.0,0.0,582.07,430.0,531.4,250291.0,43,53.1,42.5,9.99,7.84,0.42,584.50,300.00,,
2026-04-06,247,RLFL,25.92,433.5,459.5,424.9,447.0,447.0,0.0,0.0,440.62,26079.0,425.0,11490900.0,148,22.0,34.6,5.18,8.14,1.43,558.00,398.00,,
2026-04-06,248,RMF1,21.83,9.6,9.63,9.6,9.63,9.63,0.0,0.0,9.62,6400.0,9.61,61546.0,13,0.02,0.03,0.21,0.31,0.14,11.40,8.65,,
2026-04-06,249,RMF2,29.55,10.1,10.3,10.1,10.3,10.3,0.0,0.0,10.11,2100.0,9.91,21230.0,2,0.39,0.2,3.94,1.98,1.85,10.58,8.78,,
2026-04-06,250,RNLI,28.67,454.0,466.7,452.0,465.0,465.0,0.0,0.0,462.6,39706.0,454.0,18367920.3,410,11.0,14.7,2.42,3.25,0.52,561.00,416.00,,
2026-04-06,251,RSDC,24.08,680.0,699.0,680.0,693.0,693.0,0.0,0.0,687.8,17149.0,672.0,11795154.4,123,21.0,19.0,3.13,2.79,0.75,880.00,578.70,,
2026-04-06,252,RSML,39.1,3637.3,3922.6,3210.0,3509.0,3509.0,0.0,0.0,3482.98,326117.0,3566.0,1135858154.0,9683,-57.0,712.6,-1.6,22.2,0.74,"3,922.60",300.00,,
2026-04-06,253,RSY,24.55,9.87,10.26,9.87,10.2,10.2,0.0,0.0,10.11,15530.0,10.05,157040.5,25,0.15,0.39,1.49,3.95,0.86,10.70,8.58,,
2026-04-06,254,RURU,27.52,638.0,657.9,638.0,654.0,654.0,0.0,0.0,644.22,15220.0,636.0,9805078.0,92,18.0,19.9,2.83,3.12,1.49,853.00,631.00,,
2026-04-06,255,SABBL,29.97,1415.0,1500.0,1372.0,1475.0,1475.0,0.0,0.0,1451.22,38064.0,1435.0,55239404.7,1286,40.0,128.0,2.79,9.33,1.61,"2,000.00",300.00,,
2026-04-06,256,SADBL,27.88,419.5,425.5,411.0,424.5,424.5,0.0,0.0,415.85,108230.0,412.0,45007613.1,309,12.5,14.5,3.03,3.53,2.04,526.50,376.00,,
2026-04-06,257,SAGAR,26.01,1729.0,1832.0,1723.0,1820.0,1820.0,0.0,0.0,1785.07,15403.0,1729.0,27495473.7,328,91.0,109.0,5.26,6.33,1.92,"2,439.00",319.50,,
2026-04-06,258,SAGF,30.12,10.1,10.3,10.1,10.1,10.1,0.0,0.0,10.29,29500.0,10.1,303645.0,10,0.0,0.2,0.0,1.98,-1.91,11.31,8.79,,
2026-04-06,259,SAHAS,31.29,600.1,623.0,595.1,615.5,615.5,0.0,0.0,612.65,181657.0,604.0,111292649.8,1074,11.5,27.9,1.9,4.69,0.46,705.00,494.80,,
2026-04-06,260,SAIL,29.06,1178.8,1226.0,1156.0,1198.0,1198.0,0.0,0.0,1190.98,86494.0,1178.8,103012287.4,923,19.2,70.0,1.63,6.06,0.59,"1,690.00",301.70,,
2026-04-06,261,SALICO,29.25,598.1,619.0,598.1,614.0,614.0,0.0,0.0,611.42,14882.0,595.5,9099155.0,78,18.5,20.9,3.11,3.49,0.42,765.90,570.10,,
2026-04-06,262,SAND2085,23.77,1116.0,1116.0,1116.0,1116.0,1116.0,0.0,0.0,1116.0,25.0,1130.0,27900.0,1,-14.0,0.0,-1.24,0.0,0.0,"1,189.00","1,081.70",,
2026-04-06,263,SANIMA,24.45,331.2,348.0,331.2,345.5,345.5,0.0,0.0,342.96,65418.0,337.0,22435745.8,274,8.5,16.8,2.52,5.07,0.74,391.00,295.00,,
2026-04-06,264,SANVI,28.4,672.1,737.0,667.3,708.9,708.9,0.0,0.0,700.66,50700.0,680.9,35523667.3,545,28.0,69.7,4.11,10.45,1.16,"1,060.00",359.00,,
2026-04-06,265,SAPDBL,27.99,839.0,917.0,823.2,866.0,866.0,0.0,0.0,867.9,85689.0,855.6,74369819.5,590,10.4,93.8,1.22,11.39,-0.22,"1,284.00",686.00,,
2026-04-06,266,SARBTM,27.79,830.0,868.0,823.7,855.0,855.0,0.0,0.0,847.4,17316.0,838.0,14673600.4,163,17.0,44.3,2.03,5.38,0.89,"1,048.00",770.00,,
2026-04-06,267,SBCF,43.82,9.65,9.78,9.5,9.6,9.6,0.0,0.0,9.61,25250.0,9.47,242599.0,16,0.13,0.28,1.37,2.95,-0.08,12.03,8.82,,
2026-04-06,268,SBI,26.88,386.2,402.9,386.2,400.0,400.0,0.0,0.0,395.56,51193.0,393.5,20249792.7,203,6.5,16.7,1.65,4.32,1.11,452.00,363.00,,
2026-04-06,269,SBID2090,24.8,1038.0,1038.4,1038.0,1038.4,1038.4,0.0,0.0,1038.2,50.0,1050.0,51910.0,2,-11.6,0.4,-1.1,0.04,0.02,"1,107.00","1,000.00",,
2026-04-06,270,SBID89,23.13,1146.0,1146.0,1146.0,1146.0,1146.0,0.0,0.0,1146.0,25.0,1146.6,28650.0,1,-0.6,0.0,-0.05,0.0,0.0,"1,266.00","1,049.00",,
2026-04-06,271,SBL,26.17,378.0,392.0,376.1,389.6,389.6,0.0,0.0,385.03,108492.0,379.0,41773072.9,329,10.6,15.9,2.8,4.23,1.17,424.00,261.00,,
2026-04-06,272,SBLD2091,33.61,1050.6,1070.0,1050.5,1056.0,1056.0,0.0,0.0,1054.23,162.0,1052.6,170785.1,7,3.4,19.5,0.32,1.86,0.17,"1,150.00",825.35,,
2026-04-06,273,SCB,25.99,640.0,655.0,639.0,642.0,642.0,0.0,0.0,646.64,18284.0,640.3,11823185.3,211,1.7,16.0,0.27,2.5,-0.72,712.60,594.90,,
2026-04-06,274,SDBD87,42.72,1150.0,1165.0,1150.0,1165.0,1165.0,0.0,0.0,1155.63,80.0,1145.0,92450.0,2,20.0,15.0,1.75,1.3,0.8,"1,196.20","1,045.70",,
2026-04-06,275,SEF,27.06,9.85,9.85,9.8,9.85,9.85,0.0,0.0,9.84,54000.0,9.72,531350.0,12,0.13,0.05,1.34,0.51,0.1,11.53,8.60,,
2026-04-06,276,SFCL,25.41,374.3,398.7,374.3,397.9,397.9,0.0,0.0,388.4,16641.0,381.9,6463432.7,145,16.0,24.4,4.19,6.52,2.39,565.00,359.40,,
2026-04-06,277,SFEF,19.08,10.06,10.1,10.06,10.1,10.1,0.0,0.0,10.07,2700.0,9.88,27186.0,4,0.22,0.04,2.23,0.4,0.31,11.12,8.82,,
2026-04-06,278,SGHC,25.32,380.1,417.0,380.1,403.0,403.0,0.0,0.0,401.42,42407.0,387.0,17022936.1,242,16.0,36.9,4.13,9.71,0.39,539.00,296.00,,
2026-04-06,279,SGIC,25.21,471.1,491.0,471.1,484.0,484.0,0.0,0.0,485.8,20423.0,472.3,9921410.9,210,11.7,19.9,2.48,4.22,-0.37,632.00,439.00,,
2026-04-06,280,SHEL,24.8,297.0,319.0,297.0,314.0,314.0,0.0,0.0,309.98,320503.0,297.3,99348939.2,1180,16.7,22.0,5.62,7.41,1.28,361.00,243.00,,
2026-04-06,281,SHINE,29.51,405.0,413.0,400.0,410.0,410.0,0.0,0.0,406.03,98048.0,399.0,39810903.6,252,11.0,13.0,2.76,3.25,0.97,499.00,382.00,,
2026-04-06,282,SHINED,40.37,1130.0,1150.0,1130.0,1130.0,1130.0,0.0,0.0,1145.0,200.0,1130.0,229000.0,4,0.0,20.0,0.0,1.77,-1.33,"1,200.00","1,000.00",,
2026-04-06,283,SHIVM,26.32,644.0,674.9,642.0,666.0,666.0,0.0,0.0,660.62,372890.0,646.0,246337960.4,1617,20.0,32.9,3.1,5.12,0.81,730.00,495.00,,
2026-04-06,284,SHL,24.55,479.0,499.0,475.0,491.0,491.0,0.0,0.0,488.08,36249.0,479.0,17692554.8,189,12.0,24.0,2.51,5.05,0.59,619.00,464.00,,
2026-04-06,285,SHLB,23.76,1559.0,1565.0,1530.0,1555.0,1555.0,0.0,0.0,1550.38,360.0,1555.0,558135.0,23,0.0,35.0,0.0,2.29,0.3,"2,215.00","1,488.00",,
2026-04-06,286,SHPC,26.51,500.0,531.0,495.2,527.0,527.0,0.0,0.0,521.14,130048.0,503.0,67772742.3,436,24.0,35.8,4.77,7.23,1.11,684.90,461.00,,
2026-04-06,287,SICL,28.53,623.5,634.0,615.0,634.0,634.0,0.0,0.0,627.66,21847.0,623.0,13712489.4,147,11.0,19.0,1.77,3.09,1.0,876.90,588.80,,
2026-04-06,288,SIFC,30.57,530.0,566.0,530.0,560.0,560.0,0.0,0.0,545.87,16655.0,534.9,9091459.9,128,25.1,36.0,4.69,6.79,2.52,687.40,459.00,,
2026-04-06,289,SIGS2,30.09,10.4,10.4,10.4,10.4,10.4,0.0,0.0,10.4,300.0,10.2,3120.0,1,0.2,0.0,1.96,0.0,0.0,11.70,8.90,,
2026-04-06,290,SIGS3,24.9,10.05,10.39,10.05,10.2,10.2,0.0,0.0,10.31,3000.0,10.19,30933.0,11,0.01,0.34,0.1,3.38,-1.09,11.46,8.50,,
2026-04-06,291,SIKLES,24.0,590.0,612.0,584.2,604.0,604.0,0.0,0.0,597.21,23526.0,585.0,14050057.3,208,19.0,27.8,3.25,4.76,1.12,"1,177.00",540.00,,
2026-04-06,292,SINDU,25.63,710.0,758.0,700.0,748.1,748.1,0.0,0.0,742.64,29151.0,709.0,21648559.1,420,39.1,58.0,5.51,8.29,0.73,"1,247.00",608.00,,
2026-04-06,293,SJCL,24.03,303.0,326.2,302.9,320.0,320.0,0.0,0.0,315.75,35091.0,309.0,11079963.8,211,11.0,23.3,3.56,7.69,1.33,365.00,267.00,,
2026-04-06,294,SJLIC,32.34,429.0,444.0,428.0,443.0,443.0,0.0,0.0,438.98,33619.0,428.2,14758103.8,258,14.8,16.0,3.46,3.74,0.91,489.90,390.00,,
2026-04-06,295,SKBBL,28.07,750.1,778.0,750.0,769.0,769.0,0.0,0.0,767.63,30225.0,756.6,23201745.4,273,12.4,28.0,1.64,3.73,0.18,999.00,750.00,,
2026-04-06,296,SKHEL,33.15,513.3,553.6,513.3,553.6,553.6,0.0,0.0,550.4,310.0,503.3,170624.0,31,50.3,40.3,9.99,7.85,0.58,553.60,284.30,,
2026-04-06,297,SKHL,33.15,655.7,707.1,655.7,707.1,707.1,0.0,0.0,706.45,2109.0,642.9,1489894.1,211,64.2,51.4,9.99,7.84,0.09,707.10,300.00,,
2026-04-06,298,SLBBL,27.67,810.0,835.0,806.6,828.0,828.0,0.0,0.0,820.6,15152.0,802.1,12433774.2,151,25.9,28.4,3.23,3.52,0.89,"1,155.00",780.00,,
2026-04-06,299,SLBSL,24.67,1298.5,1350.0,1298.5,1344.0,1344.0,0.0,0.0,1322.46,1911.0,1325.0,2527227.4,30,19.0,51.5,1.43,3.97,1.6,"1,938.00","1,234.50",,
2026-04-06,300,SLCF,27.02,9.57,9.88,9.57,9.81,9.81,0.0,0.0,9.83,19230.0,9.7,188985.7,21,0.11,0.31,1.13,3.24,-0.18,11.99,8.60,,
2026-04-06,301,SMATA,26.58,775.0,795.0,770.0,788.0,788.0,0.0,0.0,787.82,12333.0,771.0,9716156.8,122,17.0,25.0,2.2,3.25,0.02,"1,382.00",734.10,,
2026-04-06,302,SMB,28.46,1801.3,1850.0,1801.3,1840.0,1840.0,0.0,0.0,1823.35,1199.0,1838.0,2186193.9,29,2.0,48.7,0.11,2.7,0.91,"2,600.00","1,710.10",,
2026-04-06,303,SMFBS,45.95,1689.0,1700.0,1670.0,1698.9,1698.9,0.0,0.0,1682.09,3148.0,1660.0,5295219.8,42,38.9,30.0,2.34,1.8,0.99,"2,026.00","1,490.00",,
2026-04-06,304,SMH,27.67,586.2,614.9,583.0,611.0,611.0,0.0,0.0,605.83,9392.0,593.9,5689970.8,141,17.1,31.9,2.88,5.47,0.85,"1,024.80",583.00,,
2026-04-06,305,SMHL,23.83,482.0,515.0,477.3,505.0,505.0,0.0,0.0,494.5,130009.0,482.0,64289949.8,706,23.0,37.7,4.77,7.9,2.08,"1,230.00",443.00,,
2026-04-06,306,SMJC,28.32,476.3,488.5,461.0,482.0,482.0,0.0,0.0,478.77,46883.0,467.0,22446216.8,288,15.0,27.5,3.21,5.97,0.67,679.30,461.00,,
2026-04-06,307,SMPDA,26.3,856.8,872.0,838.0,864.0,864.0,0.0,0.0,851.98,6501.0,840.0,5538724.3,117,24.0,34.0,2.86,4.06,1.39,"1,155.00",838.00,,
2026-04-06,308,SNLI,24.99,450.0,466.0,440.0,460.0,460.0,0.0,0.0,455.46,24439.0,445.2,11130977.5,463,14.8,26.0,3.32,5.91,0.99,660.00,411.60,,
2026-04-06,309,SOHL,28.95,603.9,627.0,592.0,622.0,622.0,0.0,0.0,613.43,125001.0,603.9,76679528.3,6534,18.1,35.0,3.0,5.91,1.38,777.80,300.00,,
2026-04-06,310,SONA,25.25,422.0,448.0,422.0,442.2,442.2,0.0,0.0,438.8,75849.0,425.5,33282670.9,543,16.7,26.0,3.92,6.16,0.77,523.30,398.00,,
2026-04-06,311,SPC,29.48,473.0,488.5,467.0,477.0,477.0,0.0,0.0,477.71,27283.0,464.0,13033238.4,143,13.0,21.5,2.8,4.6,-0.15,591.00,441.00,,
2026-04-06,312,SPDL,25.15,399.0,418.9,394.0,418.9,418.9,0.0,0.0,408.06,143879.0,398.8,58711662.4,411,20.1,24.9,5.04,6.32,2.59,474.00,315.00,,
2026-04-06,313,SPHL,26.29,505.0,535.5,500.0,525.0,525.0,0.0,0.0,524.27,8487.0,510.0,4449451.3,86,15.0,35.5,2.94,7.1,0.14,826.00,477.10,,
2026-04-06,314,SPIL,28.6,685.0,715.0,685.0,711.0,711.0,0.0,0.0,696.97,13578.0,695.0,9463419.9,70,16.0,30.0,2.3,4.38,1.97,894.50,625.00,,
2026-04-06,315,SPL,25.99,680.0,711.0,680.0,705.0,705.0,0.0,0.0,698.85,10931.0,670.4,7639108.5,90,34.6,31.0,5.16,4.56,0.87,"1,035.00",670.40,,
2026-04-06,316,SRLI,27.58,383.0,397.0,381.0,392.9,392.9,0.0,0.0,391.68,56453.0,382.5,22111687.6,376,10.4,16.0,2.72,4.2,0.31,451.10,363.90,,
2026-04-06,317,SSHL,26.79,197.0,218.9,197.0,218.0,218.0,0.0,0.0,211.32,740626.0,199.0,156512178.8,2194,19.0,21.9,9.55,11.12,3.06,313.80,151.00,,
2026-04-06,318,STC,37.19,5550.0,5700.0,5501.0,5688.0,5688.0,0.0,0.0,5588.81,4115.0,5610.0,22997968.0,59,78.0,199.0,1.39,3.62,1.74,"6,335.90","4,832.00",,
2026-04-06,319,SWASTIK,29.73,2550.0,2651.0,2547.0,2600.0,2600.0,0.0,0.0,2575.83,1756.0,2500.0,4523161.0,70,100.0,104.0,4.0,4.08,0.93,"3,400.00",391.70,,
2026-04-06,320,SWBBL,28.28,715.0,740.5,711.0,730.0,730.0,0.0,0.0,728.42,14977.0,713.1,10909559.5,157,16.9,29.5,2.37,4.15,0.22,"1,046.50",711.00,,
2026-04-06,321,SWMF,27.24,669.0,678.0,660.0,678.0,678.0,0.0,0.0,667.44,9623.0,659.0,6422756.3,86,19.0,18.0,2.88,2.73,1.56,868.10,641.10,,
2026-04-06,322,SYPNL,27.0,1750.0,1845.0,1740.0,1820.0,1820.0,0.0,0.0,1794.78,148598.0,1759.0,266700354.0,1921,61.0,105.0,3.47,6.03,1.39,"2,255.90",319.80,,
2026-04-06,323,TAMOR,25.62,431.0,454.0,427.0,446.3,446.3,0.0,0.0,445.96,122567.0,435.0,54659386.0,551,11.3,27.0,2.6,6.32,0.08,576.00,396.40,,
2026-04-06,324,TPC,24.25,368.0,389.6,368.0,386.9,386.9,0.0,0.0,378.71,77875.0,369.9,29491832.6,309,17.0,21.6,4.6,5.87,2.12,616.00,270.10,,
2026-04-06,325,TRH,25.2,736.3,765.0,736.3,755.1,755.1,0.0,0.0,757.76,3018.0,750.0,2286926.5,26,5.1,28.7,0.68,3.9,-0.35,"1,086.30",681.10,,
2026-04-06,326,TSHL,23.82,652.8,698.0,650.0,678.0,678.0,0.0,0.0,676.24,4008.0,640.0,2710364.0,90,38.0,48.0,5.94,7.38,0.26,989.00,616.80,,
2026-04-06,327,TTL,27.75,800.0,843.9,797.0,835.0,835.0,0.0,0.0,824.71,49565.0,797.0,40876942.7,677,38.0,46.9,4.77,5.88,1.23,"1,262.80",366.10,,
2026-04-06,328,TVCL,27.88,557.0,571.0,554.0,559.7,559.7,0.0,0.0,560.21,20073.0,546.9,11245162.0,96,12.8,17.0,2.34,3.07,-0.09,689.00,377.60,,
2026-04-06,329,UAIL,26.42,442.0,463.0,442.0,462.9,462.9,0.0,0.0,455.0,28623.0,441.5,13023572.4,181,21.4,21.0,4.85,4.75,1.71,659.00,422.10,,
2026-04-06,330,UHEWA,23.9,564.0,588.5,553.0,575.0,575.0,0.0,0.0,574.36,26515.0,556.7,15229268.1,199,18.3,35.5,3.29,6.42,0.11,758.00,508.50,,
2026-04-06,331,ULBSL,49.81,3049.8,3289.0,2930.3,3289.0,3289.0,0.0,0.0,3012.96,3913.0,2990.0,11789707.6,87,299.0,358.7,10.0,12.24,8.39,"4,325.00","2,928.00",,
2026-04-06,332,ULHC,34.67,470.0,519.0,470.0,519.0,519.0,0.0,0.0,492.16,10927.0,476.0,5377876.7,127,43.0,49.0,9.03,10.43,5.17,599.00,411.70,,
2026-04-06,333,UMHL,38.84,572.4,616.0,572.4,608.0,608.0,0.0,0.0,601.2,108669.0,584.0,65331549.0,396,24.0,43.6,4.11,7.62,1.12,706.00,435.00,,
2026-04-06,334,UMRH,29.59,522.6,533.0,516.0,529.5,529.5,0.0,0.0,527.06,26483.0,512.4,13958259.3,158,17.1,17.0,3.34,3.29,0.46,675.00,512.00,,
2026-04-06,335,UNHPL,24.17,509.0,526.0,506.1,526.0,526.0,0.0,0.0,518.28,116287.0,513.0,60269764.6,394,13.0,19.9,2.53,3.93,1.47,571.00,300.00,,
2026-04-06,336,UNL,40.93,47000.0,47220.0,47000.0,47200.0,47200.0,0.0,0.0,47140.0,30.0,46400.0,1414200.0,3,800.0,220.0,1.72,0.47,0.13,"50,724.00","45,000.00",,
2026-04-06,337,UNLB,31.89,1540.0,1609.9,1540.0,1598.0,1598.0,0.0,0.0,1591.64,1214.0,1570.0,1932250.0,55,28.0,69.9,1.78,4.54,0.4,"2,480.00","1,540.00",,
2026-04-06,338,UPCL,25.73,368.0,387.6,368.0,383.0,383.0,0.0,0.0,379.01,223577.0,366.0,84737288.8,785,17.0,19.6,4.64,5.33,1.04,489.00,291.00,,
2026-04-06,339,UPPER,27.8,194.7,215.9,194.7,213.0,213.0,0.0,0.0,208.45,550177.0,198.6,114681922.9,2471,14.4,21.2,7.25,10.89,2.14,242.60,166.00,,
2026-04-06,340,USHEC,36.76,480.0,508.0,480.0,503.9,503.9,0.0,0.0,497.32,23023.0,480.0,11449882.0,150,23.9,28.0,4.98,5.83,1.31,619.00,410.00,,
2026-04-06,341,USHL,29.4,670.0,693.8,660.2,689.5,689.5,0.0,0.0,681.9,5162.0,657.0,3519967.5,67,32.5,33.6,4.95,5.09,1.1,945.00,588.00,,
2026-04-06,342,USLB,27.19,1356.0,1383.1,1345.0,1377.0,1377.0,0.0,0.0,1361.93,4451.0,1330.0,6061965.5,91,47.0,38.1,3.53,2.83,1.09,"2,750.00","1,322.00",,
2026-04-06,343,VLBS,25.47,721.3,762.9,721.3,750.0,750.0,0.0,0.0,746.49,8036.0,735.1,5998777.0,290,14.9,41.6,2.03,5.77,0.47,"1,008.00",721.30,,
2026-04-06,344,VLUCL,33.15,508.0,538.0,508.0,520.0,520.0,0.0,0.0,524.51,22181.0,518.1,11634257.1,147,1.9,30.0,0.37,5.91,-0.87,683.00,508.00,,
2026-04-06,345,WNLB,24.84,1516.8,1535.0,1490.0,1515.0,1515.0,0.0,0.0,1508.88,1180.0,1487.1,1780479.4,38,27.9,45.0,1.88,3.02,0.4,"3,562.00","1,242.10",,
2026-04-07,1,ACLBSL,25.34,978.2,997.0,957.0,970.0,970.0,0.0,0.0,961.56,1913.0,959.1,1839458.8,55,10.9,40.0,1.14,4.18,0.87,"1,240.00",900.00,985.15,"1,018.85"
2026-04-07,2,ADBL,23.67,315.0,315.0,307.0,308.0,308.0,0.0,0.0,309.69,29429.0,309.0,9113724.7,203,-1.0,8.0,-0.32,2.61,-0.55,344.90,272.30,306.86,309.91
2026-04-07,3,AHL,24.5,490.1,495.0,481.0,485.0,485.0,0.0,0.0,487.59,4816.0,485.0,2348242.0,77,0.0,14.0,0.0,2.91,-0.53,750.00,461.10,575.03,594.10
2026-04-07,4,AHPC,24.34,291.7,292.0,284.3,285.0,285.0,0.0,0.0,288.15,210616.0,286.0,60688909.6,829,-1.0,7.7,-0.35,2.71,-1.11,334.00,246.00,281.62,286.03
2026-04-07,5,AKJCL,26.01,388.6,392.0,377.1,390.0,390.0,0.0,0.0,384.85,612515.0,381.0,235728049.2,848,9.0,14.9,2.36,3.95,1.32,431.80,172.90,257.21,241.54
2026-04-07,6,AKPL,24.73,275.0,277.9,269.0,270.0,270.0,0.0,0.0,272.97,287220.0,272.0,78403567.9,817,-2.0,8.9,-0.74,3.31,-1.1,317.00,221.20,258.07,260.84
2026-04-07,7,ALBSL,23.27,1164.1,1210.0,1142.0,1171.0,1171.0,0.0,0.0,1160.45,4793.0,1187.8,5562021.9,116,-16.8,68.0,-1.41,5.95,0.9,"1,334.00",771.00,"1,109.60","1,044.16"
2026-04-07,8,ALICL,24.2,459.0,466.0,455.0,459.0,459.0,0.0,0.0,458.08,26387.0,457.1,12087286.8,145,1.9,11.0,0.42,2.42,0.2,779.00,430.00,468.42,479.37
2026-04-07,9,ANLB,42.31,6370.0,6476.0,6331.0,6476.0,6476.0,0.0,0.0,6376.99,287.0,6500.0,1830197.3,16,-24.0,145.0,-0.37,2.29,1.53,"6,800.00","5,000.00","6,240.40","6,051.25"
2026-04-07,10,API,24.69,350.0,350.8,339.2,341.5,341.5,0.0,0.0,344.11,428867.0,346.0,147577756.3,1270,-4.5,11.6,-1.3,3.42,-0.76,368.90,258.80,299.07,298.90
2026-04-07,11,AVYAN,26.21,1154.0,1154.0,1089.0,1100.0,1100.0,0.0,0.0,1106.29,17755.0,1135.0,19642216.7,256,-35.0,65.0,-3.08,5.97,-0.57,"1,366.00",906.00,"1,004.31","1,022.00"
2026-04-07,12,BANDIPUR,27.53,840.0,865.0,835.0,838.4,838.4,0.0,0.0,847.35,57172.0,840.0,48444744.6,718,-1.6,30.0,-0.19,3.59,-1.07,"1,233.00",285.00,0.00,0.00
2026-04-07,13,BARUN,24.83,359.9,364.0,350.5,353.0,353.0,0.0,0.0,356.06,93867.0,357.0,33422510.6,483,-4.0,13.5,-1.12,3.85,-0.87,589.00,292.10,340.75,356.70
2026-04-07,14,BBC,24.37,5050.0,5050.0,4859.0,4859.0,4859.0,0.0,0.0,4898.16,584.0,4958.0,2860523.6,42,-99.0,191.0,-2.0,3.93,-0.81,"6,537.00","4,480.00","4,882.84","5,071.74"
2026-04-07,15,BEDC,27.38,456.9,465.5,441.5,445.0,445.0,0.0,0.0,451.19,13043.0,448.0,5884898.5,147,-3.0,24.0,-0.67,5.44,-1.39,872.00,424.00,554.23,607.78
2026-04-07,16,BFC,24.83,466.0,470.0,460.0,463.9,463.9,0.0,0.0,465.74,15635.0,464.0,7281845.0,115,-0.1,10.0,-0.02,2.17,-0.4,579.90,411.50,471.71,482.03
2026-04-07,17,BGWT,26.36,716.1,730.0,716.1,720.0,720.0,0.0,0.0,722.23,2915.0,715.0,2105307.4,42,5.0,13.9,0.7,1.94,-0.31,"1,110.00",710.00,781.00,832.13
2026-04-07,18,BHCL,24.25,533.0,550.0,528.0,529.1,529.1,0.0,0.0,534.67,21013.0,533.0,11235066.3,403,-3.9,22.0,-0.73,4.17,-1.05,699.00,292.10,520.07,0.00
2026-04-07,19,BHDC,25.33,461.1,473.1,461.1,463.0,463.0,0.0,0.0,465.42,27094.0,467.9,12610094.7,206,-4.9,12.0,-1.05,2.6,-0.52,706.00,426.00,500.58,514.73
2026-04-07,20,BHL,25.68,226.4,230.0,221.0,222.1,222.1,0.0,0.0,225.7,514549.0,222.0,116135063.1,1759,0.1,9.0,0.05,4.07,-1.62,307.00,164.00,194.67,199.59
2026-04-07,21,BHPL,23.89,530.0,559.9,530.0,548.2,548.2,0.0,0.0,546.78,16685.0,539.7,9123002.9,146,8.5,29.9,1.57,5.64,0.26,"1,308.40",503.10,610.49,666.82
2026-04-07,22,BJHL,33.77,863.9,931.7,863.9,931.7,931.7,0.0,0.0,930.58,7560.0,847.0,7035207.0,570,84.7,67.8,10.0,7.85,0.12,931.70,270.10,0.00,0.00
2026-04-07,23,BNHC,23.25,351.0,355.0,345.0,348.5,348.5,0.0,0.0,350.41,8172.0,351.0,2863572.8,114,-2.5,10.0,-0.71,2.9,-0.55,613.80,313.10,436.98,464.05
2026-04-07,24,BNL,23.61,14798.2,14798.2,14798.2,14798.2,14798.2,0.0,0.0,14798.2,10.0,15100.0,147982.0,1,-301.8,0.0,-2.0,0.0,0.0,"19,060.00","14,635.80","15,976.40","16,591.17"
2026-04-07,25,BNT,30.41,11516.1,11742.2,11512.0,11700.0,11700.0,0.0,0.0,11585.99,209.0,11564.0,2421471.0,12,136.0,230.2,1.18,2.0,0.97,"13,550.00","10,660.00","11,645.19","11,919.23"
2026-04-07,26,BPCL,29.42,703.0,707.9,691.0,699.0,699.0,0.0,0.0,697.85,61630.0,700.0,43008357.7,277,-1.0,16.9,-0.14,2.45,0.16,"1,065.00",397.00,733.69,776.93
2026-04-07,27,BUNGAL,28.16,588.9,595.0,578.4,584.0,584.0,0.0,0.0,586.65,13100.0,580.0,7685120.6,273,4.0,16.6,0.69,2.87,-0.45,822.00,302.40,0.00,0.00
2026-04-07,28,C30MF,26.62,9.9,9.92,9.9,9.92,9.92,0.0,0.0,9.92,25500.0,9.99,252955.0,6,-0.07,0.02,-0.7,0.2,0.0,10.71,8.70,9.48,9.66
2026-04-07,29,CBBL,27.12,918.0,926.0,900.1,920.0,920.0,0.0,0.0,912.52,34988.0,907.0,31927260.9,388,13.0,25.9,1.43,2.88,0.81,"1,144.80",822.00,970.50,983.61
2026-04-07,30,CBLD88,27.25,1198.0,1198.0,1198.0,1198.0,1198.0,0.0,0.0,1198.0,25.0,1190.0,29950.0,1,8.0,0.0,0.67,0.0,0.0,"1,265.00","1,108.00","1,186.58","1,173.01"
2026-04-07,31,CCBD88,23.97,1265.0,1265.0,1265.0,1241.0,1241.0,0.0,0.0,1241.0,1.0,1265.0,1241.0,1,-24.0,0.0,-1.9,0.0,0.0,"1,297.40","1,126.00","1,189.25","1,174.97"
2026-04-07,32,CFCL,23.06,520.0,528.3,508.0,514.0,514.0,0.0,0.0,515.35,7172.0,518.0,3696105.6,84,-4.0,20.3,-0.77,4.0,-0.26,624.00,445.10,510.18,515.58
2026-04-07,33,CGH,24.4,828.9,837.0,816.0,826.0,826.0,0.0,0.0,827.61,10585.0,828.9,8760271.9,168,-2.9,21.0,-0.35,2.57,-0.2,"1,150.00",798.00,869.12,914.75
2026-04-07,34,CHCL,23.24,495.5,499.6,483.0,485.9,485.9,0.0,0.0,487.3,22499.0,486.0,10963761.3,194,-0.1,16.6,-0.02,3.44,-0.29,599.60,456.00,487.26,503.13
2026-04-07,35,CHDC,26.21,2378.0,2417.0,2332.0,2369.0,2369.0,0.0,0.0,2368.87,15814.0,2378.0,37461303.9,260,-9.0,85.0,-0.38,3.64,0.01,"2,997.90","1,990.00","2,358.54","2,456.56"
2026-04-07,36,CHL,23.65,293.0,293.6,282.0,286.8,286.8,0.0,0.0,287.48,36118.0,288.0,10383165.1,191,-1.2,11.6,-0.42,4.11,-0.24,524.20,223.40,270.58,284.33
2026-04-07,37,CIT,25.08,1795.0,1812.0,1773.0,1779.9,1779.9,0.0,0.0,1788.08,5407.0,1789.8,9668153.5,171,-9.9,39.0,-0.55,2.2,-0.46,"2,168.00","1,730.80","1,823.75","1,864.31"
2026-04-07,38,CITY,23.67,473.2,477.0,468.0,472.0,472.0,0.0,0.0,472.61,5660.0,470.0,2674997.5,106,2.0,9.0,0.43,1.92,-0.13,998.40,452.00,508.87,604.67
2026-04-07,39,CKHL,29.91,681.0,699.5,668.0,668.0,668.0,0.0,0.0,678.77,5634.0,694.6,3824193.1,60,-26.6,31.5,-3.83,4.72,-1.61,804.00,550.00,660.53,661.43
2026-04-07,40,CLI,24.14,467.0,475.5,465.5,466.0,466.0,0.0,0.0,468.58,12120.0,468.0,5679204.4,248,-2.0,10.0,-0.43,2.15,-0.55,540.00,411.00,472.83,475.17
2026-04-07,41,CMF2,20.87,9.92,10.11,9.92,10.11,10.11,0.0,0.0,10.09,1100.0,9.92,11102.0,2,0.19,0.19,1.92,1.92,0.17,10.86,8.64,9.60,9.68
2026-04-07,42,CORBL,26.4,1812.0,1836.0,1764.0,1805.4,1805.4,0.0,0.0,1794.71,3553.0,1812.0,6376601.4,94,-6.6,72.0,-0.36,4.08,0.59,"2,800.00","1,431.00","1,743.09","1,885.12"
2026-04-07,43,CREST,26.76,1260.0,1284.0,1221.0,1245.0,1245.0,0.0,0.0,1246.13,9664.0,1242.0,12042581.5,230,3.0,63.0,0.24,5.16,-0.09,"2,458.20",302.50,"1,294.51","1,312.24"
2026-04-07,44,CSY,25.08,9.3,9.5,9.21,9.42,9.42,0.0,0.0,9.39,7490.0,9.46,70367.72,40,-0.04,0.29,-0.42,3.15,0.27,10.00,8.87,0.00,0.00
2026-04-07,45,CYCL,25.72,1552.0,1574.8,1540.0,1540.0,1540.0,0.0,0.0,1546.0,2511.0,1568.0,3882015.0,46,-28.0,34.8,-1.79,2.26,-0.39,"2,040.00","1,462.00","1,565.68","1,623.22"
2026-04-07,46,CYCLP,25.44,831.0,831.0,831.0,831.0,831.0,0.0,0.0,831.0,8944.0,847.0,7432464.0,2,-16.0,0.0,-1.89,0.0,0.0,864.00,831.00,0.00,0.00
2026-04-07,47,CZBIL,27.77,209.5,210.0,205.4,208.0,208.0,0.0,0.0,207.48,173134.0,206.0,35921556.1,367,2.0,4.6,0.97,2.24,0.25,240.10,183.00,200.23,205.22
2026-04-07,48,DDBL,24.07,849.8,850.0,833.0,839.2,839.2,0.0,0.0,840.61,8425.0,839.0,7082136.8,111,0.2,17.0,0.02,2.04,-0.17,"1,010.00",760.20,850.09,858.71
2026-04-07,49,DHEL,24.19,625.0,642.0,611.4,614.0,614.0,0.0,0.0,621.67,16836.0,620.0,10466493.4,336,-6.0,30.6,-0.97,5.0,-1.25,918.90,402.20,0.00,0.00
2026-04-07,50,DHPL,23.84,316.0,316.0,304.1,307.0,307.0,0.0,0.0,310.82,8999.0,310.0,2797073.8,70,-3.0,11.9,-0.97,3.91,-1.24,415.00,265.00,301.05,308.52
2026-04-07,51,DLBS,25.6,1291.0,1325.0,1289.0,1295.0,1295.0,0.0,0.0,1295.83,764.0,1317.0,990014.0,23,-22.0,36.0,-1.67,2.79,-0.06,"1,684.00","1,240.00","1,349.29","1,398.06"
2026-04-07,52,DOLTI,25.27,469.9,469.9,459.0,459.0,459.0,0.0,0.0,463.09,4554.0,465.0,2108900.0,74,-6.0,10.9,-1.29,2.37,-0.89,689.90,445.00,518.71,538.07
2026-04-07,53,DORDI,24.39,290.0,295.7,285.0,286.0,286.0,0.0,0.0,288.88,119562.0,287.0,34538554.2,475,-1.0,10.7,-0.35,3.75,-1.01,450.00,213.10,267.47,282.25
2026-04-07,54,EBL,25.78,706.0,706.0,692.0,695.0,695.0,0.0,0.0,696.93,28459.0,693.9,19833869.4,220,1.1,14.0,0.16,2.02,-0.28,780.60,600.00,666.88,678.11
2026-04-07,55,EBLD85,40.43,1170.9,1170.9,1170.9,1170.9,1170.9,0.0,0.0,1170.9,25.0,1148.0,29272.5,1,22.9,0.0,1.99,0.0,0.0,"1,250.00","1,102.50","1,158.25","1,152.08"
2026-04-07,56,EBLD91,24.88,1077.0,1080.0,1077.0,1080.0,1080.0,0.0,0.0,1078.03,75.0,1085.0,80852.5,3,-5.0,3.0,-0.46,0.28,0.18,"1,142.40",994.40,"1,083.21",0.00
2026-04-07,57,EDBL,25.69,585.0,593.0,576.1,576.1,576.1,0.0,0.0,581.81,17503.0,587.0,10183489.8,83,-10.9,16.9,-1.86,2.93,-0.99,717.30,545.00,596.80,603.84
2026-04-07,58,EHPL,24.56,417.0,418.0,409.0,410.3,410.3,0.0,0.0,412.67,27546.0,414.0,11367536.3,211,-3.7,9.0,-0.89,2.2,-0.58,700.00,385.00,436.43,487.00
2026-04-07,59,ENL,25.86,885.1,890.0,870.3,874.0,874.0,0.0,0.0,876.19,1394.0,886.0,1221415.2,33,-12.0,19.7,-1.35,2.26,-0.25,"1,289.80",852.60,924.89,976.51
2026-04-07,60,FMDBL,23.64,825.9,825.9,808.0,809.0,809.0,0.0,0.0,813.43,21297.0,810.0,17323555.4,115,-1.0,17.9,-0.12,2.22,-0.55,"1,038.80",718.00,818.12,827.17
2026-04-07,61,FOWAD,25.85,1110.0,1117.5,1081.0,1110.0,1110.0,0.0,0.0,1103.66,5465.0,1100.0,6031479.9,73,10.0,36.5,0.91,3.38,0.57,"1,324.40","1,012.40","1,092.52","1,118.53"
2026-04-07,62,GBBD85,40.44,1066.1,1066.1,1066.1,1084.0,1084.0,0.0,0.0,1069.08,30.0,1063.6,32072.5,2,20.4,0.0,1.92,0.0,1.38,"1,135.00","1,020.10","1,082.18","1,076.02"
2026-04-07,63,GBBL,25.19,407.0,415.0,404.0,409.9,409.9,0.0,0.0,407.82,31839.0,407.0,12984489.4,167,2.9,11.0,0.71,2.72,0.51,498.00,367.40,399.36,407.22
2026-04-07,64,GBIME,24.65,240.4,240.5,233.5,235.0,235.0,0.0,0.0,235.98,124563.0,237.8,29394066.1,599,-2.8,7.0,-1.18,3.0,-0.42,278.90,213.00,232.79,238.30
2026-04-07,65,GBIMEP,28.33,100.0,100.0,100.0,100.0,100.0,0.0,0.0,100.0,5854.0,100.0,585400.0,1,0.0,0.0,0.0,0.0,0.0,122.00,100.00,106.55,123.08
2026-04-07,66,GBIMESY2,25.13,9.41,9.5,9.41,9.42,9.42,0.0,0.0,9.43,2600.0,9.6,24515.3,18,-0.18,0.09,-1.88,0.96,-0.1,10.18,8.50,9.15,0.00
2026-04-07,67,GBLBS,24.24,765.0,780.0,756.5,762.0,762.0,0.0,0.0,767.75,4485.0,770.0,3443359.1,79,-8.0,23.5,-1.04,3.11,-0.75,950.00,698.00,796.60,798.32
2026-04-07,68,GCIL,24.84,424.6,432.8,418.0,423.8,423.8,0.0,0.0,424.27,28207.0,420.1,11967295.7,308,3.7,14.8,0.88,3.54,-0.11,579.00,400.00,434.34,458.98
2026-04-07,69,GFCL,25.1,640.0,650.0,628.3,635.0,635.0,0.0,0.0,634.59,14289.0,640.0,9067593.8,109,-5.0,21.7,-0.78,3.45,0.07,756.80,528.30,623.94,634.56
2026-04-07,70,GHL,24.68,246.0,250.8,240.3,242.0,242.0,0.0,0.0,245.93,175401.0,243.5,43137095.6,562,-1.5,10.5,-0.62,4.37,-1.63,290.00,197.10,227.21,234.53
2026-04-07,71,GIBF1,22.51,10.71,11.13,10.71,11.0,11.0,0.0,0.0,11.03,8000.0,10.71,88273.0,12,0.29,0.42,2.71,3.92,-0.31,11.68,9.30,10.43,10.59
2026-04-07,72,GILB,22.97,1157.7,1159.0,1120.5,1132.0,1132.0,0.0,0.0,1137.65,992.0,1138.9,1128553.7,28,-6.9,38.5,-0.61,3.44,-0.5,"1,441.60","1,100.00","1,196.12","1,233.76"
2026-04-07,73,GLBSL,24.53,1869.0,1869.0,1785.0,1800.0,1800.0,0.0,0.0,1819.37,916.0,1835.0,1666542.1,37,-35.0,84.0,-1.91,4.71,-1.08,"3,232.00","1,705.20","1,997.94","2,088.38"
2026-04-07,74,GLH,24.48,273.1,279.7,270.0,273.8,273.8,0.0,0.0,274.32,163238.0,272.5,44779524.0,551,1.3,9.7,0.48,3.59,-0.19,328.20,227.40,263.77,266.36
2026-04-07,75,GMFBS,27.98,1332.5,1360.0,1332.1,1349.0,1349.0,0.0,0.0,1340.4,1624.0,1332.0,2176815.2,25,17.0,27.9,1.28,2.09,0.64,"1,871.00","1,298.50","1,506.52","1,537.17"
2026-04-07,76,GMFIL,23.77,489.0,489.6,468.2,481.0,481.0,0.0,0.0,475.26,13617.0,480.0,6471612.5,72,1.0,21.4,0.21,4.57,1.19,557.00,393.10,468.26,476.43
2026-04-07,77,GMLI,28.57,1535.0,1549.9,1506.0,1519.9,1519.9,0.0,0.0,1520.8,3845.0,1536.0,5847480.0,95,-16.1,43.9,-1.05,2.92,-0.06,"2,699.00","1,455.30","1,807.53","1,919.27"
2026-04-07,78,GRDBL,26.09,1050.2,1065.9,1034.4,1046.0,1046.0,0.0,0.0,1047.73,12216.0,1067.7,12799012.8,142,-21.7,31.5,-2.03,3.05,-0.16,"1,668.40",944.00,"1,108.01","1,160.78"
2026-04-07,79,GSY,20.89,10.0,10.0,9.81,9.86,9.86,0.0,0.0,9.84,2800.0,9.95,27557.0,19,-0.09,0.19,-0.9,1.94,0.18,10.40,8.70,9.27,9.33
2026-04-07,80,GUFL,24.55,538.5,546.5,528.3,530.0,530.0,0.0,0.0,532.92,11440.0,529.0,6096602.0,110,1.0,18.2,0.19,3.45,-0.55,644.00,460.60,529.69,537.00
2026-04-07,81,GVL,23.48,495.0,495.0,483.2,484.6,484.6,0.0,0.0,487.67,29648.0,489.9,14458453.4,179,-5.3,11.8,-1.08,2.44,-0.63,662.00,424.00,510.60,512.73
2026-04-07,82,GWFD83,24.13,1125.0,1125.0,1125.0,1125.0,1125.0,0.0,0.0,1125.0,50.0,1125.0,56250.0,1,0.0,0.0,0.0,0.0,0.0,"1,464.80","1,090.00","1,207.07","1,215.52"
2026-04-07,83,H8020,38.5,11.35,11.93,11.22,11.93,11.93,0.0,0.0,11.36,4600.0,11.52,52247.0,17,0.41,0.71,3.56,6.33,4.79,12.21,10.00,11.07,11.19
2026-04-07,84,HATHY,27.43,892.0,917.0,873.0,876.0,876.0,0.0,0.0,887.3,12814.0,880.0,11369811.3,192,-4.0,44.0,-0.45,5.04,-1.29,"1,469.80",860.60,927.24,"1,028.24"
2026-04-07,85,HBL,24.11,210.0,212.0,205.2,206.2,206.2,0.0,0.0,208.33,95783.0,208.9,19954096.3,997,-2.7,6.8,-1.29,3.31,-1.03,261.00,184.00,196.75,205.48
2026-04-07,86,HBLD86,41.02,1130.0,1130.0,1130.0,1130.0,1130.0,0.0,0.0,1130.0,30.0,1127.9,33900.0,1,2.1,0.0,0.19,0.0,0.0,"1,201.00","1,095.10","1,127.76",0.00
2026-04-07,87,HDHPC,25.42,230.5,230.5,221.0,226.0,226.0,0.0,0.0,225.9,575821.0,226.0,130076906.6,1487,0.0,9.5,0.0,4.3,0.05,274.00,162.00,193.23,195.81
2026-04-07,88,HDL,25.56,1182.0,1182.0,1159.0,1162.0,1162.0,0.0,0.0,1166.87,55019.0,1159.9,64200091.2,576,2.1,23.0,0.18,1.98,-0.42,"1,556.10","1,103.00","1,202.12","1,236.38"
2026-04-07,89,HEI,26.7,528.9,528.9,510.0,518.0,518.0,0.0,0.0,516.24,13279.0,522.4,6855144.8,55,-4.4,18.9,-0.84,3.71,0.34,654.00,458.00,510.87,537.03
2026-04-07,90,HEIP,38.54,331.0,344.5,331.0,337.1,337.1,0.0,0.0,340.07,5750.0,331.2,1955407.0,24,5.9,13.5,1.78,4.08,-0.88,398.00,293.10,329.66,342.89
2026-04-07,91,HFIN,32.32,513.7,563.0,513.7,563.0,563.0,0.0,0.0,561.24,1090.0,511.9,611752.0,109,51.1,49.3,9.98,9.6,0.31,563.00,101.70,0.00,0.00
2026-04-07,92,HHL,24.43,353.0,354.5,340.3,344.0,344.0,0.0,0.0,345.93,41646.0,349.0,14406709.1,230,-5.0,14.2,-1.43,4.17,-0.56,511.00,310.70,340.81,357.28
2026-04-07,93,HIDCL,24.0,278.5,279.9,271.0,275.9,275.9,0.0,0.0,274.79,168351.0,275.2,46260386.1,612,0.7,8.9,0.25,3.28,0.4,340.00,245.00,268.78,277.35
2026-04-07,94,HIDCLP,23.94,212.0,212.0,204.1,208.9,208.9,0.0,0.0,207.62,432882.0,209.1,89874206.7,651,-0.2,7.9,-0.1,3.87,0.61,239.00,172.80,191.37,197.90
2026-04-07,95,HIMSTAR,25.49,890.0,904.9,848.0,849.0,849.0,0.0,0.0,868.71,7834.0,873.0,6805455.0,142,-24.0,56.9,-2.75,6.71,-2.32,"1,264.00",252.20,850.60,0.00
2026-04-07,96,HLBSL,21.61,905.0,919.8,895.0,899.0,899.0,0.0,0.0,900.49,824.0,902.0,742000.9,33,-3.0,24.8,-0.33,2.77,-0.17,"1,100.00",837.00,921.78,943.82
2026-04-07,97,HLI,26.52,364.2,364.2,351.4,355.1,355.1,0.0,0.0,355.84,85251.0,359.0,30335926.6,633,-3.9,12.8,-1.09,3.64,-0.21,464.00,343.20,375.23,385.97
2026-04-07,98,HLICF,23.31,9.11,9.2,9.11,9.15,9.15,0.0,0.0,9.14,3000.0,9.2,27418.0,14,-0.05,0.09,-0.54,0.99,0.12,10.55,8.74,0.00,0.00
2026-04-07,99,HPPL,33.66,383.1,390.6,379.0,385.7,385.7,0.0,0.0,384.67,74340.0,383.0,28596102.6,306,2.7,11.6,0.7,3.06,0.27,711.00,360.00,469.95,486.33
2026-04-07,100,HRL,27.62,728.0,744.0,720.0,727.0,727.0,0.0,0.0,731.46,244100.0,720.0,178549402.6,2176,7.0,24.0,0.97,3.33,-0.61,"1,139.90",665.00,839.76,884.29
2026-04-07,101,HURJA,23.94,270.1,286.0,268.1,274.0,274.0,0.0,0.0,276.25,185614.0,275.6,51275949.7,654,-1.6,17.9,-0.58,6.68,-0.82,312.10,204.60,241.31,244.23
2026-04-07,102,ICFC,24.94,635.0,635.0,619.8,624.0,624.0,0.0,0.0,626.2,9955.0,627.9,6233790.0,93,-3.9,15.2,-0.62,2.45,-0.35,730.90,555.00,646.52,647.85
2026-04-07,103,ICFCD88,43.5,1157.2,1157.2,1157.1,1157.1,1157.1,0.0,0.0,1157.17,75.0,1180.0,86787.5,3,-22.9,0.1,-1.94,0.01,-0.01,"1,216.00","1,053.60","1,129.05","1,116.56"
2026-04-07,104,IGI,27.16,437.0,448.0,432.0,434.5,434.5,0.0,0.0,438.31,26514.0,435.0,11621445.4,117,-0.5,16.0,-0.11,3.7,-0.88,600.00,392.00,431.68,468.10
2026-04-07,105,IHL,24.37,488.0,497.0,469.4,471.8,471.8,0.0,0.0,475.62,3446.0,478.9,1638974.3,54,-7.1,27.6,-1.48,5.88,-0.81,705.00,452.00,541.55,548.22
2026-04-07,106,ILBS,25.32,998.0,1000.0,955.0,973.0,973.0,0.0,0.0,979.72,5155.0,987.0,5050450.7,69,-14.0,45.0,-1.42,4.71,-0.69,"1,311.00",795.20,"1,051.53","1,045.79"
2026-04-07,107,ILI,24.19,448.0,449.9,437.0,440.0,440.0,0.0,0.0,442.83,13093.0,445.0,5798025.2,269,-5.0,12.9,-1.12,2.95,-0.64,500.00,405.00,449.36,451.40
2026-04-07,108,JBBL,23.41,355.9,374.0,355.0,356.0,356.0,0.0,0.0,360.46,57825.0,362.0,20843805.2,228,-6.0,19.0,-1.66,5.35,-1.25,413.00,295.00,333.93,337.35
2026-04-07,109,JBLB,26.13,1285.0,1331.0,1285.0,1295.0,1295.0,0.0,0.0,1311.28,6572.0,1307.0,8617717.1,182,-12.0,46.0,-0.92,3.58,-1.26,"1,644.00","1,248.00","1,396.04","1,403.33"
2026-04-07,110,JFL,24.74,426.0,437.0,419.0,419.0,419.0,0.0,0.0,424.37,8712.0,426.0,3697109.4,72,-7.0,18.0,-1.64,4.3,-1.28,558.00,395.00,433.40,451.06
2026-04-07,111,JHAPA,31.81,1315.0,1339.7,1285.0,1285.0,1285.0,0.0,0.0,1306.41,13566.0,1338.0,17722803.6,150,-53.0,54.7,-3.96,4.26,-1.67,"1,749.00",293.40,0.00,0.00
2026-04-07,112,JOSHI,24.2,292.0,293.0,284.0,284.0,284.0,0.0,0.0,288.27,32938.0,288.0,9495147.3,210,-4.0,9.0,-1.39,3.17,-1.5,487.00,254.00,304.00,315.91
2026-04-07,113,JSLBB,28.99,1162.8,1162.8,1108.6,1125.0,1125.0,0.0,0.0,1126.89,1509.0,1140.0,1700473.6,26,-15.0,54.2,-1.32,4.89,-0.17,"1,504.00","1,059.00","1,175.57","1,225.25"
2026-04-07,114,KBL,24.53,225.0,227.0,219.0,222.0,222.0,0.0,0.0,222.89,662425.0,222.0,147648383.3,1719,0.0,8.0,0.0,3.65,-0.4,256.00,175.50,191.64,197.75
2026-04-07,115,KBLD86,33.77,1280.0,1280.0,1280.0,1280.0,1280.0,0.0,0.0,1280.0,500.0,1280.0,640000.0,2,0.0,0.0,0.0,0.0,0.0,"1,283.00","1,096.30","1,129.17","1,080.28"
2026-04-07,116,KBLPO,30.45,100.0,100.0,100.0,100.0,100.0,0.0,0.0,100.0,3666.0,100.0,366600.0,1,0.0,0.0,0.0,0.0,0.0,115.00,100.00,108.19,115.85
2026-04-07,117,KBSH,22.55,1660.0,1662.0,1658.0,1662.0,1662.0,0.0,0.0,1659.83,71.0,1644.0,117848.0,6,18.0,4.0,1.09,0.24,0.13,"2,280.00","1,602.40","1,741.78","1,807.80"
2026-04-07,118,KDBY,33.05,10.41,10.99,10.41,10.98,10.98,0.0,0.0,10.72,47500.0,10.45,509273.0,62,0.53,0.58,5.07,5.57,2.35,10.99,8.67,9.65,9.74
2026-04-07,119,KDL,26.72,843.0,870.0,843.0,859.0,859.0,0.0,0.0,855.27,3030.0,837.0,2591472.7,77,22.0,27.0,2.63,3.2,0.43,"1,212.00",770.00,889.67,962.43
2026-04-07,120,KEF,37.58,10.05,10.2,10.05,10.09,10.09,0.0,0.0,10.09,114210.0,10.05,1152160.0,55,0.04,0.15,0.4,1.49,0.02,10.42,8.31,9.28,9.36
2026-04-07,121,KKHC,30.5,264.0,272.0,261.0,262.0,262.0,0.0,0.0,265.56,104872.0,260.0,27849420.5,490,2.0,11.0,0.77,4.21,-1.36,475.90,208.00,250.63,272.32
2026-04-07,122,KMCDB,25.91,913.0,918.0,893.1,904.0,904.0,0.0,0.0,901.75,4434.0,900.0,3998344.2,57,4.0,24.9,0.44,2.79,0.25,"1,223.00",861.00,993.15,"1,017.01"
2026-04-07,123,KPCL,22.62,508.0,510.0,495.0,496.1,496.1,0.0,0.0,501.41,24304.0,499.0,12186193.9,162,-2.9,15.0,-0.58,3.03,-1.07,711.00,478.10,548.10,558.71
2026-04-07,124,KSBBL,29.05,498.0,498.8,477.0,482.0,482.0,0.0,0.0,484.87,105054.0,492.0,50937824.4,286,-10.0,21.8,-2.03,4.57,-0.6,588.00,404.10,454.17,470.18
2026-04-07,125,KSY,22.16,9.4,9.44,9.4,9.44,9.44,0.0,0.0,9.41,2150.0,9.59,20236.0,8,-0.15,0.04,-1.56,0.43,0.3,10.51,8.21,9.16,9.29
2026-04-07,126,LBBL,33.0,494.9,494.9,479.0,484.8,484.8,0.0,0.0,483.82,64440.0,487.0,31177122.8,227,-2.2,15.9,-0.45,3.32,0.2,646.30,376.50,479.81,489.50
2026-04-07,127,LBLD88,27.28,1100.0,1100.0,1100.0,1100.0,1100.0,0.0,0.0,1100.0,25.0,1095.0,27500.0,1,5.0,0.0,0.46,0.0,0.0,"1,166.00","1,031.00","1,019.35",947.10
2026-04-07,128,LEC,24.5,237.7,240.0,228.7,232.0,232.0,0.0,0.0,233.53,275062.0,235.0,64236560.8,780,-3.0,11.3,-1.28,4.94,-0.66,276.00,180.00,211.25,216.60
2026-04-07,129,LICN,22.52,836.9,838.0,820.0,822.0,822.0,0.0,0.0,821.94,10326.0,825.0,8487366.0,87,-3.0,18.0,-0.36,2.2,0.01,"1,015.00",773.00,860.64,871.75
2026-04-07,130,LLBS,22.49,978.0,978.0,960.0,971.0,971.0,0.0,0.0,968.35,549.0,978.0,531624.0,14,-7.0,18.0,-0.72,1.88,0.27,"1,300.50",865.00,976.85,"1,015.11"
2026-04-07,131,LSL,24.17,219.9,220.8,213.0,215.4,215.4,0.0,0.0,215.02,98347.0,217.0,21146169.1,324,-1.6,7.8,-0.74,3.66,0.18,252.00,201.00,220.63,223.56
2026-04-07,132,LUK,35.43,9.65,9.75,9.53,9.7,9.7,0.0,0.0,9.66,3090.0,9.84,29862.0,9,-0.14,0.22,-1.42,2.31,0.37,11.97,8.97,9.55,9.84
2026-04-07,133,LVF2,26.0,9.42,9.6,9.42,9.6,9.6,0.0,0.0,9.53,2100.0,9.6,20006.0,10,0.0,0.18,0.0,1.91,0.76,11.45,8.76,9.39,9.58
2026-04-07,134,MABEL,25.58,680.2,692.0,666.5,668.8,668.8,0.0,0.0,673.1,11520.0,680.0,7754147.4,192,-11.2,25.5,-1.65,3.83,-0.64,927.00,317.70,0.00,0.00
2026-04-07,135,MAKAR,24.93,510.0,515.0,495.3,495.3,495.3,0.0,0.0,503.66,4567.0,509.0,2300235.1,37,-13.7,19.7,-2.69,3.98,-1.69,802.00,455.00,553.51,575.43
2026-04-07,136,MANDU,24.71,808.0,833.9,808.0,822.0,822.0,0.0,0.0,817.35,1468.0,817.6,1199876.3,41,4.4,25.9,0.54,3.21,0.57,970.00,766.50,813.35,836.34
2026-04-07,137,MATRI,24.47,968.0,968.0,940.0,958.9,958.9,0.0,0.0,943.81,886.0,950.0,836219.1,21,8.9,28.0,0.94,2.98,1.57,"1,347.00",904.00,978.35,"1,039.70"
2026-04-07,138,MBJC,24.3,289.0,299.9,285.0,291.0,291.0,0.0,0.0,291.17,40708.0,289.0,11852982.1,325,2.0,14.9,0.69,5.23,-0.06,371.00,270.00,290.02,299.84
2026-04-07,139,MBL,25.39,245.0,254.0,244.7,248.9,248.9,0.0,0.0,249.02,161739.0,250.0,40276722.6,413,-1.1,9.3,-0.44,3.8,-0.05,284.00,205.00,227.54,232.59
2026-04-07,140,MBLEF,18.71,10.2,10.48,10.05,10.2,10.2,0.0,0.0,10.19,2050.0,10.4,20887.0,15,-0.2,0.43,-1.92,4.28,0.11,10.80,8.59,9.55,9.41
2026-04-07,141,MCHL,23.37,387.0,388.5,373.1,380.0,380.0,0.0,0.0,381.62,2535.0,380.0,967398.6,46,0.0,15.4,0.0,4.13,-0.43,641.00,355.50,455.65,482.82
2026-04-07,142,MDB,33.17,606.0,620.0,600.0,603.0,603.0,0.0,0.0,605.69,24406.0,617.0,14782579.5,133,-14.0,20.0,-2.27,3.33,-0.45,729.70,530.50,603.68,611.24
2026-04-07,143,MEHL,25.43,436.5,436.5,416.0,423.0,423.0,0.0,0.0,420.46,17358.0,428.0,7298310.2,133,-5.0,20.5,-1.17,4.93,0.6,560.00,372.40,437.95,439.10
2026-04-07,144,MEL,24.04,282.0,287.0,269.1,277.0,277.0,0.0,0.0,275.78,16244.0,276.5,4479728.0,192,0.5,17.9,0.18,6.65,0.44,350.00,255.00,283.78,292.64
2026-04-07,145,MEN,27.06,593.9,595.9,583.2,584.0,584.0,0.0,0.0,587.25,82452.0,585.1,48419742.0,354,-1.1,12.7,-0.19,2.18,-0.56,683.40,535.00,602.02,609.58
2026-04-07,146,MERO,22.64,757.8,757.8,732.1,739.8,739.8,0.0,0.0,739.83,3868.0,743.0,2861666.8,79,-3.2,25.7,-0.43,3.51,0.0,"1,000.00",668.00,758.34,781.67
2026-04-07,147,MFIL,37.8,802.0,821.0,802.0,820.0,820.0,0.0,0.0,812.94,80207.0,818.0,65203112.1,318,2.0,19.0,0.24,2.37,0.86,938.00,545.00,713.84,692.11
2026-04-07,148,MHCL,41.46,367.2,369.0,357.0,360.2,360.2,0.0,0.0,362.23,13432.0,360.0,4865407.3,115,0.2,12.0,0.06,3.36,-0.56,543.90,325.00,391.24,411.37
2026-04-07,149,MHL,24.16,509.2,521.2,505.1,509.9,509.9,0.0,0.0,512.27,14763.0,509.2,7562635.8,124,0.7,16.1,0.14,3.19,-0.46,725.00,445.00,501.77,525.67
2026-04-07,150,MHNL,24.33,275.0,280.0,268.3,274.9,274.9,0.0,0.0,273.2,29668.0,273.5,8105301.1,138,1.4,11.7,0.51,4.36,0.62,324.00,226.00,259.88,263.74
2026-04-07,151,MKCL,24.04,1346.0,1364.0,1346.0,1351.0,1351.0,0.0,0.0,1352.27,1730.0,1364.0,2339428.0,39,-13.0,18.0,-0.95,1.34,-0.09,"1,900.00","1,318.00","1,409.57","1,464.80"
2026-04-07,152,MKHC,23.92,336.0,336.0,325.2,325.4,325.4,0.0,0.0,328.37,21496.0,332.5,7058642.3,160,-7.1,10.8,-2.14,3.32,-0.91,537.50,310.70,361.25,386.62
2026-04-07,153,MKHL,38.38,744.0,773.0,705.0,773.0,773.0,0.0,0.0,727.88,11654.0,759.0,8482722.8,155,14.0,68.0,1.84,9.65,5.84,"1,027.00",652.00,791.30,800.50
2026-04-07,154,MKJC,29.33,518.9,519.0,496.1,506.0,506.0,0.0,0.0,505.83,15425.0,511.7,7802479.5,133,-5.7,22.9,-1.11,4.62,0.03,635.00,475.50,542.03,544.73
2026-04-07,155,MLBBL,24.82,1280.0,1298.0,1265.0,1279.0,1279.0,0.0,0.0,1273.66,1923.0,1290.0,2449243.9,41,-11.0,33.0,-0.85,2.61,0.42,"1,690.00","1,240.50","1,419.29","1,456.45"
2026-04-07,156,MLBL,26.21,375.1,378.1,369.0,377.0,377.0,0.0,0.0,373.44,56188.0,374.7,20982811.6,254,2.3,9.1,0.61,2.47,0.94,468.60,348.90,378.37,385.91
2026-04-07,157,MLBS,28.94,1391.0,1428.0,1380.0,1428.0,1428.0,0.0,0.0,1402.42,866.0,1418.9,1214493.8,29,9.1,48.0,0.64,3.48,1.79,"1,900.00","1,366.00","1,489.40","1,530.12"
2026-04-07,158,MLBSL,24.3,1855.0,1855.0,1815.0,1840.0,1840.0,0.0,0.0,1826.21,952.0,1870.0,1738549.0,39,-30.0,40.0,-1.6,2.2,0.75,"2,435.50","1,765.00","1,971.56","2,055.72"
2026-04-07,159,MMF1,26.23,9.39,9.65,9.22,9.61,9.61,0.0,0.0,9.54,35716.0,9.58,340685.9,47,0.03,0.43,0.31,4.66,0.74,10.09,8.22,8.94,9.04
2026-04-07,160,MMKJL,26.82,547.0,547.0,527.0,528.0,528.0,0.0,0.0,531.12,5221.0,537.0,2772978.1,65,-9.0,20.0,-1.68,3.8,-0.59,722.00,525.00,594.15,591.11
2026-04-07,161,MNBBL,24.74,379.9,381.5,374.5,375.1,375.1,0.0,0.0,377.27,46124.0,377.0,17401375.6,330,-1.9,7.0,-0.5,1.87,-0.58,503.00,340.10,374.45,388.87
2026-04-07,162,MND84/85,35.73,1100.0,1100.0,1100.0,1100.0,1100.0,0.0,0.0,1100.0,100.0,1100.0,110000.0,1,0.0,0.0,0.0,0.0,0.0,"1,128.00","1,033.00","1,061.36",0.00
2026-04-07,163,MNMF1,33.77,10.0,10.4,10.0,10.0,10.0,0.0,0.0,10.26,544400.0,10.2,5587753.0,61,-0.2,0.4,-1.96,4.0,-2.64,10.40,8.53,9.25,9.27
2026-04-07,164,MPFL,23.68,624.0,630.0,613.7,620.0,620.0,0.0,0.0,621.22,18976.0,612.0,11788336.2,131,8.0,16.3,1.31,2.66,-0.2,744.00,491.00,599.66,604.04
2026-04-07,165,MSHL,24.77,749.0,760.0,745.0,750.0,750.0,0.0,0.0,749.18,1060.0,754.0,794130.0,21,-4.0,15.0,-0.53,2.01,0.11,979.00,728.00,857.64,869.42
2026-04-07,166,MSLB,24.87,1292.3,1392.0,1251.1,1289.0,1289.0,0.0,0.0,1276.32,1661.0,1267.0,2119968.6,60,22.0,140.9,1.74,11.26,0.98,"1,710.00","1,130.20","1,359.79","1,363.74"
2026-04-07,167,NABBC,22.22,1192.0,1232.0,1174.1,1200.0,1200.0,0.0,0.0,1204.01,9264.0,1169.0,11153977.4,176,31.0,57.9,2.65,4.93,-0.33,"1,917.00",662.00,"1,171.34","1,277.20"
2026-04-07,168,NABIL,24.83,523.9,525.9,518.0,520.0,520.0,0.0,0.0,520.92,48132.0,518.0,25072792.4,561,2.0,7.9,0.39,1.53,-0.18,562.00,471.00,507.40,510.80
2026-04-07,169,NABILD2089,50.44,1060.0,1080.0,1050.0,1080.0,1080.0,0.0,0.0,1076.62,575.0,1061.0,619056.7,6,19.0,30.0,1.79,2.86,0.31,"1,125.00","1,000.00",0.00,0.00
2026-04-07,170,NADEP,24.13,775.0,775.0,750.0,770.0,770.0,0.0,0.0,759.54,2009.0,775.0,1525913.2,39,-5.0,25.0,-0.65,3.33,1.36,"1,046.00",696.00,784.39,814.03
2026-04-07,171,NBF2,28.75,9.83,10.09,9.83,10.09,10.09,0.0,0.0,9.97,4300.0,10.0,42869.0,6,0.09,0.26,0.9,2.64,1.19,11.10,8.89,9.56,9.79
2026-04-07,172,NBF3,26.83,9.71,9.98,9.71,9.9,9.9,0.0,0.0,9.88,36188.0,9.9,357633.94,38,0.0,0.27,0.0,2.78,0.18,10.67,8.35,9.32,9.55
2026-04-07,173,NBL,28.07,270.0,276.4,266.4,270.6,270.6,0.0,0.0,273.21,236601.0,270.8,64640658.0,540,-0.2,10.0,-0.07,3.75,-0.96,313.00,225.40,248.58,255.68
2026-04-07,174,NBLD85,25.45,1054.0,1054.0,1050.0,1050.3,1050.3,0.0,0.0,1051.3,50.0,1075.0,52565.0,4,-24.7,4.0,-2.3,0.38,-0.1,"1,187.00","1,010.50","1,042.41","1,033.14"
2026-04-07,175,NESDO,27.59,1570.0,1570.0,1538.6,1570.0,1570.0,0.0,0.0,1559.27,2372.0,1548.4,3698584.2,17,21.6,31.4,1.39,2.04,0.68,"1,879.00","1,380.10","1,527.48","1,563.27"
2026-04-07,176,NFS,27.54,618.0,619.0,605.0,606.0,606.0,0.0,0.0,611.32,20018.0,610.0,12237392.6,173,-4.0,14.0,-0.66,2.31,-0.88,851.00,576.00,641.31,659.32
2026-04-07,177,NGPL,25.53,462.0,465.0,452.0,457.0,457.0,0.0,0.0,458.21,528717.0,460.1,242261299.5,992,-3.1,13.0,-0.67,2.88,-0.26,502.00,259.70,408.80,408.28
2026-04-07,178,NHDL,23.6,639.5,639.5,625.0,627.0,627.0,0.0,0.0,630.54,3308.0,634.3,2085810.0,51,-7.3,14.5,-1.15,2.32,-0.56,881.00,620.00,677.25,685.46
2026-04-07,179,NHPC,25.71,280.0,287.0,272.0,276.0,276.0,0.0,0.0,278.14,843664.0,276.1,234659983.4,2166,-0.1,15.0,-0.04,5.51,-0.78,328.70,178.60,213.81,214.03
2026-04-07,180,NIBD84,43.79,1060.0,1060.0,1060.0,1060.0,1060.0,0.0,0.0,1060.0,58.0,1053.0,61480.0,2,7.0,0.0,0.66,0.0,0.0,"1,130.00","1,013.10","1,048.27","1,043.16"
2026-04-07,181,NIBLGF,50.44,10.53,11.81,9.97,9.98,9.98,0.0,0.0,11.69,194618.0,10.74,2274948.72,33,-0.76,1.84,-7.08,18.46,-17.13,11.81,7.84,9.03,9.09
2026-04-07,182,NIBLSTF,24.66,9.2,9.38,9.2,9.3,9.3,0.0,0.0,9.28,7300.0,9.24,67737.5,12,0.06,0.18,0.65,1.96,0.22,10.85,7.85,8.80,8.78
2026-04-07,183,NIBSF2,48.61,10.12,11.13,9.7,9.81,9.81,0.0,0.0,10.6,171300.0,10.12,1815578.05,45,-0.31,1.43,-3.06,14.74,-8.04,11.13,8.06,8.83,8.83
2026-04-07,184,NICA,26.97,374.8,377.0,364.0,375.0,375.0,0.0,0.0,370.5,120597.0,373.5,44680664.0,423,1.5,13.0,0.4,3.57,1.2,428.40,304.50,333.66,344.65
2026-04-07,185,NICAD2091,42.11,1054.0,1060.0,1054.0,1060.0,1060.0,0.0,0.0,1057.0,50.0,1050.0,52850.0,2,10.0,6.0,0.95,0.57,0.28,"1,102.60","1,005.20",0.00,0.00
2026-04-07,186,NICBF,49.18,9.89,10.34,9.89,10.34,10.34,0.0,0.0,10.09,45200.0,9.96,455948.0,12,0.38,0.45,3.82,4.55,2.44,11.20,8.45,9.27,9.33
2026-04-07,187,NICFC,26.86,9.31,9.31,9.23,9.3,9.3,0.0,0.0,9.27,7450.0,9.31,69033.5,14,-0.01,0.08,-0.11,0.87,0.36,10.40,8.37,9.06,9.21
2026-04-07,188,NICGF2,20.28,9.4,9.58,9.35,9.43,9.43,0.0,0.0,9.41,1790.0,9.54,16843.2,9,-0.11,0.23,-1.15,2.46,0.22,9.99,8.33,9.02,8.99
2026-04-07,189,NICL,25.18,501.8,519.5,499.0,501.0,501.0,0.0,0.0,503.02,15177.0,501.8,7634317.9,107,-0.8,20.5,-0.16,4.11,-0.4,837.00,479.00,515.76,552.81
2026-04-07,190,NICLBSL,23.64,583.0,590.0,575.0,582.0,582.0,0.0,0.0,581.79,10679.0,582.0,6212956.0,169,0.0,15.0,0.0,2.61,0.04,764.00,535.00,569.72,596.11
2026-04-07,191,NICSF,22.95,9.13,9.32,9.13,9.32,9.32,0.0,0.0,9.25,1470.0,9.31,13596.1,6,0.01,0.19,0.11,2.08,0.76,9.99,8.04,8.89,9.02
2026-04-07,192,NIFRA,23.51,270.9,270.9,264.0,266.8,266.8,0.0,0.0,267.14,124067.0,268.8,33143180.0,788,-2.0,6.9,-0.74,2.61,-0.13,328.10,249.90,269.57,274.37
2026-04-07,193,NIFRAGED,45.93,1067.0,1109.1,1067.0,1109.1,1109.1,0.0,0.0,1109.61,194.0,1067.0,215265.3,4,42.1,42.1,3.95,3.95,-0.05,"1,137.20",948.00,"1,022.00",0.00
2026-04-07,194,NIL,25.09,640.0,640.0,615.6,622.0,622.0,0.0,0.0,621.48,8163.0,630.0,5073167.4,96,-8.0,24.4,-1.27,3.96,0.08,783.90,562.00,619.25,648.27
2026-04-07,195,NIMB,24.0,209.9,209.9,203.4,206.0,206.0,0.0,0.0,205.87,133819.0,207.0,27548956.1,568,-1.0,6.5,-0.48,3.2,0.06,247.00,184.20,198.47,205.15
2026-04-07,196,NIMBD90,42.48,1295.0,1295.0,1295.0,1295.0,1295.0,0.0,0.0,1295.0,475.0,1318.0,615125.0,3,-23.0,0.0,-1.75,0.0,0.0,"1,425.00","1,130.00","1,192.44","1,161.19"
2026-04-07,197,NIMBPO,22.33,161.0,166.4,156.8,156.8,156.8,0.0,0.0,158.32,3630.0,163.9,574691.0,17,-7.1,9.6,-4.33,6.12,-0.97,184.50,150.00,160.08,161.88
2026-04-07,198,NLG,25.32,632.0,635.0,617.5,624.0,624.0,0.0,0.0,625.74,15017.0,630.0,9396694.7,143,-6.0,17.5,-0.95,2.83,-0.28,976.20,610.00,694.67,736.47
2026-04-07,199,NLIC,23.64,777.9,784.9,770.0,774.0,774.0,0.0,0.0,775.59,22220.0,773.0,17233712.5,243,1.0,14.9,0.13,1.94,-0.21,890.00,702.00,789.79,788.07
2026-04-07,200,NLICL,23.74,599.0,602.0,587.1,588.0,588.0,0.0,0.0,591.26,12237.0,598.4,7235189.5,96,-10.4,14.9,-1.74,2.54,-0.55,691.00,539.00,597.90,603.41
2026-04-07,201,NLO,33.05,269.4,269.4,269.4,269.4,269.4,0.0,0.0,265.5,1.0,269.4,265.5,1,0.0,0.0,0.0,0.0,1.45,293.20,244.33,0.00,0.00
2026-04-07,202,NMB,23.42,246.0,249.0,242.1,242.2,242.2,0.0,0.0,245.64,35655.0,244.2,8758441.4,178,-2.0,6.9,-0.82,2.85,-1.42,283.00,231.00,243.80,247.22
2026-04-07,203,NMB50,29.84,10.5,10.5,10.36,10.36,10.36,0.0,0.0,10.42,36693.0,10.64,382346.88,12,-0.28,0.14,-2.63,1.35,-0.58,11.93,9.75,10.32,10.53
2026-04-07,204,NMBD87/88,26.22,1103.0,1103.0,1103.0,1103.0,1103.0,0.0,0.0,1103.0,23.0,1125.0,25369.0,1,-22.0,0.0,-1.96,0.0,0.0,"1,196.40","1,017.80","1,067.47","1,040.80"
2026-04-07,205,NMBHF2,19.44,9.83,10.0,9.64,9.81,9.81,0.0,0.0,9.77,1830.0,9.83,17880.3,14,-0.02,0.36,-0.2,3.73,0.4,10.20,8.16,9.26,9.15
2026-04-07,206,NMBMF,23.23,669.0,669.0,652.2,660.0,660.0,0.0,0.0,658.47,1560.0,669.0,1027220.0,29,-9.0,16.8,-1.35,2.58,0.23,835.00,596.00,680.71,694.84
2026-04-07,207,NMFBS,25.77,1140.0,1150.0,1122.1,1137.0,1137.0,0.0,0.0,1134.56,4308.0,1135.0,4887704.4,78,2.0,27.9,0.18,2.49,0.21,"1,504.00","1,086.00","1,215.62","1,249.34"
2026-04-07,208,NMIC,28.06,1187.0,1210.0,1153.5,1180.0,1180.0,0.0,0.0,1181.31,7662.0,1187.0,9051225.3,186,-7.0,56.5,-0.59,4.9,-0.11,"2,703.30",302.30,"1,287.74","1,377.54"
2026-04-07,209,NMLBBL,28.9,618.0,624.0,612.0,617.0,617.0,0.0,0.0,617.37,25722.0,618.0,15880101.1,132,-1.0,12.0,-0.16,1.96,-0.06,807.00,600.00,640.49,656.50
2026-04-07,210,NRIC,28.18,990.0,1031.0,990.0,1009.9,1009.9,0.0,0.0,1010.86,94913.0,990.0,95943337.7,998,19.9,41.0,2.01,4.14,-0.09,"1,842.00",950.00,"1,294.07","1,344.40"
2026-04-07,211,NRM,26.3,410.0,418.0,405.0,408.0,408.0,0.0,0.0,409.03,24932.0,410.0,10197866.1,222,-2.0,13.0,-0.49,3.21,-0.25,590.00,390.10,429.15,445.46
2026-04-07,212,NRN,26.92,1570.0,1578.0,1520.0,1548.0,1548.0,0.0,0.0,1544.74,139004.0,1566.9,214724836.6,1059,-18.9,58.0,-1.21,3.82,0.21,"2,444.00","1,327.00","1,650.86","1,829.75"
2026-04-07,213,NSIF2,23.81,10.5,10.86,10.5,10.86,10.86,0.0,0.0,10.82,29350.0,10.56,317470.5,8,0.3,0.36,2.84,3.43,0.4,11.93,9.75,10.39,10.61
2026-04-07,214,NSY,30.41,9.8,9.99,9.55,9.58,9.58,0.0,0.0,9.78,16300.0,9.66,159352.0,45,-0.08,0.44,-0.83,4.61,-2.05,10.19,9.24,0.00,0.00
2026-04-07,215,NTC,28.24,890.0,890.0,873.0,877.0,877.0,0.0,0.0,879.41,10567.0,877.0,9292745.3,185,0.0,17.0,0.0,1.95,-0.28,942.50,762.50,864.96,864.91
2026-04-07,216,NUBL,28.5,685.0,696.9,680.0,680.0,680.0,0.0,0.0,688.97,16816.0,681.0,11585651.2,131,-1.0,16.9,-0.15,2.49,-1.32,854.40,650.00,728.51,736.44
2026-04-07,217,NWCL,25.7,823.5,824.1,790.9,795.0,795.0,0.0,0.0,805.59,3741.0,808.0,3013709.0,81,-13.0,33.2,-1.61,4.2,-1.33,"1,045.00",740.20,842.50,863.02
2026-04-07,218,NYADI,24.06,417.0,423.9,406.0,406.1,406.1,0.0,0.0,412.05,11735.0,409.0,4835411.2,131,-2.9,17.9,-0.71,4.41,-1.47,644.50,354.00,402.06,415.52
2026-04-07,219,OHL,24.85,700.0,703.8,690.0,697.0,697.0,0.0,0.0,698.46,3776.0,689.0,2637386.0,35,8.0,13.8,1.16,2.0,-0.21,"1,049.50",633.10,712.08,768.26
2026-04-07,220,OMPL,27.22,1201.0,1246.5,1196.0,1210.0,1210.0,0.0,0.0,1215.12,4883.0,1224.5,5933449.9,132,-14.5,50.5,-1.18,4.22,-0.42,"2,167.20",270.00,"1,271.10","1,311.75"
2026-04-07,221,PBD84,34.01,1145.0,1145.0,1145.0,1145.0,1145.0,0.0,0.0,1145.0,100.0,1145.0,114500.0,1,0.0,0.0,0.0,0.0,0.0,"1,182.00","1,066.00","1,098.11",0.00
2026-04-07,222,PBD88,50.44,1244.0,1260.0,1235.0,1260.0,1260.0,0.0,0.0,1254.97,915.0,1224.0,1148295.0,10,36.0,25.0,2.94,2.02,0.4,"1,274.00","1,099.70","1,184.45","1,171.32"
2026-04-07,223,PBLD86,39.6,1211.0,1211.0,1211.0,1211.0,1211.0,0.0,0.0,1211.0,50.0,1193.68,60550.0,5,17.32,0.0,1.45,0.0,0.0,"1,211.00","1,100.20","1,043.21",0.00
2026-04-07,224,PCBL,26.72,242.7,246.0,241.0,243.0,243.0,0.0,0.0,242.94,114872.0,242.0,27906552.6,317,1.0,5.0,0.41,2.07,0.03,290.00,226.00,245.19,249.25
2026-04-07,225,PFL,24.9,393.0,394.0,385.0,387.0,387.0,0.0,0.0,388.66,17021.0,386.4,6615452.6,116,0.6,9.0,0.16,2.34,-0.43,475.50,352.80,383.15,393.86
2026-04-07,226,PHCL,24.58,312.0,317.0,305.3,307.1,307.1,0.0,0.0,310.93,127885.0,309.0,39763071.2,641,-1.9,11.7,-0.61,3.83,-1.25,649.00,249.70,313.90,375.07
2026-04-07,227,PMHPL,25.1,351.0,352.7,338.7,342.5,342.5,0.0,0.0,346.62,37029.0,345.0,12835023.2,176,-2.5,14.0,-0.72,4.13,-1.2,468.00,283.50,340.33,358.65
2026-04-07,228,PMLI,25.59,484.5,484.5,470.0,470.0,470.0,0.0,0.0,474.59,8582.0,475.0,4072931.9,187,-5.0,14.5,-1.05,3.09,-0.98,589.60,445.00,494.33,501.37
2026-04-07,229,PPCL,23.85,396.0,401.9,389.0,392.9,392.9,0.0,0.0,395.04,38961.0,395.2,15391052.0,154,-2.3,12.9,-0.58,3.32,-0.54,462.00,284.10,354.07,355.18
2026-04-07,230,PPL,25.56,366.0,371.0,359.0,360.0,360.0,0.0,0.0,363.96,71557.0,360.0,26043613.1,331,0.0,12.0,0.0,3.34,-1.1,538.20,263.20,347.07,359.79
2026-04-07,231,PRIN,24.67,738.0,739.0,725.0,727.0,727.0,0.0,0.0,729.26,9041.0,728.0,6593202.2,124,-1.0,14.0,-0.14,1.93,-0.31,960.30,630.00,699.08,744.01
2026-04-07,232,PROFL,24.73,457.9,466.9,445.0,447.0,447.0,0.0,0.0,451.88,10244.0,450.0,4629062.0,75,-3.0,21.9,-0.67,4.92,-1.09,589.20,421.40,467.40,481.11
2026-04-07,233,PRSF,27.71,11.73,11.96,11.73,11.87,11.87,0.0,0.0,11.82,1500.0,11.91,17725.0,7,-0.04,0.23,-0.34,1.96,0.45,12.30,9.85,10.86,10.99
2026-04-07,234,PRVU,24.36,201.1,211.0,201.1,205.6,205.6,0.0,0.0,206.82,217605.0,205.2,45004069.7,722,0.4,9.9,0.19,4.92,-0.59,250.90,179.90,194.77,202.01
2026-04-07,235,PSF,28.78,11.65,11.9,11.65,11.7,11.7,0.0,0.0,11.73,63700.0,11.85,747122.0,32,-0.15,0.25,-1.27,2.15,-0.25,12.40,9.91,10.81,10.96
2026-04-07,236,PURE,26.13,898.0,908.0,871.1,892.5,892.5,0.0,0.0,886.67,14149.0,898.0,12545519.1,166,-5.5,36.9,-0.61,4.24,0.65,"1,327.90",289.30,929.60,924.07
2026-04-07,237,RADHI,24.5,815.0,824.9,800.5,809.0,809.0,0.0,0.0,810.68,108105.0,809.5,87638713.1,455,-0.5,24.4,-0.06,3.05,-0.21,940.00,433.00,784.46,787.47
2026-04-07,238,RAWA,25.31,674.0,687.1,656.6,660.0,660.0,0.0,0.0,664.09,1665.0,673.9,1105712.0,35,-13.9,30.5,-2.06,4.65,-0.62,913.80,653.00,727.06,747.55
2026-04-07,239,RBBD2088,30.39,1060.0,1081.0,1059.5,1059.5,1059.5,0.0,0.0,1069.83,255.0,1045.0,272807.5,8,14.5,21.5,1.39,2.03,-0.98,"1,100.00",967.60,0.00,0.00
2026-04-07,240,RBBF40,21.16,9.41,9.5,9.4,9.4,9.4,0.0,0.0,9.45,1100.0,9.5,10394.0,10,-0.1,0.1,-1.05,1.06,-0.52,10.20,8.98,0.00,0.00
2026-04-07,241,RBCL,28.39,15199.0,15200.0,15001.0,15200.0,15200.0,0.0,0.0,15100.69,466.0,15100.0,7036921.0,23,100.0,199.0,0.66,1.33,0.65,"16,900.00","14,350.00","15,070.74","15,136.60"
2026-04-07,242,RBCLPO,21.54,11970.0,11970.0,11965.0,11965.0,11965.0,0.0,0.0,11967.5,20.0,12206.5,239350.0,2,-241.5,5.0,-1.98,0.04,-0.02,"13,530.00","11,100.00","12,192.01","12,149.38"
2026-04-07,243,RFPL,27.58,385.0,394.0,376.0,389.0,389.0,0.0,0.0,386.38,145982.0,380.9,56404603.6,535,8.1,18.0,2.13,4.79,0.67,785.00,306.00,377.44,434.14
2026-04-07,244,RHGCL,24.49,306.0,307.0,291.0,293.3,293.3,0.0,0.0,298.54,67557.0,300.0,20168643.4,303,-6.7,16.0,-2.23,5.5,-1.79,601.00,217.20,269.69,290.24
2026-04-07,245,RHPL,23.85,290.0,292.9,285.0,287.0,287.0,0.0,0.0,287.1,37867.0,285.0,10871732.7,190,2.0,7.9,0.7,2.77,-0.04,457.00,252.30,281.09,301.82
2026-04-07,246,RIDI,24.49,350.0,356.0,338.0,343.0,343.0,0.0,0.0,345.96,537721.0,347.6,186031222.9,1341,-4.6,18.0,-1.32,5.33,-0.86,393.00,203.50,259.60,259.63
2026-04-07,247,RLEL,33.31,596.1,642.9,596.1,642.9,642.9,0.0,0.0,640.65,510.0,584.5,326730.0,51,58.4,46.8,9.99,7.85,0.35,642.90,300.00,0.00,0.00
2026-04-07,248,RLFL,24.21,455.9,455.9,436.0,437.0,437.0,0.0,0.0,445.19,14601.0,447.0,6500206.7,124,-10.0,19.9,-2.24,4.56,-1.87,558.00,398.00,443.85,458.71
2026-04-07,249,RMF1,29.3,9.63,9.75,9.5,9.55,9.55,0.0,0.0,9.61,64110.0,9.63,616084.9,32,-0.08,0.25,-0.83,2.63,-0.63,11.40,8.65,9.35,9.54
2026-04-07,250,RMF2,30.8,10.1,10.31,10.1,10.15,10.15,0.0,0.0,10.3,12600.0,10.3,129769.0,8,-0.15,0.21,-1.46,2.08,-1.47,10.58,8.78,9.49,9.65
2026-04-07,251,RNLI,27.81,465.0,469.9,463.0,465.0,465.0,0.0,0.0,465.19,50597.0,465.0,23537202.0,396,0.0,6.9,0.0,1.49,-0.04,561.00,416.00,472.43,472.54
2026-04-07,252,RSDC,23.67,706.7,706.7,685.0,685.0,685.0,0.0,0.0,691.34,12369.0,693.0,8551206.0,72,-8.0,21.7,-1.15,3.17,-0.93,880.00,578.70,652.04,670.40
2026-04-07,253,RSML,35.27,3509.0,3650.0,3440.0,3545.0,3545.0,0.0,0.0,3539.14,68424.0,3509.0,242162426.7,2319,36.0,210.0,1.03,6.1,0.17,"3,922.60",300.00,0.00,0.00
2026-04-07,254,RSY,25.8,10.0,10.4,10.0,10.22,10.22,0.0,0.0,10.27,8020.0,10.2,82361.0,27,0.02,0.4,0.2,4.0,-0.48,10.70,8.58,9.49,0.00
2026-04-07,255,RURU,24.87,658.1,667.0,645.0,648.0,648.0,0.0,0.0,653.42,7375.0,654.0,4818981.4,87,-6.0,22.0,-0.92,3.41,-0.84,853.00,631.00,702.51,714.52
2026-04-07,256,SABBL,26.98,1446.0,1503.0,1446.0,1451.0,1451.0,0.0,0.0,1469.54,19375.0,1475.0,28472372.6,744,-24.0,57.0,-1.63,3.94,-1.28,"2,000.00",300.00,0.00,0.00
2026-04-07,257,SADBL,22.91,431.0,431.0,417.0,420.3,420.3,0.0,0.0,423.15,23359.0,424.5,9884398.2,151,-4.2,14.0,-0.99,3.36,-0.68,526.50,376.00,410.44,418.80
2026-04-07,258,SAGAR,29.03,1820.1,1853.0,1800.0,1810.0,1810.0,0.0,0.0,1821.92,22486.0,1820.0,40967764.4,248,-10.0,53.0,-0.55,2.94,-0.66,"2,439.00",319.50,0.00,0.00
2026-04-07,259,SAGF,24.79,9.91,10.3,9.91,10.12,10.12,0.0,0.0,10.1,7315.0,10.1,73877.5,14,0.02,0.39,0.2,3.94,0.2,11.31,8.79,9.69,9.85
2026-04-07,260,SAHAS,28.62,620.0,625.0,613.0,614.0,614.0,0.0,0.0,619.09,92888.0,615.5,57505969.2,625,-1.5,12.0,-0.24,1.96,-0.83,705.00,494.80,594.08,605.00
2026-04-07,261,SAIL,23.8,1221.9,1246.0,1170.0,1185.0,1185.0,0.0,0.0,1198.6,24296.0,1198.0,29121080.2,485,-13.0,76.0,-1.09,6.5,-1.15,"1,690.00",301.70,0.00,0.00
2026-04-07,262,SALICO,22.59,625.0,625.0,605.0,613.0,613.0,0.0,0.0,611.84,2233.0,614.0,1366247.5,38,-1.0,20.0,-0.16,3.31,0.19,765.90,570.10,604.83,635.71
2026-04-07,263,SANIMA,24.74,352.4,352.4,343.1,346.2,346.2,0.0,0.0,347.2,63115.0,345.5,21913413.3,212,0.7,9.3,0.2,2.71,-0.29,391.00,295.00,327.99,336.98
2026-04-07,264,SANVI,25.3,706.0,733.0,698.0,704.1,704.1,0.0,0.0,710.62,23142.0,708.9,16445252.9,273,-4.8,35.0,-0.68,5.01,-0.93,"1,060.00",359.00,719.56,0.00
2026-04-07,265,SAPDBL,23.37,880.0,880.0,848.0,866.9,866.9,0.0,0.0,857.25,20680.0,866.0,17727871.9,230,0.9,32.0,0.1,3.77,1.11,"1,284.00",686.00,840.34,878.26
2026-04-07,266,SARBTM,23.78,860.0,869.0,845.0,852.0,852.0,0.0,0.0,857.09,14201.0,855.0,12171530.8,142,-3.0,24.0,-0.35,2.84,-0.6,"1,048.00",770.00,878.70,884.57
2026-04-07,267,SBCF,20.66,9.45,9.78,9.45,9.59,9.59,0.0,0.0,9.54,2310.0,9.6,22043.8,6,-0.01,0.33,-0.1,3.49,0.49,12.03,8.82,9.28,9.49
2026-04-07,268,SBD87,28.73,1075.1,1075.1,1075.1,1075.1,1075.1,0.0,0.0,1075.1,25.0,1095.0,26877.5,1,-19.9,0.0,-1.82,0.0,0.0,"1,139.00","1,019.50","1,069.01","1,054.14"
2026-04-07,269,SBI,30.08,405.9,405.9,398.0,405.6,405.6,0.0,0.0,403.82,89132.0,400.0,35993181.8,156,5.6,7.9,1.4,1.98,0.44,452.00,363.00,402.17,403.99
2026-04-07,270,SBID2090,38.67,1040.1,1059.0,1040.1,1059.0,1059.0,0.0,0.0,1049.55,50.0,1038.4,52477.5,2,20.6,18.9,1.98,1.82,0.89,"1,107.00","1,000.00",0.00,0.00
2026-04-07,271,SBL,25.83,392.9,396.0,388.0,395.0,395.0,0.0,0.0,390.9,95227.0,389.6,37223955.7,277,5.4,8.0,1.39,2.06,1.04,424.00,261.00,369.41,365.12
2026-04-07,272,SBLD2091,29.2,1058.1,1058.1,1058.1,1058.1,1058.1,0.0,0.0,1058.1,25.0,1056.0,26452.5,1,2.1,0.0,0.2,0.0,0.0,"1,150.00",825.35,0.00,0.00
2026-04-07,273,SBLD89,37.74,1251.0,1251.0,1251.0,1251.0,1251.0,0.0,0.0,1251.0,25.0,1240.7,31275.0,1,10.3,0.0,0.83,0.0,0.0,"1,450.00","1,205.00","1,175.27",0.00
2026-04-07,274,SCB,24.87,642.3,653.8,642.1,648.0,648.0,0.0,0.0,646.53,11479.0,642.0,7421534.5,143,6.0,11.7,0.93,1.82,0.23,712.60,594.90,639.30,639.22
2026-04-07,275,SEF,21.58,9.9,9.9,9.77,9.9,9.9,0.0,0.0,9.83,10400.0,9.85,102211.35,7,0.05,0.13,0.51,1.33,0.73,11.53,8.60,9.52,9.78
2026-04-07,276,SFCL,23.74,398.0,400.0,392.0,393.0,393.0,0.0,0.0,395.94,9220.0,397.9,3650589.7,71,-4.9,8.0,-1.23,2.04,-0.75,565.00,359.40,398.85,427.18
2026-04-07,277,SGHC,41.64,408.0,443.3,386.3,443.3,443.3,0.0,0.0,406.02,104391.0,403.0,42385278.0,378,40.3,57.0,10.0,14.76,8.41,539.00,296.00,387.44,393.24
2026-04-07,278,SGIC,24.45,490.8,491.9,481.1,486.0,486.0,0.0,0.0,487.53,14411.0,484.0,7025769.3,124,2.0,10.8,0.41,2.24,-0.31,632.00,439.00,482.74,511.70
2026-04-07,279,SHEL,24.41,316.9,321.0,311.1,314.0,314.0,0.0,0.0,315.28,249367.0,314.0,78619321.1,844,0.0,9.9,0.0,3.18,-0.41,361.00,243.00,295.10,297.71
2026-04-07,280,SHINE,24.26,412.0,414.6,403.3,407.0,407.0,0.0,0.0,408.2,30182.0,410.0,12320227.2,182,-3.0,11.3,-0.73,2.8,-0.29,499.00,382.00,408.55,414.35
2026-04-07,281,SHINED,30.73,1115.0,1120.0,1115.0,1120.0,1120.0,0.0,0.0,1117.5,50.0,1130.0,55875.0,2,-10.0,5.0,-0.88,0.45,0.22,"1,200.00","1,000.00",0.00,0.00
2026-04-07,282,SHIVM,26.21,675.0,679.0,661.0,665.3,665.3,0.0,0.0,668.95,323631.0,666.0,216493978.0,1105,-0.7,18.0,-0.11,2.72,-0.55,730.00,495.00,612.38,601.44
2026-04-07,283,SHL,27.43,491.0,500.0,480.0,493.9,493.9,0.0,0.0,490.9,60466.0,491.0,29682568.8,200,2.9,20.0,0.59,4.17,0.61,619.00,464.00,505.95,527.02
2026-04-07,284,SHLB,26.93,1525.1,1540.0,1525.0,1526.1,1526.1,0.0,0.0,1531.96,755.0,1555.0,1156628.0,29,-28.9,15.0,-1.86,0.98,-0.38,"2,215.00","1,488.00","1,698.35","1,780.86"
2026-04-07,285,SHPC,24.29,528.0,535.8,515.0,516.2,516.2,0.0,0.0,522.87,67923.0,527.0,35514997.2,310,-10.8,20.8,-2.05,4.04,-1.29,684.90,461.00,529.38,552.12
2026-04-07,286,SICL,25.93,630.0,638.0,624.0,630.0,630.0,0.0,0.0,629.5,11682.0,634.0,7353851.2,118,-4.0,14.0,-0.63,2.24,0.08,876.90,588.80,639.74,679.16
2026-04-07,287,SIFC,29.53,562.0,562.0,535.0,556.0,556.0,0.0,0.0,548.48,21802.0,560.0,11957934.8,100,-4.0,27.0,-0.71,5.05,1.35,687.40,459.00,537.96,535.99
2026-04-07,288,SIGS2,30.24,10.21,10.21,10.21,10.21,10.21,0.0,0.0,10.21,500.0,10.4,5105.0,1,-0.19,0.0,-1.83,0.0,0.0,11.70,8.90,9.65,9.91
2026-04-07,289,SIGS3,25.5,10.1,10.25,10.1,10.25,10.25,0.0,0.0,10.23,3050.0,10.2,31189.5,7,0.05,0.15,0.49,1.49,0.23,11.46,8.50,9.78,9.99
2026-04-07,290,SIKLES,22.78,595.8,614.8,595.8,603.0,603.0,0.0,0.0,607.9,14657.0,604.0,8910019.4,150,-1.0,19.0,-0.17,3.19,-0.81,"1,177.00",540.00,627.96,720.57
2026-04-07,291,SINDU,23.56,750.0,769.8,740.0,740.0,740.0,0.0,0.0,751.94,14696.0,748.1,11050541.1,178,-8.1,29.8,-1.08,4.03,-1.61,"1,247.00",608.00,746.12,765.36
2026-04-07,292,SJCL,27.31,313.6,324.0,312.9,313.9,313.9,0.0,0.0,316.19,56392.0,320.0,17830656.0,169,-6.1,11.1,-1.91,3.55,-0.73,365.00,267.00,296.30,303.52
2026-04-07,293,SJLIC,27.47,439.0,449.8,437.0,443.0,443.0,0.0,0.0,442.35,20848.0,443.0,9222118.1,205,0.0,12.8,0.0,2.93,0.15,489.90,390.00,445.09,444.07
2026-04-07,294,SKBBL,25.85,783.0,783.0,765.4,768.9,768.9,0.0,0.0,773.14,11545.0,769.0,8925942.8,154,-0.1,17.6,-0.01,2.3,-0.55,999.00,750.00,822.46,838.58
2026-04-07,295,SKHEL,33.77,564.6,608.9,564.6,608.9,608.9,0.0,0.0,605.88,360.0,553.6,218115.0,36,55.3,44.3,9.99,7.85,0.5,608.90,284.30,0.00,0.00
2026-04-07,296,SKHL,33.77,721.1,777.8,721.1,777.8,777.8,0.0,0.0,776.7,2810.0,707.1,2182525.0,247,70.7,56.7,10.0,7.86,0.14,777.80,300.00,0.00,0.00
2026-04-07,297,SLBBL,23.72,820.5,835.9,820.5,821.2,821.2,0.0,0.0,824.09,4905.0,828.0,4042139.0,104,-6.8,15.4,-0.82,1.88,-0.35,"1,155.00",780.00,863.72,897.71
2026-04-07,298,SLBSL,23.22,1365.0,1365.0,1320.0,1321.0,1321.0,0.0,0.0,1324.77,858.0,1344.0,1136651.4,26,-23.0,45.0,-1.71,3.41,-0.29,"1,938.00","1,234.50","1,348.12","1,396.02"
2026-04-07,299,SLCF,20.21,9.62,9.9,9.62,9.9,9.9,0.0,0.0,9.79,1400.0,9.81,13708.0,6,0.09,0.28,0.92,2.91,1.1,11.99,8.60,9.40,9.69
2026-04-07,300,SMATA,24.36,795.0,796.0,780.1,783.0,783.0,0.0,0.0,789.39,6177.0,788.0,4876033.7,93,-5.0,15.9,-0.63,2.04,-0.82,"1,382.00",734.10,822.11,858.47
2026-04-07,301,SMB,23.5,1817.0,1839.9,1800.0,1800.0,1800.0,0.0,0.0,1807.28,555.0,1840.0,1003039.3,22,-40.0,39.9,-2.17,2.22,-0.4,"2,600.00","1,710.10","2,001.88","2,087.92"
2026-04-07,302,SMFBS,27.77,1699.9,1700.0,1680.1,1683.1,1683.1,0.0,0.0,1689.73,2055.0,1698.9,3472397.1,31,-15.8,19.9,-0.93,1.18,-0.39,"2,026.00","1,490.00","1,679.23","1,709.69"
2026-04-07,303,SMH,22.37,615.0,620.0,604.0,604.0,604.0,0.0,0.0,611.35,7703.0,611.0,4709194.2,99,-7.0,16.0,-1.15,2.65,-1.22,"1,024.80",583.00,746.03,787.40
2026-04-07,304,SMHL,22.74,510.0,514.0,493.1,493.1,493.1,0.0,0.0,503.22,75285.0,505.0,37884575.0,466,-11.9,20.9,-2.36,4.24,-2.05,"1,230.00",443.00,649.57,769.82
2026-04-07,305,SMJC,26.81,490.9,490.9,472.6,480.0,480.0,0.0,0.0,479.94,34298.0,482.0,16460994.6,224,-2.0,18.3,-0.41,3.87,0.01,679.30,461.00,500.73,521.64
2026-04-07,306,SMPDA,22.8,880.0,880.0,855.1,860.0,860.0,0.0,0.0,862.53,1825.0,864.0,1574113.9,48,-4.0,24.9,-0.46,2.91,-0.29,"1,155.00",838.00,895.59,922.47
2026-04-07,307,SNLI,25.25,469.0,469.2,455.0,458.0,458.0,0.0,0.0,458.08,17691.0,460.0,8103970.2,379,-2.0,14.2,-0.43,3.12,-0.02,660.00,411.60,473.97,476.72
2026-04-07,308,SOHL,28.82,622.0,634.1,609.6,622.0,622.0,0.0,0.0,620.32,77730.0,622.0,48217514.9,4868,0.0,24.5,0.0,4.02,0.27,777.80,300.00,0.00,0.00
2026-04-07,309,SONA,24.1,448.0,450.0,435.0,435.2,435.2,0.0,0.0,440.99,46921.0,442.2,20691791.4,430,-7.0,15.0,-1.58,3.45,-1.33,523.30,398.00,432.63,442.28
2026-04-07,310,SPC,24.16,475.2,490.0,475.2,480.0,480.0,0.0,0.0,481.26,7791.0,477.0,3749472.6,65,3.0,14.8,0.63,3.11,-0.26,591.00,441.00,499.58,508.51
2026-04-07,311,SPDL,23.15,420.0,422.0,406.7,409.0,409.0,0.0,0.0,411.6,76335.0,418.9,31419753.6,233,-9.9,15.3,-2.36,3.76,-0.64,474.00,315.00,410.77,411.39
2026-04-07,312,SPHL,25.3,517.0,535.5,517.0,518.0,518.0,0.0,0.0,525.89,6483.0,525.0,3409336.6,58,-7.0,18.5,-1.33,3.58,-1.52,826.00,477.10,544.78,576.72
2026-04-07,313,SPIL,24.48,711.0,717.0,696.8,704.9,704.9,0.0,0.0,704.32,4895.0,711.0,3447664.5,68,-6.1,20.2,-0.86,2.9,0.08,894.50,625.00,711.59,747.40
2026-04-07,314,SPL,23.56,717.0,722.9,700.0,705.9,705.9,0.0,0.0,714.95,5188.0,705.0,3709152.7,60,0.9,22.9,0.13,3.27,-1.28,"1,035.00",670.40,855.93,866.62
2026-04-07,315,SRLI,25.02,393.0,397.9,390.0,392.0,392.0,0.0,0.0,392.55,29784.0,392.9,11691634.0,281,-0.9,7.9,-0.23,2.03,-0.14,451.10,363.90,396.12,399.87
2026-04-07,316,SRLIP,36.42,215.0,215.0,215.0,215.0,215.0,0.0,0.0,215.0,43486.0,218.0,9349490.0,1,-3.0,0.0,-1.38,0.0,0.0,223.00,200.00,0.00,0.00
2026-04-07,317,SSHL,27.03,222.0,229.0,220.0,222.1,222.1,0.0,0.0,223.53,665457.0,218.0,148749968.7,1920,4.1,9.0,1.88,4.09,-0.64,313.80,151.00,181.84,199.02
2026-04-07,318,STC,32.78,5574.3,5768.0,5574.3,5651.0,5651.0,0.0,0.0,5662.82,2751.0,5688.0,15578415.6,41,-37.0,193.7,-0.65,3.47,-0.21,"6,335.90","4,832.00","5,511.22","5,421.28"
2026-04-07,319,SWASTIK,27.58,2645.0,2645.0,2580.0,2595.0,2595.0,0.0,0.0,2602.66,1764.0,2600.0,4591100.0,56,-5.0,65.0,-0.19,2.52,-0.3,"3,400.00",391.70,0.00,0.00
2026-04-07,320,SWBBL,25.33,740.0,740.0,726.3,727.2,727.2,0.0,0.0,731.18,7623.0,730.0,5573797.1,72,-2.8,13.7,-0.38,1.89,-0.55,"1,046.50",711.00,773.25,807.92
2026-04-07,321,SWMF,23.18,687.0,688.4,669.0,672.9,672.9,0.0,0.0,674.13,2955.0,678.0,1992046.3,54,-5.1,19.4,-0.75,2.9,-0.18,868.10,641.10,685.79,705.22
2026-04-07,322,SYPNL,26.86,1820.0,1893.0,1810.0,1839.0,1839.0,0.0,0.0,1840.52,127619.0,1820.0,234885300.2,1602,19.0,83.0,1.04,4.59,-0.08,"2,255.90",319.80,0.00,0.00
2026-04-07,323,TAMOR,24.77,451.0,455.0,441.0,442.0,442.0,0.0,0.0,443.65,87866.0,446.3,38981484.3,261,-4.3,14.0,-0.96,3.17,-0.37,576.00,396.40,457.18,477.78
2026-04-07,324,TPC,23.26,391.0,392.0,378.0,382.0,382.0,0.0,0.0,383.58,51370.0,386.9,19704486.8,228,-4.9,14.0,-1.27,3.7,-0.41,616.00,270.10,360.87,367.97
2026-04-07,325,TRH,28.01,770.0,770.2,746.1,758.0,758.0,0.0,0.0,752.25,4884.0,755.1,3673972.6,34,2.9,24.1,0.38,3.23,0.76,"1,086.30",681.10,750.85,819.43
2026-04-07,326,TSHL,26.47,691.4,714.0,680.0,702.0,702.0,0.0,0.0,695.44,3840.0,678.0,2670500.6,62,24.0,34.0,3.54,5.0,0.93,989.00,616.80,742.44,751.29
2026-04-07,327,TTL,26.2,851.7,851.7,822.0,828.0,828.0,0.0,0.0,836.48,31875.0,835.0,26662832.3,464,-7.0,29.7,-0.84,3.61,-1.02,"1,262.80",366.10,826.90,0.00
2026-04-07,328,TVCL,40.96,560.0,608.0,560.0,608.0,608.0,0.0,0.0,590.7,30125.0,559.7,17794884.2,160,48.3,48.0,8.63,8.57,2.85,689.00,377.60,486.17,487.47
2026-04-07,329,UAIL,24.3,465.0,470.0,455.0,458.9,458.9,0.0,0.0,458.08,15236.0,462.9,6979379.5,123,-4.0,15.0,-0.86,3.3,0.18,659.00,422.10,462.48,496.96
2026-04-07,330,UHEWA,22.94,585.0,585.0,575.0,579.0,579.0,0.0,0.0,578.42,16971.0,575.0,9816375.9,138,4.0,10.0,0.7,1.74,0.1,758.00,508.50,578.27,578.99
2026-04-07,331,ULBSL,50.44,3223.3,3223.3,2980.0,3188.0,3188.0,0.0,0.0,3106.82,10908.0,3289.0,33889221.8,132,-101.0,243.3,-3.07,8.16,2.55,"4,325.00","2,928.00","3,497.05","3,494.09"
2026-04-07,332,ULHC,30.82,509.0,515.0,498.9,500.0,500.0,0.0,0.0,504.82,14395.0,519.0,7266945.5,116,-19.0,16.1,-3.66,3.23,-0.96,599.00,411.70,483.28,483.53
2026-04-07,333,UMHL,30.14,618.9,618.9,601.0,605.9,605.9,0.0,0.0,605.58,43793.0,608.0,26520365.0,201,-2.1,17.9,-0.35,2.98,0.05,706.00,435.00,581.64,575.61
2026-04-07,334,UMRH,24.99,537.0,540.0,526.0,526.9,526.9,0.0,0.0,530.31,12583.0,529.5,6672901.4,92,-2.6,14.0,-0.49,2.66,-0.65,675.00,512.00,561.49,577.85
2026-04-07,335,UNHPL,23.37,536.5,536.5,517.4,521.0,521.0,0.0,0.0,520.83,76262.0,526.0,39719274.4,361,-5.0,19.1,-0.95,3.69,0.03,571.00,300.00,497.03,468.76
2026-04-07,336,UNL,32.98,47200.0,47200.0,47000.0,47000.0,47000.0,0.0,0.0,47000.0,21.0,47200.0,987000.0,3,-200.0,200.0,-0.42,0.43,0.0,"50,724.00","45,000.00","47,231.28","47,112.57"
2026-04-07,337,UNLB,29.0,1580.0,1730.0,1576.0,1600.0,1600.0,0.0,0.0,1600.99,1722.0,1598.0,2756909.0,56,2.0,154.0,0.13,9.77,-0.06,"2,480.00","1,540.00","1,923.71","2,014.15"
2026-04-07,338,UPCL,23.62,375.4,391.8,375.4,381.0,381.0,0.0,0.0,382.91,111183.0,383.0,42573369.4,486,-2.0,16.4,-0.52,4.37,-0.5,489.00,291.00,376.86,388.16
2026-04-07,339,UPPER,23.97,217.2,220.0,210.1,211.5,211.5,0.0,0.0,214.86,328607.0,213.0,70605864.3,1460,-1.5,9.9,-0.7,4.71,-1.59,242.60,166.00,187.23,190.94
2026-04-07,340,USHEC,25.2,495.0,507.9,487.3,496.0,496.0,0.0,0.0,500.59,21015.0,503.9,10519892.6,177,-7.9,20.6,-1.57,4.23,-0.93,619.00,410.00,475.93,472.87
2026-04-07,341,USHL,22.56,703.2,710.0,680.1,681.0,681.0,0.0,0.0,694.02,1521.0,689.5,1055612.0,19,-8.5,29.9,-1.23,4.4,-1.91,945.00,588.00,756.36,727.71
2026-04-07,342,USLB,25.6,1380.0,1385.0,1360.0,1360.3,1360.3,0.0,0.0,1366.97,2568.0,1377.0,3510375.6,59,-16.7,25.0,-1.21,1.84,-0.49,"2,750.00","1,322.00","1,623.09","1,776.37"
2026-04-07,343,VLBS,27.0,751.0,775.0,751.0,762.1,762.1,0.0,0.0,760.58,9798.0,750.0,7452148.2,275,12.1,24.0,1.61,3.2,0.2,"1,008.00",721.30,777.78,802.87
2026-04-07,344,VLUCL,29.23,517.0,539.0,514.1,524.0,524.0,0.0,0.0,521.62,9320.0,520.0,4861489.5,124,4.0,24.9,0.77,4.84,0.45,683.00,508.00,569.84,582.08
2026-04-07,345,WNLB,23.93,1516.0,1540.0,1516.0,1520.0,1520.0,0.0,0.0,1524.78,764.0,1515.0,1164929.0,33,5.0,24.0,0.33,1.58,-0.31,"3,562.00","1,242.10","1,777.46","1,893.91"
